WT Dice,TC Dice,ET Dice,ETPro Dice,WT HD95,TC HD95,ET HD95ETPro HD95
flairt1cet1t2
HG_BraTS20_Training_010,0.47551054,0.30975917,0.53998655,0.53998655,0.4417521158854167
HG_BraTS20_Training_012,0.5985882,0.540673,0.50794667,0.50794667,0.549069325129191
HG_BraTS20_Training_020,0.84644866,0.7534734,0.51150125,0.51150125,0.7038077513376871
HG_BraTS20_Training_070,0.66218,0.71735376,0.5397477,0.5397477,0.6397604942321777
HG_BraTS20_Training_089,0.7826186,0.44549662,0.72342485,0.72342485,0.6505133310953776
HG_BraTS20_Training_119,0.443412,0.41984087,0.32898986,0.32898986,0.39741424719492596
HG_BraTS20_Training_124,0.89146215,0.82931006,0.71983427,0.71983427,0.8135355313618978
HG_BraTS20_Training_128,0.5772202,0.098493,0.16477744,0.16477744,0.2801635464032491
HG_BraTS20_Training_134,0.60386044,0.5208102,0.48356935,0.48356935,0.536080002784729
HG_BraTS20_Training_140,0.86742425,0.8095945,0.691448,0.691448,0.789488951365153
HG_BraTS20_Training_150,0.90427786,0.8310619,0.89181983,0.89181983,0.8757198651631674
HG_BraTS20_Training_180,0.66004837,0.6870587,0.77837855,0.77837855,0.7084952195485433
HG_BraTS20_Training_188,0.7462858,0.52481234,0.5083306,0.5083306,0.5931429068247477
HG_BraTS20_Training_191,0.8977851,0.79855716,0.7529818,0.7529818,0.8164413770039877
HG_BraTS20_Training_201,0.81448585,0.6838351,0.71773857,0.71773857,0.7386864821116129
HG_BraTS20_Training_211,0.8289387,0.8592278,0.74356884,0.74356884,0.8105784257253011
HG_BraTS20_Training_212,0.7813902,0.7075893,0.53685355,0.53685355,0.6752777099609375
HG_BraTS20_Training_226,0.83542055,0.8847384,0.81110877,0.81110877,0.8437558809916178
HG_BraTS20_Training_232,0.82448035,0.53726864,0.45318574,0.45318574,0.6049782435099283
HG_BraTS20_Training_241,0.8497691,0.6232425,0.686105,0.686105,0.7197055816650391
HG_BraTS20_Training_245,0.87046164,0.7965413,0.6631905,0.6631905,0.7767311731974283
HG_BraTS20_Training_246,0.7823645,0.68349063,0.7772669,0.7772669,0.7477073669433594
HG_BraTS20_Training_336,0.891566,0.9156334,0.79008794,0.79008794,0.8657623926798502
HG_BraTS20_Training_338,0.82670814,0.8074248,0.8160901,0.8160901,0.8167409896850586
HG_BraTS20_Training_344,0.7400891,0.53987044,0.42733818,0.42733818,0.5690992673238119
HG_BraTS20_Training_352,0.7144186,0.49327213,0.7140033,0.7140033,0.6405646800994873
LG_BraTS20_Training_262,0.68219024,0.22916086,8.1103e-13,8.1103e-13,0.30378369490305585
LG_BraTS20_Training_275,0.5315435,0.18165042,1.076774e-12,1.076774e-12,0.2377312978108724
LG_BraTS20_Training_278,0.8106073,0.4085138,8.858965e-13,8.858965e-13,0.40637369950612384
LG_BraTS20_Training_283,0.6880744,0.5967348,0.74480164,0.74480164,0.6765369574228922
LG_BraTS20_Training_291,0.90678257,0.6994642,0.0068728523,0.0068728523,0.5377065340677897
LG_BraTS20_Training_292,0.8772125,0.7440642,0.35644382,0.35644382,0.6592401663462321
LG_BraTS20_Training_294,0.8545963,0.62229204,9.656237e-13,9.656237e-13,0.49229613939921063
LG_BraTS20_Training_297,0.6073991,0.37988988,3.3846675e-13,3.3846675e-13,0.32909631729125977
LG_BraTS20_Training_310,0.7247823,0.4847232,2.299908e-13,2.299908e-13,0.403168519337972
LG_BraTS20_Training_324,0.6779028,0.30935228,8.725242e-13,8.725242e-13,0.3290850321451823
t1cet1t2
HG_BraTS20_Training_010,0.39552823,0.27565053,0.42697015,0.42697015,0.3660496473312378
HG_BraTS20_Training_012,0.47315735,0.41557482,0.42340904,0.42340904,0.4373803933461507
HG_BraTS20_Training_020,0.8080463,0.7261447,0.49629256,0.49629256,0.6768278280893961
HG_BraTS20_Training_070,0.5043241,0.63955647,0.47494897,0.47494897,0.5396098693211874
HG_BraTS20_Training_089,0.7307249,0.37137467,0.66309136,0.66309136,0.588396946589152
HG_BraTS20_Training_119,0.314782,0.3193358,0.25282422,0.25282422,0.2956473429997762
HG_BraTS20_Training_124,0.8382038,0.80167407,0.71169543,0.71169543,0.7838577429453532
HG_BraTS20_Training_128,0.41351056,0.059371863,0.10471157,0.10471157,0.19253132740656534
HG_BraTS20_Training_134,0.5014839,0.50109416,0.4204797,0.4204797,0.4743525981903076
HG_BraTS20_Training_140,0.75873417,0.75794923,0.67111456,0.67111456,0.7292660077412924
HG_BraTS20_Training_150,0.87086993,0.8691632,0.9052952,0.9052952,0.8817760944366455
HG_BraTS20_Training_180,0.6088247,0.6058197,0.72652715,0.72652715,0.6470572153727213
HG_BraTS20_Training_188,0.6754052,0.55492556,0.50922,0.50922,0.5798502365748087
HG_BraTS20_Training_191,0.85343033,0.7397514,0.7367243,0.7367243,0.7766353289286295
HG_BraTS20_Training_201,0.75549823,0.67791307,0.6984682,0.6984682,0.7106265226999918
HG_BraTS20_Training_211,0.7620322,0.85930824,0.73814106,0.73814106,0.7864938577016195
HG_BraTS20_Training_212,0.7239756,0.739625,0.54184,0.54184,0.6684802373250326
HG_BraTS20_Training_226,0.74831414,0.87244993,0.8187508,0.8187508,0.8131716251373291
HG_BraTS20_Training_232,0.6446691,0.44743976,0.40842906,0.40842906,0.5001792907714844
HG_BraTS20_Training_241,0.7970862,0.62441456,0.694947,0.694947,0.705482562383016
HG_BraTS20_Training_245,0.8137856,0.7766781,0.6914419,0.6914419,0.7606352170308431
HG_BraTS20_Training_246,0.66213137,0.63520753,0.74520326,0.74520326,0.6808474063873291
HG_BraTS20_Training_336,0.8495928,0.88590384,0.779404,0.779404,0.8383002281188965
HG_BraTS20_Training_338,0.8113215,0.7762007,0.81219774,0.81219774,0.7999066511789957
HG_BraTS20_Training_344,0.65233827,0.48679465,0.37227765,0.37227765,0.503803531328837
HG_BraTS20_Training_352,0.7112355,0.5350612,0.7239728,0.7239728,0.6567564805348715
LG_BraTS20_Training_262,0.56677604,0.20726751,6.325511e-13,6.325511e-13,0.2580145200093587
LG_BraTS20_Training_275,0.396896,0.1426739,7.218132e-13,7.218132e-13,0.17985663811365762
LG_BraTS20_Training_278,0.7416237,0.3820962,5.4680663e-13,5.4680663e-13,0.3745733102162679
LG_BraTS20_Training_283,0.46401218,0.46608436,0.6364287,0.6364287,0.5221750736236572
LG_BraTS20_Training_291,0.88192743,0.65928966,0.010140118,0.010140118,0.5171190500259399
LG_BraTS20_Training_292,0.7956247,0.66484606,0.28580588,0.28580588,0.5820922056833903
LG_BraTS20_Training_294,0.7211219,0.5060184,7.2812e-13,7.2812e-13,0.4090467691421509
LG_BraTS20_Training_297,0.47067916,0.29230785,2.2072619e-13,2.2072619e-13,0.25432900587717694
LG_BraTS20_Training_310,0.5562233,0.4448491,2.1678807e-13,2.1678807e-13,0.3336908022562663
LG_BraTS20_Training_324,0.5097175,0.22264473,6.7805803e-13,6.7805803e-13,0.24412075678507486
flairt1cet2
HG_BraTS20_Training_010,0.48872578,0.32629815,0.62868017,0.62868017,0.48123470942179364
HG_BraTS20_Training_012,0.62262064,0.56486166,0.539941,0.539941,0.5758078098297119
HG_BraTS20_Training_020,0.8489704,0.76681125,0.5090531,0.5090531,0.7082782586415609
HG_BraTS20_Training_070,0.6611146,0.69114125,0.5623265,0.5623265,0.6381940841674805
HG_BraTS20_Training_089,0.7914394,0.458056,0.7521121,0.7521121,0.6672024726867676
HG_BraTS20_Training_119,0.45991844,0.41654694,0.35370612,0.35370612,0.41005714734395343
HG_BraTS20_Training_124,0.8936206,0.8235978,0.7172079,0.7172079,0.8114754358927408
HG_BraTS20_Training_128,0.61024076,0.10758252,0.19952072,0.19952072,0.3057813247044881
HG_BraTS20_Training_134,0.6756101,0.59619015,0.54318076,0.54318076,0.6049936612447103
HG_BraTS20_Training_140,0.8655669,0.7944885,0.6973606,0.6973606,0.7858053048451742
HG_BraTS20_Training_150,0.91602963,0.82176584,0.8886654,0.8886654,0.8754869302113851
HG_BraTS20_Training_180,0.66798115,0.70399976,0.79155016,0.79155016,0.7211770216623942
HG_BraTS20_Training_188,0.7506609,0.52948624,0.5170305,0.5170305,0.5990591843922933
HG_BraTS20_Training_191,0.8985787,0.8174293,0.7644414,0.7644414,0.8268163998921713
HG_BraTS20_Training_201,0.8234253,0.68524253,0.7296518,0.7296518,0.7461065451304117
HG_BraTS20_Training_211,0.8499273,0.86469394,0.7462367,0.7462367,0.82028595606486
HG_BraTS20_Training_212,0.78424305,0.70741117,0.52839935,0.52839935,0.6733511288960775
HG_BraTS20_Training_226,0.84978044,0.8870154,0.7994946,0.7994946,0.8454302151997884
HG_BraTS20_Training_232,0.8453393,0.57086134,0.46399084,0.46399084,0.626730481783549
HG_BraTS20_Training_241,0.8540428,0.6117434,0.6841573,0.6841573,0.7166478633880615
HG_BraTS20_Training_245,0.8621503,0.7958576,0.64392394,0.64392394,0.767310619354248
HG_BraTS20_Training_246,0.77843136,0.66987437,0.76653624,0.76653624,0.7382806142171224
HG_BraTS20_Training_336,0.88562095,0.89625657,0.7879202,0.7879202,0.8565992514292399
HG_BraTS20_Training_338,0.8663776,0.8570184,0.8275537,0.8275537,0.850316603978475
HG_BraTS20_Training_344,0.7183744,0.49483865,0.40929565,0.40929565,0.5408362150192261
HG_BraTS20_Training_352,0.71575403,0.4890155,0.74552286,0.74552286,0.6500974496205648
LG_BraTS20_Training_262,0.7067755,0.21879923,9.844457e-13,9.844457e-13,0.3085249066352844
LG_BraTS20_Training_275,0.5377255,0.14656979,1.4945449e-12,1.4945449e-12,0.2280984322230021
LG_BraTS20_Training_278,0.80069864,0.3999329,1.0995053e-12,1.0995053e-12,0.40021049976348877
LG_BraTS20_Training_283,0.73081446,0.64863515,0.784413,0.784413,0.7212875684102377
LG_BraTS20_Training_291,0.9099758,0.71033937,0.0069985683,0.0069985683,0.5424379110336304
LG_BraTS20_Training_292,0.88867027,0.7369595,0.39853102,0.39853102,0.674720287322998
LG_BraTS20_Training_294,0.86326766,0.6245883,1.3772207e-12,1.3772207e-12,0.49595197041829425
LG_BraTS20_Training_297,0.5948635,0.3642551,3.4399724e-13,3.4399724e-13,0.3197062015533447
LG_BraTS20_Training_310,0.7563973,0.51469153,2.6923697e-13,2.6923697e-13,0.42369627952575684
LG_BraTS20_Training_324,0.66399604,0.30499634,7.6034063e-13,7.6034063e-13,0.32299745082855225
flairt1t2
HG_BraTS20_Training_010,0.46461996,0.18161699,0.042629026,0.042629026,0.22962198654810587
HG_BraTS20_Training_012,0.6027386,0.36316603,0.1505629,0.1505629,0.3721558650334676
HG_BraTS20_Training_020,0.8457214,0.70746785,0.3435567,0.3435567,0.6322486400604248
HG_BraTS20_Training_070,0.6627718,0.49696806,0.14338851,0.14338851,0.4343761205673218
HG_BraTS20_Training_089,0.75972027,0.29754707,0.23224662,0.23224662,0.42983798185984295
HG_BraTS20_Training_119,0.4205426,0.33760187,0.080573894,0.080573894,0.2795728047688802
HG_BraTS20_Training_124,0.88903785,0.7474929,0.43149495,0.43149495,0.6893418629964193
HG_BraTS20_Training_128,0.5726109,0.045046046,0.056818184,0.056818184,0.2248250444730123
HG_BraTS20_Training_134,0.64113873,0.50301105,0.29274526,0.29274526,0.4789650042851766
HG_BraTS20_Training_140,0.8536162,0.7415669,0.3203176,0.3203176,0.6385002533594767
HG_BraTS20_Training_150,0.8815862,0.65296984,0.43188277,0.43188277,0.6554795900980631
HG_BraTS20_Training_180,0.660589,0.5042207,0.41926107,0.41926107,0.5280236005783081
HG_BraTS20_Training_188,0.747525,0.4830726,0.34041852,0.34041852,0.5236720244089762
HG_BraTS20_Training_191,0.9153436,0.6348896,0.3333054,0.3333054,0.6278461615244547
HG_BraTS20_Training_201,0.84575564,0.6427466,0.5444676,0.5444676,0.6776566505432129
HG_BraTS20_Training_211,0.8128711,0.7947116,0.5048871,0.5048871,0.7041565577189127
HG_BraTS20_Training_212,0.7293411,0.5753815,0.23234345,0.23234345,0.5123553276062012
HG_BraTS20_Training_226,0.8467147,0.75842524,0.31567714,0.31567714,0.6402723789215088
HG_BraTS20_Training_232,0.84594375,0.39238375,0.25264874,0.25264874,0.4969920714696248
HG_BraTS20_Training_241,0.8454983,0.4570266,0.38848534,0.38848534,0.5636700789133707
HG_BraTS20_Training_245,0.88336843,0.76737255,0.52908355,0.52908355,0.7266081968943278
HG_BraTS20_Training_246,0.7531486,0.600134,0.42797124,0.42797124,0.5937513113021851
HG_BraTS20_Training_336,0.8843345,0.82466775,0.55037,0.55037,0.7531240781148275
HG_BraTS20_Training_338,0.8202322,0.68391687,0.47117433,0.47117433,0.6584411462148031
HG_BraTS20_Training_344,0.7295974,0.49137175,0.31713313,0.31713313,0.5127007961273193
HG_BraTS20_Training_352,0.68808466,0.3909195,0.506128,0.506128,0.528377374013265
LG_BraTS20_Training_262,0.6680621,0.23097207,5.0284104e-13,5.0284104e-13,0.2996780474980672
LG_BraTS20_Training_275,0.48051417,0.080156304,1.2359411e-12,1.2359411e-12,0.18689016501108804
LG_BraTS20_Training_278,0.80522704,0.5849713,5.3370334e-13,5.3370334e-13,0.4633994499842326
LG_BraTS20_Training_283,0.6558597,0.3895358,0.4502356,0.4502356,0.4985436995824178
LG_BraTS20_Training_291,0.9135477,0.69488555,0.0062663187,0.0062663187,0.538233200709025
LG_BraTS20_Training_292,0.8740634,0.7557586,0.22071792,0.22071792,0.6168466409047445
LG_BraTS20_Training_294,0.84230787,0.6713826,6.5291197e-13,6.5291197e-13,0.5045634905497233
LG_BraTS20_Training_297,0.64655286,0.49378812,6.687174e-13,6.687174e-13,0.38011368115743
LG_BraTS20_Training_310,0.74481285,0.5971422,2.8033977e-13,2.8033977e-13,0.4473183552424113
LG_BraTS20_Training_324,0.6318415,0.35518727,3.597899e-13,3.597899e-13,0.32900957266489667
flairt1cet1
HG_BraTS20_Training_010,0.5998282,0.56794095,0.61312854,0.61312854,0.5936325788497925
HG_BraTS20_Training_012,0.6273277,0.60384524,0.51995814,0.51995814,0.5837103525797526
HG_BraTS20_Training_020,0.83890533,0.736875,0.5257518,0.5257518,0.7005107402801514
HG_BraTS20_Training_070,0.7811593,0.7497459,0.5361552,0.5361552,0.6890201568603516
HG_BraTS20_Training_089,0.8202923,0.5441713,0.79098475,0.79098475,0.7184828122456869
HG_BraTS20_Training_119,0.57314014,0.6369659,0.4893329,0.4893329,0.5664796431859335
HG_BraTS20_Training_124,0.8875181,0.8138632,0.6757433,0.6757433,0.792374849319458
HG_BraTS20_Training_128,0.6646995,0.1452809,0.18452792,0.18452792,0.3315027753512065
HG_BraTS20_Training_134,0.7329943,0.6293798,0.57403314,0.57403314,0.645469069480896
HG_BraTS20_Training_140,0.88610166,0.8395936,0.69029695,0.69029695,0.805330753326416
HG_BraTS20_Training_150,0.7995315,0.79807764,0.829517,0.829517,0.8090420564015707
HG_BraTS20_Training_180,0.71776927,0.75262284,0.81576294,0.81576294,0.7620516618092855
HG_BraTS20_Training_188,0.7440122,0.5647624,0.5402259,0.5402259,0.6163334846496582
HG_BraTS20_Training_191,0.86416686,0.79388654,0.78402054,0.78402054,0.8140246073404948
HG_BraTS20_Training_201,0.84064835,0.7855823,0.78982013,0.78982013,0.8053503036499023
HG_BraTS20_Training_211,0.8297087,0.8529506,0.7465673,0.7465673,0.8097422122955322
HG_BraTS20_Training_212,0.5960111,0.448036,0.4879528,0.4879528,0.5106666485468546
HG_BraTS20_Training_226,0.7819121,0.774784,0.74627435,0.74627435,0.7676568031311035
HG_BraTS20_Training_232,0.78406507,0.6757034,0.5230565,0.5230565,0.6609416802724203
HG_BraTS20_Training_241,0.8138486,0.6656228,0.68011385,0.68011385,0.7198617458343506
HG_BraTS20_Training_245,0.798918,0.73743737,0.7106932,0.7106932,0.7490162054697672
HG_BraTS20_Training_246,0.8255925,0.64858395,0.77501357,0.77501357,0.7497299512227377
HG_BraTS20_Training_336,0.84407187,0.87294275,0.75551546,0.75551546,0.8241766293843588
HG_BraTS20_Training_338,0.8271314,0.84370714,0.80489856,0.80489856,0.8252456982930502
HG_BraTS20_Training_344,0.8295844,0.6719809,0.53725624,0.53725624,0.6796072324117025
HG_BraTS20_Training_352,0.63555,0.4855342,0.59874046,0.59874046,0.5732748905817667
LG_BraTS20_Training_262,0.7736097,0.27231455,1.1966016e-12,1.1966016e-12,0.34864139556884766
LG_BraTS20_Training_275,0.67307097,0.15825509,1.2417733e-12,1.2417733e-12,0.27710868914922077
LG_BraTS20_Training_278,0.77623945,0.14816459,1.2769761e-12,1.2769761e-12,0.30813467502593994
LG_BraTS20_Training_283,0.8503147,0.66253644,0.72902894,0.72902894,0.7472933133443197
LG_BraTS20_Training_291,0.8424486,0.6257753,0.0035569926,0.0035569926,0.4905935923258464
LG_BraTS20_Training_292,0.7598489,0.6369287,0.33285207,0.33285207,0.5765432516733805
LG_BraTS20_Training_294,0.75494313,0.51577777,9.47508e-13,9.47508e-13,0.42357365290323895
LG_BraTS20_Training_297,0.55519456,0.4169555,1.017501e-12,1.017501e-12,0.3240500291188558
LG_BraTS20_Training_310,0.7179061,0.39414898,3.0879447e-13,3.0879447e-13,0.37068502108256024
LG_BraTS20_Training_324,0.8195133,0.27917346,1.397624e-12,1.397624e-12,0.36622893810272217
flairt1ce
HG_BraTS20_Training_010,0.60991216,0.6991957,0.73019195,0.73019195,0.679766575495402
HG_BraTS20_Training_012,0.6514262,0.64968497,0.57737434,0.57737434,0.6261618534723917
HG_BraTS20_Training_020,0.8316326,0.7239124,0.52346,0.52346,0.6930016676584879
HG_BraTS20_Training_070,0.7790983,0.66174155,0.5292288,0.5292288,0.6566895246505737
HG_BraTS20_Training_089,0.8015524,0.61000454,0.8816339,0.8816339,0.7643969853719076
HG_BraTS20_Training_119,0.60601944,0.6615153,0.5494851,0.5494851,0.6056732734044393
HG_BraTS20_Training_124,0.8863967,0.8054921,0.6606791,0.6606791,0.7841893037160238
HG_BraTS20_Training_128,0.71035683,0.14517507,0.19591449,0.19591449,0.35048214594523114
HG_BraTS20_Training_134,0.72494334,0.58243054,0.58098406,0.58098406,0.629452625910441
HG_BraTS20_Training_140,0.8776124,0.8290259,0.70495754,0.70495754,0.8038652737935384
HG_BraTS20_Training_150,0.702386,0.77732295,0.8040663,0.8040663,0.7612584431966146
HG_BraTS20_Training_180,0.7363027,0.7827276,0.81795645,0.81795645,0.7789955933888754
HG_BraTS20_Training_188,0.6823785,0.6436709,0.621558,0.621558,0.6492024262746176
HG_BraTS20_Training_191,0.853181,0.77930343,0.75696987,0.75696987,0.7964847882588705
HG_BraTS20_Training_201,0.85349685,0.8310365,0.7886416,0.7886416,0.8243916829427084
HG_BraTS20_Training_211,0.8061568,0.85303193,0.73849654,0.73849654,0.7992284297943115
HG_BraTS20_Training_212,0.43474543,0.2355515,0.331492,0.331492,0.3339296181996663
HG_BraTS20_Training_226,0.84442127,0.81889254,0.8092631,0.8092631,0.8241923650105795
HG_BraTS20_Training_232,0.7637585,0.71683127,0.6023191,0.6023191,0.6943029562632242
HG_BraTS20_Training_241,0.7938994,0.6022547,0.6237606,0.6237606,0.6733048756917318
HG_BraTS20_Training_245,0.7503235,0.65093195,0.65016675,0.65016675,0.683807373046875
HG_BraTS20_Training_246,0.7783617,0.59711665,0.7350242,0.7350242,0.7035008271535238
HG_BraTS20_Training_336,0.7943077,0.7960284,0.7129466,0.7129466,0.7677609125773112
HG_BraTS20_Training_338,0.83338857,0.8584774,0.7980014,0.7980014,0.8299557367960612
HG_BraTS20_Training_344,0.8078548,0.6472375,0.598884,0.598884,0.6846586863199869
HG_BraTS20_Training_352,0.6033362,0.514316,0.65253687,0.65253687,0.5900630156199137
LG_BraTS20_Training_262,0.8086236,0.21008576,2.3142792e-12,2.3142792e-12,0.3395698070526123
LG_BraTS20_Training_275,0.6606896,0.061331652,3.0543677e-12,3.0543677e-12,0.24067374070485434
LG_BraTS20_Training_278,0.73006207,0.060791258,2.2396416e-12,2.2396416e-12,0.26361777385075885
LG_BraTS20_Training_283,0.87776595,0.757189,0.8141045,0.8141045,0.8163531621297201
LG_BraTS20_Training_291,0.82080024,0.54431677,0.007544582,0.007544582,0.4575539032618205
LG_BraTS20_Training_292,0.7295169,0.52833545,0.36171383,0.36171383,0.5398554007212321
LG_BraTS20_Training_294,0.67107064,0.3602043,1.3144058e-12,1.3144058e-12,0.3437583049138387
LG_BraTS20_Training_297,0.40574473,0.2823672,9.343175e-13,9.343175e-13,0.22937063376108804
LG_BraTS20_Training_310,0.699217,0.35636267,3.6071133e-13,3.6071133e-13,0.35185988744099933
LG_BraTS20_Training_324,0.8013821,0.2529317,1.6307893e-12,1.6307893e-12,0.3514379660288493
flairt2
HG_BraTS20_Training_010,0.45788327,0.14369693,0.050176308,0.050176308,0.21725217501322427
HG_BraTS20_Training_012,0.5965192,0.34345838,0.1471605,0.1471605,0.36237935225168866
HG_BraTS20_Training_020,0.8501848,0.71275663,0.3496259,0.3496259,0.6375224590301514
HG_BraTS20_Training_070,0.64130473,0.399952,0.089156024,0.089156024,0.3768042325973511
HG_BraTS20_Training_089,0.75918823,0.30859324,0.22742683,0.22742683,0.4317360719045003
HG_BraTS20_Training_119,0.4157454,0.31393299,0.086621866,0.086621866,0.2721000909805298
HG_BraTS20_Training_124,0.8887596,0.765337,0.4318466,0.4318466,0.6953144073486328
HG_BraTS20_Training_128,0.5636325,0.036412004,0.048308514,0.048308514,0.2161176602045695
HG_BraTS20_Training_134,0.70503515,0.5987966,0.31387532,0.31387532,0.5392357110977173
HG_BraTS20_Training_140,0.8470029,0.7425446,0.33359513,0.33359513,0.6410475571950277
HG_BraTS20_Training_150,0.88989323,0.6746807,0.31704104,0.31704104,0.6272050142288208
HG_BraTS20_Training_180,0.66596186,0.53975725,0.4500503,0.4500503,0.5519231160481771
HG_BraTS20_Training_188,0.7526757,0.51939523,0.24558334,0.24558334,0.5058847268422445
HG_BraTS20_Training_191,0.9172549,0.63926643,0.3012295,0.3012295,0.6192502975463867
HG_BraTS20_Training_201,0.8498028,0.6657185,0.4624047,0.4624047,0.659308671951294
HG_BraTS20_Training_211,0.82934815,0.7955778,0.43712285,0.43712285,0.6873496373494467
HG_BraTS20_Training_212,0.7545878,0.57166135,0.26442116,0.26442116,0.5302234490712484
HG_BraTS20_Training_226,0.85230184,0.7719842,0.30711335,0.30711335,0.6437997817993164
HG_BraTS20_Training_232,0.8570119,0.42838192,0.25929853,0.25929853,0.5148974657058716
HG_BraTS20_Training_241,0.8489411,0.4305522,0.35039327,0.35039327,0.5432955423990885
HG_BraTS20_Training_245,0.8807681,0.7733949,0.5118037,0.5118037,0.7219889163970947
HG_BraTS20_Training_246,0.7470399,0.56738985,0.4043134,0.4043134,0.5729143619537354
HG_BraTS20_Training_336,0.86815864,0.79210335,0.51830584,0.51830584,0.7261892954508463
HG_BraTS20_Training_338,0.85397947,0.73591894,0.46652806,0.46652806,0.6854755083719889
HG_BraTS20_Training_344,0.71752155,0.51539606,0.27443212,0.27443212,0.5024499098459879
HG_BraTS20_Training_352,0.68427813,0.3807415,0.4421852,0.4421852,0.50240159034729
LG_BraTS20_Training_262,0.67709726,0.22279568,5.764021e-13,5.764021e-13,0.2999643087387085
LG_BraTS20_Training_275,0.4801155,0.06863059,3.434066e-12,3.434066e-12,0.18291536966959634
LG_BraTS20_Training_278,0.80081123,0.53653646,6.7417247e-13,6.7417247e-13,0.4457825819651286
LG_BraTS20_Training_283,0.6680642,0.42238075,0.3566486,0.3566486,0.4823644955952962
LG_BraTS20_Training_291,0.91669524,0.6965537,0.0071660755,0.0071660755,0.540138324101766
LG_BraTS20_Training_292,0.87896496,0.67980176,0.199923,0.199923,0.5862299203872681
LG_BraTS20_Training_294,0.83459055,0.6481816,8.037293e-13,8.037293e-13,0.4942573706309001
LG_BraTS20_Training_297,0.6296112,0.456283,1.2321341e-12,1.2321341e-12,0.36196474234263104
LG_BraTS20_Training_310,0.77664274,0.5900146,3.5914379e-13,3.5914379e-13,0.4555524190266927
LG_BraTS20_Training_324,0.6123166,0.29126778,3.8919592e-13,3.8919592e-13,0.30119478702545166
t1t2
HG_BraTS20_Training_010,0.40210268,0.18610522,0.04206389,0.04206389,0.2100905974706014
HG_BraTS20_Training_012,0.48069742,0.3193765,0.14447454,0.14447454,0.31484949588775635
HG_BraTS20_Training_020,0.8198228,0.6722484,0.3232371,0.3232371,0.6051027377446493
HG_BraTS20_Training_070,0.53334177,0.37674755,0.07705811,0.07705811,0.3290491501490275
HG_BraTS20_Training_089,0.7257881,0.26145345,0.23470092,0.23470092,0.40731414159138996
HG_BraTS20_Training_119,0.31598648,0.24615982,0.047944177,0.047944177,0.20336349805196127
HG_BraTS20_Training_124,0.83945954,0.7089148,0.38401842,0.38401842,0.6441309452056885
HG_BraTS20_Training_128,0.45944428,0.052256532,0.06955351,0.06955351,0.19375143448511759
HG_BraTS20_Training_134,0.50926024,0.4544403,0.23279157,0.23279157,0.39883069197336835
HG_BraTS20_Training_140,0.7395499,0.6672839,0.243806,0.243806,0.5502132574717203
HG_BraTS20_Training_150,0.8569885,0.63722754,0.50573826,0.50573826,0.6666514078776041
HG_BraTS20_Training_180,0.6217856,0.37473533,0.30148602,0.30148602,0.4326689640680949
HG_BraTS20_Training_188,0.6815485,0.60249174,0.4804435,0.4804435,0.5881612300872803
HG_BraTS20_Training_191,0.90290713,0.54178876,0.29758936,0.29758936,0.5807617505391439
HG_BraTS20_Training_201,0.7825856,0.6614453,0.5732702,0.5732702,0.6724336942036947
HG_BraTS20_Training_211,0.7423971,0.7950497,0.5418694,0.5418694,0.6931053797403971
HG_BraTS20_Training_212,0.70903224,0.6398564,0.26723635,0.26723635,0.5387083292007446
HG_BraTS20_Training_226,0.7528352,0.70854104,0.2719441,0.2719441,0.5777734120686849
HG_BraTS20_Training_232,0.68538535,0.30590123,0.21073486,0.21073486,0.4006738265355428
HG_BraTS20_Training_241,0.80021614,0.42988542,0.35832623,0.35832623,0.5294759273529053
HG_BraTS20_Training_245,0.8176,0.7639276,0.55034363,0.55034363,0.7106237411499023
HG_BraTS20_Training_246,0.62439066,0.5663517,0.4406077,0.4406077,0.5437833468119303
HG_BraTS20_Training_336,0.8265799,0.77871,0.5147284,0.5147284,0.7066728274027506
HG_BraTS20_Training_338,0.8104436,0.60392106,0.44760665,0.44760665,0.6206570863723755
HG_BraTS20_Training_344,0.6393776,0.42316252,0.22311704,0.22311704,0.4285523494084676
HG_BraTS20_Training_352,0.67544115,0.4145343,0.56355864,0.56355864,0.5511780579884847
LG_BraTS20_Training_262,0.532903,0.19064093,3.7664782e-13,3.7664782e-13,0.24118131399154663
LG_BraTS20_Training_275,0.37823498,0.088499814,4.3702474e-13,4.3702474e-13,0.1555782655874888
LG_BraTS20_Training_278,0.73986435,0.5440234,4.1997395e-13,4.1997395e-13,0.42796258131663006
LG_BraTS20_Training_283,0.4414815,0.2540554,0.31348428,0.31348428,0.33634038766225177
LG_BraTS20_Training_291,0.9013674,0.6828442,0.006272996,0.006272996,0.5301615397135416
LG_BraTS20_Training_292,0.7770198,0.6542547,0.15541247,0.15541247,0.5288956165313721
LG_BraTS20_Training_294,0.7194428,0.5963914,8.192692e-13,8.192692e-13,0.43861138820648193
LG_BraTS20_Training_297,0.5120591,0.41147247,3.66663e-13,3.66663e-13,0.3078438440958659
LG_BraTS20_Training_310,0.5687851,0.53840977,2.6607774e-13,2.6607774e-13,0.3690649668375651
LG_BraTS20_Training_324,0.5214361,0.26238063,4.063389e-13,4.063389e-13,0.26127223173777264
flairt1
HG_BraTS20_Training_010,0.596868,0.3911007,0.12960488,0.12960488,0.3725244998931885
HG_BraTS20_Training_012,0.64463365,0.5092694,0.26550218,0.26550218,0.4731350739796956
HG_BraTS20_Training_020,0.8320425,0.6538159,0.25338215,0.25338215,0.5797468821207682
HG_BraTS20_Training_070,0.7918961,0.55735546,0.2298495,0.2298495,0.5263669888178507
HG_BraTS20_Training_089,0.82370347,0.27369568,0.27202985,0.27202985,0.4564763307571411
HG_BraTS20_Training_119,0.59388727,0.6582456,0.20460007,0.20460007,0.48557766278584796
HG_BraTS20_Training_124,0.88664585,0.6718633,0.35072336,0.35072336,0.6364108324050903
HG_BraTS20_Training_128,0.7022481,0.056922954,0.061060037,0.061060037,0.2734103600184123
HG_BraTS20_Training_134,0.7801969,0.569751,0.2026527,0.2026527,0.517533540725708
HG_BraTS20_Training_140,0.90238076,0.811668,0.40119398,0.40119398,0.7050809065500895
HG_BraTS20_Training_150,0.5697536,0.06557331,0.024131257,0.024131257,0.21981938680013022
HG_BraTS20_Training_180,0.71086234,0.55635464,0.4831456,0.4831456,0.5834541718165079
HG_BraTS20_Training_188,0.734137,0.4156415,0.2325161,0.2325161,0.4607648452123006
HG_BraTS20_Training_191,0.8844433,0.5598192,0.42460117,0.42460117,0.6229545672734579
HG_BraTS20_Training_201,0.8487226,0.5598402,0.43726015,0.43726015,0.6152743101119995
HG_BraTS20_Training_211,0.7319794,0.619754,0.27305904,0.27305904,0.5415974855422974
HG_BraTS20_Training_212,0.5228685,0.17884688,0.05303779,0.05303779,0.2515843907992045
HG_BraTS20_Training_226,0.8156359,0.62041914,0.37520924,0.37520924,0.6037547588348389
HG_BraTS20_Training_232,0.77869546,0.47924036,0.36651218,0.36651218,0.5414826472600301
HG_BraTS20_Training_241,0.8016035,0.1934818,0.15197508,0.15197508,0.3823534647623698
HG_BraTS20_Training_245,0.8001152,0.61448413,0.38889685,0.38889685,0.6011654138565063
HG_BraTS20_Training_246,0.81669426,0.51259923,0.27798858,0.27798858,0.5357606808344523
HG_BraTS20_Training_336,0.8217562,0.77726644,0.52889484,0.52889484,0.7093058427174886
HG_BraTS20_Training_338,0.7516976,0.57871765,0.38879472,0.38879472,0.5730699698130289
HG_BraTS20_Training_344,0.83786553,0.64230996,0.4551321,0.4551321,0.6451025406519572
HG_BraTS20_Training_352,0.6083109,0.19973509,0.22242802,0.22242802,0.3434913158416748
LG_BraTS20_Training_262,0.7972426,0.25723082,6.4561946e-13,6.4561946e-13,0.35149113337198895
LG_BraTS20_Training_275,0.67937005,0.15171783,1.9290123e-12,1.9290123e-12,0.27702929576237995
LG_BraTS20_Training_278,0.77622557,0.48843175,6.916108e-13,6.916108e-13,0.4215524196624756
LG_BraTS20_Training_283,0.858585,0.5363067,0.5933978,0.5933978,0.6627631982167562
LG_BraTS20_Training_291,0.842226,0.6684137,4.1800778e-13,4.1800778e-13,0.5035465558369955
LG_BraTS20_Training_292,0.7569227,0.66413736,0.20480186,0.20480186,0.541953961054484
LG_BraTS20_Training_294,0.78417784,0.5848952,6.9827526e-13,6.9827526e-13,0.4563576777776082
LG_BraTS20_Training_297,0.591185,0.52007574,4.048583e-12,4.048583e-12,0.3704202175140381
LG_BraTS20_Training_310,0.77034104,0.5483845,3.3333332e-13,3.3333332e-13,0.4395751953125
LG_BraTS20_Training_324,0.81883216,0.40911183,7.346459e-13,7.346459e-13,0.40931467215220135
t1cet1
HG_BraTS20_Training_010,0.44054714,0.6046795,0.63923794,0.63923794,0.5614882310231527
HG_BraTS20_Training_012,0.50290996,0.5084693,0.47068295,0.47068295,0.4940207401911418
HG_BraTS20_Training_020,0.7145533,0.6461909,0.49521887,0.49521887,0.6186543703079224
HG_BraTS20_Training_070,0.6242685,0.72834665,0.49359384,0.49359384,0.6154029766718546
HG_BraTS20_Training_089,0.7058614,0.5009277,0.7851875,0.7851875,0.663992166519165
HG_BraTS20_Training_119,0.43375668,0.5891313,0.46822667,0.46822667,0.49703820546468097
HG_BraTS20_Training_124,0.77151704,0.74401236,0.6359526,0.6359526,0.717160701751709
HG_BraTS20_Training_128,0.10789126,0.021159356,0.037545882,0.037545882,0.05553216735521952
HG_BraTS20_Training_134,0.4049791,0.45011392,0.39763758,0.39763758,0.4175768693288167
HG_BraTS20_Training_140,0.8451975,0.83177364,0.70010924,0.70010924,0.7923601468404134
HG_BraTS20_Training_150,0.7821833,0.8729274,0.89190185,0.89190185,0.8490041891733805
HG_BraTS20_Training_180,0.60066795,0.60834324,0.7116329,0.7116329,0.6402146816253662
HG_BraTS20_Training_188,0.47782314,0.62012064,0.5502853,0.5502853,0.5494097073872884
HG_BraTS20_Training_191,0.6742972,0.6699123,0.68336606,0.68336606,0.6758584976196289
HG_BraTS20_Training_201,0.64552116,0.7125105,0.7257407,0.7257407,0.6945908069610596
HG_BraTS20_Training_211,0.7250375,0.8576149,0.7416552,0.7416552,0.774769147237142
HG_BraTS20_Training_212,0.5148396,0.5644989,0.53365046,0.53365046,0.5376629829406738
HG_BraTS20_Training_226,0.76162386,0.86878943,0.83977616,0.83977616,0.8233965237935384
HG_BraTS20_Training_232,0.57199144,0.5659298,0.5309166,0.5309166,0.5562792619069418
HG_BraTS20_Training_241,0.5395552,0.6278917,0.66714543,0.66714543,0.6115307807922363
HG_BraTS20_Training_245,0.7206312,0.7202289,0.71515745,0.71515745,0.718672513961792
HG_BraTS20_Training_246,0.75236696,0.6131552,0.7671319,0.7671319,0.7108847300211588
HG_BraTS20_Training_336,0.7449599,0.8242648,0.69801617,0.69801617,0.7557470003763834
HG_BraTS20_Training_338,0.7435695,0.78562456,0.81290555,0.81290555,0.780699888865153
HG_BraTS20_Training_344,0.7571424,0.6330932,0.4990321,0.4990321,0.6297559340794882
HG_BraTS20_Training_352,0.6600071,0.5993317,0.694044,0.694044,0.6511276165644327
LG_BraTS20_Training_262,0.47555345,0.19640598,9.851246e-13,9.851246e-13,0.22398646672566733
LG_BraTS20_Training_275,0.13390389,0.022579119,8.73515e-13,8.73515e-13,0.052161003152529396
LG_BraTS20_Training_278,0.28144786,0.0027319295,1.1232169e-12,1.1232169e-12,0.09472659230232239
LG_BraTS20_Training_283,0.37434527,0.5241166,0.58919096,0.58919096,0.4958842595418294
LG_BraTS20_Training_291,0.6162289,0.5708318,0.0073586367,0.0073586367,0.398139754931132
LG_BraTS20_Training_292,0.785473,0.6807923,0.27456564,0.27456564,0.5802769660949707
LG_BraTS20_Training_294,0.637329,0.38064668,5.952381e-13,5.952381e-13,0.33932522932688397
LG_BraTS20_Training_297,0.2446505,0.3035547,5.5435447e-13,5.5435447e-13,0.1827350656191508
LG_BraTS20_Training_310,0.51108277,0.33435452,3.7228695e-13,3.7228695e-13,0.2818124294281006
LG_BraTS20_Training_324,0.42172784,0.060636885,2.0487605e-12,2.0487605e-12,0.16078823804855347
t1cet2
HG_BraTS20_Training_010,0.42179808,0.32016566,0.5177733,0.5177733,0.41991233825683594
HG_BraTS20_Training_012,0.48033652,0.44512537,0.46419087,0.46419087,0.4632175763448079
HG_BraTS20_Training_020,0.8207226,0.7419601,0.5014383,0.5014383,0.6880403359731039
HG_BraTS20_Training_070,0.5172715,0.6629992,0.51154435,0.51154435,0.5639383395512899
HG_BraTS20_Training_089,0.7371386,0.36603817,0.70649415,0.70649415,0.6032236417134603
HG_BraTS20_Training_119,0.3322581,0.35264722,0.2883937,0.2883937,0.3244330088297526
HG_BraTS20_Training_124,0.8490268,0.7862254,0.7252365,0.7252365,0.7868295510609945
HG_BraTS20_Training_128,0.44837168,0.071031235,0.12552482,0.12552482,0.21497591336568198
HG_BraTS20_Training_134,0.5252241,0.48909593,0.44755438,0.44755438,0.48729145526885986
HG_BraTS20_Training_140,0.75830406,0.74984705,0.68003243,0.68003243,0.7293945153554281
HG_BraTS20_Training_150,0.8790939,0.8672819,0.90261036,0.90261036,0.8829953670501709
HG_BraTS20_Training_180,0.5991948,0.60335755,0.7249858,0.7249858,0.6425127188364664
HG_BraTS20_Training_188,0.66593343,0.56758094,0.52321273,0.52321273,0.5855756600697836
HG_BraTS20_Training_191,0.85713565,0.76763886,0.7623398,0.7623398,0.7957047621409098
HG_BraTS20_Training_201,0.7655784,0.6565365,0.68626904,0.68626904,0.702794631322225
HG_BraTS20_Training_211,0.80353683,0.85669744,0.74199855,0.74199855,0.8007442156473795
HG_BraTS20_Training_212,0.72437006,0.7470405,0.54863876,0.54863876,0.6733497778574625
HG_BraTS20_Training_226,0.7611114,0.87508875,0.8094876,0.8094876,0.8152292569478353
HG_BraTS20_Training_232,0.6686877,0.46974978,0.43223387,0.43223387,0.5235571066538492
HG_BraTS20_Training_241,0.8040084,0.610554,0.69074696,0.69074696,0.7017698287963867
HG_BraTS20_Training_245,0.8062755,0.7458128,0.6738476,0.6738476,0.741978645324707
HG_BraTS20_Training_246,0.6403313,0.6021147,0.7289042,0.7289042,0.6571167310078939
HG_BraTS20_Training_336,0.83330023,0.8642628,0.7795324,0.7795324,0.825698455174764
HG_BraTS20_Training_338,0.84247553,0.79015994,0.8309291,0.8309291,0.82118821144104
HG_BraTS20_Training_344,0.61538666,0.38188863,0.31301904,0.31301904,0.43676479657491046
HG_BraTS20_Training_352,0.7267062,0.5325383,0.75709754,0.75709754,0.6721139748891195
LG_BraTS20_Training_262,0.597184,0.1788611,5.965875e-13,5.965875e-13,0.2586816946665446
LG_BraTS20_Training_275,0.4067536,0.13779557,9.340557e-13,9.340557e-13,0.18151638905207315
LG_BraTS20_Training_278,0.732556,0.3473196,5.791059e-13,5.791059e-13,0.3599585294723511
LG_BraTS20_Training_283,0.4846619,0.46269038,0.6633447,0.6633447,0.5368990103403727
LG_BraTS20_Training_291,0.8763705,0.6514077,0.010553574,0.010553574,0.5127772490183512
LG_BraTS20_Training_292,0.82497686,0.6694401,0.29870957,0.29870957,0.5977088610331217
LG_BraTS20_Training_294,0.74266243,0.50948584,9.535616e-13,9.535616e-13,0.41738275686899823
LG_BraTS20_Training_297,0.44871232,0.2520828,2.0598594e-13,2.0598594e-13,0.2335983713467916
LG_BraTS20_Training_310,0.5643101,0.424739,1.9274136e-13,1.9274136e-13,0.32968302567799884
LG_BraTS20_Training_324,0.50174475,0.22298957,6.221614e-13,6.221614e-13,0.2415781021118164
flair
HG_BraTS20_Training_010,0.61104643,0.26541528,0.24790771,0.24790771,0.374789834022522
HG_BraTS20_Training_012,0.6576381,0.46137303,0.27500454,0.27500454,0.46467188994089764
HG_BraTS20_Training_020,0.8282724,0.6511431,0.25586984,0.25586984,0.5784284273783366
HG_BraTS20_Training_070,0.77468514,0.3908193,0.15256342,0.15256342,0.4393559694290161
HG_BraTS20_Training_089,0.7534701,0.40047497,0.24622223,0.24622223,0.46672244866689044
HG_BraTS20_Training_119,0.64107203,0.6348904,0.39660838,0.39660838,0.5575235684712728
HG_BraTS20_Training_124,0.88352454,0.64430064,0.263665,0.263665,0.5971633593241373
HG_BraTS20_Training_128,0.70906734,0.07384797,0.042194095,0.042194095,0.27503645420074463
HG_BraTS20_Training_134,0.64294887,0.19293126,0.091086596,0.091086596,0.30898892879486084
HG_BraTS20_Training_140,0.89217913,0.7593203,0.31954637,0.31954637,0.6570152839024862
HG_BraTS20_Training_150,0.42024183,0.063256525,0.0018397726,0.0018397726,0.1617793838183085
HG_BraTS20_Training_180,0.73173213,0.67895496,0.45455265,0.45455265,0.6217465798060099
HG_BraTS20_Training_188,0.59552187,0.12962304,0.015719624,0.015719624,0.24695485830307007
HG_BraTS20_Training_191,0.88484716,0.59545803,0.32670352,0.32670352,0.6023362477620443
HG_BraTS20_Training_201,0.86379397,0.6244602,0.31754926,0.31754926,0.6019344727198283
HG_BraTS20_Training_211,0.55199784,0.13063544,0.001216545,0.001216545,0.2279499371846517
HG_BraTS20_Training_212,0.36251968,0.053680602,0.0065276395,0.0065276395,0.14090930422147116
HG_BraTS20_Training_226,0.8014312,0.4733477,0.12439293,0.12439293,0.46639060974121094
HG_BraTS20_Training_232,0.75257105,0.4879351,0.30616942,0.30616942,0.5155585209528605
HG_BraTS20_Training_241,0.7971371,0.12255284,0.04962314,0.04962314,0.32310434182484943
HG_BraTS20_Training_245,0.7418566,0.5869974,0.32873568,0.32873568,0.5525298913319906
HG_BraTS20_Training_246,0.77529985,0.4309359,0.1683349,0.1683349,0.4581902027130127
HG_BraTS20_Training_336,0.6869866,0.4872644,0.20127837,0.20127837,0.45850980281829834
HG_BraTS20_Training_338,0.7134304,0.4914186,0.23263256,0.23263256,0.47916050752003986
HG_BraTS20_Training_344,0.8216455,0.60037154,0.3945086,0.3945086,0.60550856590271
HG_BraTS20_Training_352,0.54139835,0.08501955,0.08998732,0.08998732,0.23880173762639365
LG_BraTS20_Training_262,0.809154,0.17141779,1.3827433e-12,1.3827433e-12,0.3268572489420573
LG_BraTS20_Training_275,0.6897724,0.07296993,3.236246e-11,1.0,0.25424744685490924
LG_BraTS20_Training_278,0.75082856,0.32988834,2.2747952e-12,2.2747952e-12,0.3602389494578044
LG_BraTS20_Training_283,0.87786365,0.5965919,0.3918575,0.3918575,0.6221043666203817
LG_BraTS20_Training_291,0.8370866,0.54898775,5.700929e-13,5.700929e-13,0.4620247681935628
LG_BraTS20_Training_292,0.60793465,0.20817745,0.054082904,0.054082904,0.2900650103886922
LG_BraTS20_Training_294,0.6959914,0.37034887,2.2406454e-12,2.2406454e-12,0.355446736017863
LG_BraTS20_Training_297,0.35602564,0.16198286,6.0975607e-11,1.0,0.17266949017842612
LG_BraTS20_Training_310,0.7608334,0.5476539,3.8503003e-13,3.8503003e-13,0.43616243203481037
LG_BraTS20_Training_324,0.7871925,0.37479037,1.1214534e-12,1.1214534e-12,0.3873276313145955
t1
HG_BraTS20_Training_010,0.47409448,0.5402959,0.21838982,0.21838982,0.41092673937479657
HG_BraTS20_Training_012,0.5527307,0.6525591,0.3921866,0.3921866,0.5324921607971191
HG_BraTS20_Training_020,0.77607274,0.5222973,0.18394347,0.18394347,0.494104544321696
HG_BraTS20_Training_070,0.76154757,0.53575325,0.12365299,0.12365299,0.4736512502034505
HG_BraTS20_Training_089,0.7633605,0.09552025,0.13847326,0.13847326,0.33245134353637695
HG_BraTS20_Training_119,0.4304467,0.7136879,0.2354762,0.2354762,0.4598702589670817
HG_BraTS20_Training_124,0.814026,0.5130311,0.2455079,0.2455079,0.5241883595784506
HG_BraTS20_Training_128,0.14144178,2.4521823e-12,7.836991e-12,7.836991e-12,0.04714725911617279
HG_BraTS20_Training_134,0.39757177,0.40842697,0.14009348,0.14009348,0.3153640826543172
HG_BraTS20_Training_140,0.80640864,0.8030551,0.3087823,0.3087823,0.6394153436024984
HG_BraTS20_Training_150,0.5707969,0.15456241,0.10478508,0.10478508,0.2767148017883301
HG_BraTS20_Training_180,0.39756122,0.050096154,0.04501533,0.04501533,0.16422423720359802
HG_BraTS20_Training_188,0.4805059,0.68331367,0.49483433,0.49483433,0.5528846184412638
HG_BraTS20_Training_191,0.27554035,0.0016329511,0.0015246504,1.1395622e-13,0.09289932250976562
HG_BraTS20_Training_201,0.3592144,0.0069360984,0.009412226,0.009412226,0.12518757581710815
HG_BraTS20_Training_211,0.70461434,0.70149153,0.410802,0.410802,0.6056359608968099
HG_BraTS20_Training_212,0.5582496,0.40278995,0.2427433,0.2427433,0.4012609322865804
HG_BraTS20_Training_226,0.6454607,0.60197073,0.27590096,0.27590096,0.5077774922053019
HG_BraTS20_Training_232,0.5335886,0.018387927,0.00714911,0.00714911,0.1863752007484436
HG_BraTS20_Training_241,0.507442,0.37929058,0.1493776,0.1493776,0.3453700542449951
HG_BraTS20_Training_245,0.59714615,0.36639294,0.21649411,0.21649411,0.3933444023132324
HG_BraTS20_Training_246,0.7015052,0.33763424,0.19753848,0.19753848,0.41222596168518066
HG_BraTS20_Training_336,0.680593,0.6616923,0.3478375,0.3478375,0.5633742809295654
HG_BraTS20_Training_338,0.5763733,0.2420836,0.17048448,0.17048448,0.32964712381362915
HG_BraTS20_Training_344,0.72754294,0.33786416,0.11585398,0.11585398,0.3937536875406901
HG_BraTS20_Training_352,0.6720095,0.18178518,0.21970786,0.21970786,0.3578341801961263
LG_BraTS20_Training_262,0.52628255,0.6698291,3.6873156e-12,3.6873156e-12,0.3987038930257161
LG_BraTS20_Training_275,0.020908508,0.015309127,2.787845e-12,2.787845e-12,0.01207254578669866
LG_BraTS20_Training_278,0.41636595,0.2714524,2.741228e-12,2.741228e-12,0.2292727828025818
LG_BraTS20_Training_283,0.008073625,7.504127e-13,8.4409557e-13,8.4409557e-13,0.0026912083849310875
LG_BraTS20_Training_291,0.70236266,0.6650855,0.0056900377,0.0056900377,0.45771269003550213
LG_BraTS20_Training_292,0.8026238,0.7311933,0.22830626,0.22830626,0.5873744487762451
LG_BraTS20_Training_294,0.7164772,0.5184378,1.1810559e-12,1.1810559e-12,0.411638339360555
LG_BraTS20_Training_297,0.35065484,0.56296587,3.7650603e-12,3.7650603e-12,0.3045402367909749
LG_BraTS20_Training_310,0.62718123,0.48532036,3.5404497e-13,3.5404497e-13,0.3708338737487793
LG_BraTS20_Training_324,0.4930747,0.036650624,2.915452e-11,1.0,0.1765751043955485
t1c
HG_BraTS20_Training_010,0.3746586,0.6846784,0.7132747,0.7132747,0.5908705790837606
HG_BraTS20_Training_012,0.4563149,0.44686663,0.41374636,0.41374636,0.4389759699503581
HG_BraTS20_Training_020,0.46447477,0.3717854,0.36682317,0.36682317,0.4010277986526489
HG_BraTS20_Training_070,0.43054882,0.54234415,0.4400735,0.4400735,0.47098882993062335
HG_BraTS20_Training_089,0.48671824,0.60978585,0.7937555,0.7937555,0.6300865014394125
HG_BraTS20_Training_119,0.4712253,0.65820056,0.5178427,0.5178427,0.549089511235555
HG_BraTS20_Training_124,0.5185348,0.4555769,0.4895214,0.4895214,0.48787768681844074
HG_BraTS20_Training_128,1.8969213e-13,7.390983e-13,1.1220826e-12,1.1220826e-12,6.836243087819197e-13
HG_BraTS20_Training_134,0.3534295,0.40896377,0.3872577,0.3872577,0.3832169771194458
HG_BraTS20_Training_140,0.7292135,0.6678884,0.63596344,0.63596344,0.6776884396870931
HG_BraTS20_Training_150,0.7237331,0.8712522,0.8897963,0.8897963,0.8282605012257894
HG_BraTS20_Training_180,0.6340286,0.6942984,0.70797646,0.70797646,0.6787678400675455
HG_BraTS20_Training_188,0.40346783,0.5458458,0.56945205,0.56945205,0.5062552293141683
HG_BraTS20_Training_191,0.6374362,0.6983094,0.7116359,0.7116359,0.6824604670206705
HG_BraTS20_Training_201,0.63916785,0.7253253,0.7205203,0.7205203,0.6950044631958008
HG_BraTS20_Training_211,0.55993086,0.71074647,0.5958281,0.5958281,0.6221684614817301
HG_BraTS20_Training_212,0.33112425,0.40579203,0.48410168,0.48410168,0.4070059855779012
HG_BraTS20_Training_226,0.7804775,0.8732882,0.8517256,0.8517256,0.8351637522379557
HG_BraTS20_Training_232,0.5374159,0.6969697,0.6365159,0.6365159,0.623633861541748
HG_BraTS20_Training_241,0.46785444,0.5987769,0.6212764,0.6212764,0.5626358985900879
HG_BraTS20_Training_245,0.54497087,0.6294244,0.64129984,0.64129984,0.6052317221959432
HG_BraTS20_Training_246,0.6824407,0.5916286,0.74810195,0.74810195,0.6740570863087972
HG_BraTS20_Training_336,0.658766,0.70941085,0.6443424,0.6443424,0.670839786529541
HG_BraTS20_Training_338,0.80811363,0.9013531,0.8453681,0.8453681,0.8516116142272949
HG_BraTS20_Training_344,0.64765686,0.54772925,0.5364127,0.5364127,0.5772662957509359
HG_BraTS20_Training_352,0.6605786,0.671254,0.7689406,0.7689406,0.7002577781677246
LG_BraTS20_Training_262,0.4085211,0.3265144,4.327131e-12,4.327131e-12,0.24501182635625204
LG_BraTS20_Training_275,0.021095822,4.1054275e-13,1.1933174e-12,1.1933174e-12,0.007031940544644992
LG_BraTS20_Training_278,0.1181671,0.0002997063,1.4448779e-12,1.4448779e-12,0.0394889364639918
LG_BraTS20_Training_283,0.40453887,0.71733755,0.71950775,0.71950775,0.613794724146525
LG_BraTS20_Training_291,0.06486415,0.0158655,7.183908e-12,7.183908e-12,0.0269098828236262
LG_BraTS20_Training_292,0.5479653,0.53115517,0.2525156,0.2525156,0.4438786506652832
LG_BraTS20_Training_294,0.115983605,0.03784589,5.590027e-13,5.590027e-13,0.05127650002638499
LG_BraTS20_Training_297,0.0002858317,1.7495058e-13,3.3897155e-13,3.3897155e-13,9.527722916876276e-05
LG_BraTS20_Training_310,0.20339805,0.10575949,3.7376192e-13,3.7376192e-13,0.10305251677831014
LG_BraTS20_Training_324,0.21616769,1.5896481e-13,1.3296105e-12,1.3296105e-12,0.07205589612325032
t2
HG_BraTS20_Training_010,0.40172333,0.16200805,0.02432943,0.02432943,0.19602026542027792
HG_BraTS20_Training_012,0.44817007,0.34678632,0.14206395,0.14206395,0.31234010060628253
HG_BraTS20_Training_020,0.81694466,0.681717,0.324278,0.324278,0.6076465447743734
HG_BraTS20_Training_070,0.5079595,0.3236395,0.03639015,0.03639015,0.2893297076225281
HG_BraTS20_Training_089,0.7085252,0.31013325,0.23783065,0.23783065,0.41882967948913574
HG_BraTS20_Training_119,0.31141526,0.21850824,0.019224524,0.019224524,0.18304934104283652
HG_BraTS20_Training_124,0.82755685,0.7179046,0.35600752,0.35600752,0.6338229974110922
HG_BraTS20_Training_128,0.4437734,0.05805128,0.07710635,0.07710635,0.19297701120376587
HG_BraTS20_Training_134,0.49183366,0.45961866,0.26297563,0.26297563,0.40480931599934894
HG_BraTS20_Training_140,0.70436203,0.6208421,0.22017987,0.22017987,0.5151280164718628
HG_BraTS20_Training_150,0.8569687,0.6651553,0.47414428,0.47414428,0.6654227574666342
HG_BraTS20_Training_180,0.60209304,0.42755154,0.28140733,0.28140733,0.4370173215866089
HG_BraTS20_Training_188,0.6481147,0.5504417,0.39227757,0.39227757,0.5302780071894327
HG_BraTS20_Training_191,0.89890116,0.57805866,0.24286452,0.24286452,0.5732747713724772
HG_BraTS20_Training_201,0.78159654,0.6407027,0.4915113,0.4915113,0.6379368305206299
HG_BraTS20_Training_211,0.75507045,0.7345277,0.4787948,0.4787948,0.6561309893925985
HG_BraTS20_Training_212,0.72011316,0.5802134,0.25311527,0.25311527,0.5178139607111613
HG_BraTS20_Training_226,0.75848746,0.7370663,0.23493639,0.23493639,0.5768300294876099
HG_BraTS20_Training_232,0.71620595,0.3397829,0.20318352,0.20318352,0.41972410678863525
HG_BraTS20_Training_241,0.7787808,0.39916915,0.33714217,0.33714217,0.5050307114919027
HG_BraTS20_Training_245,0.7814215,0.77829856,0.52201587,0.52201587,0.6939119497934977
HG_BraTS20_Training_246,0.5766232,0.56294024,0.43521804,0.43521804,0.5249271392822266
HG_BraTS20_Training_336,0.784377,0.71102256,0.44130856,0.44130856,0.6455693244934082
HG_BraTS20_Training_338,0.8329051,0.65039676,0.43810636,0.43810636,0.6404693921407064
HG_BraTS20_Training_344,0.59305775,0.3653004,0.17735149,0.17735149,0.37856988112131756
HG_BraTS20_Training_352,0.6676976,0.3983823,0.37899917,0.37899917,0.4816930294036865
LG_BraTS20_Training_262,0.55709666,0.18793474,4.76599e-13,4.76599e-13,0.24834380547205606
LG_BraTS20_Training_275,0.37694174,0.073632225,6.823144e-13,6.823144e-13,0.15019132693608603
LG_BraTS20_Training_278,0.71863973,0.5250719,4.965983e-13,4.965983e-13,0.41457056999206543
LG_BraTS20_Training_283,0.41742176,0.27137026,0.27901587,0.27901587,0.32260262966156006
LG_BraTS20_Training_291,0.89023674,0.6605635,0.0066546067,0.0066546067,0.5191516478856405
LG_BraTS20_Training_292,0.7443654,0.5157332,0.1279159,0.1279159,0.4626714785893758
LG_BraTS20_Training_294,0.7092961,0.57507676,9.311854e-13,9.311854e-13,0.42812426884969074
LG_BraTS20_Training_297,0.4820425,0.33847627,4.6080826e-13,4.6080826e-13,0.27350624402364093
LG_BraTS20_Training_310,0.6089294,0.5173811,3.8782237e-13,3.8782237e-13,0.37543682257334393
LG_BraTS20_Training_324,0.48179,0.2565115,4.0130022e-13,4.0130022e-13,0.24610050519307455
WT Dice,TC Dice,ET Dice,ETPro Dice,WT HD95,TC HD95,ET HD95ETPro HD95
flairt1cet1t2
HG_BraTS20_Training_010,0.71464354,0.61171055,0.7353344,0.7353344,0.6872294743855795
HG_BraTS20_Training_012,0.78815734,0.74447024,0.6398213,0.6398213,0.7241496245066324
HG_BraTS20_Training_020,0.8773593,0.78592205,0.5491424,0.5491424,0.7374746004740397
HG_BraTS20_Training_070,0.8571451,0.82608306,0.60450715,0.60450715,0.7625784079233805
HG_BraTS20_Training_089,0.8150407,0.46105966,0.7683385,0.7683385,0.6814796129862467
HG_BraTS20_Training_119,0.6890529,0.7349117,0.62090164,0.62090164,0.6816220283508301
HG_BraTS20_Training_124,0.91169065,0.8560723,0.7559366,0.7559366,0.8412331740061442
HG_BraTS20_Training_128,0.7639565,0.1533558,0.22706538,0.22706538,0.38145923614501953
HG_BraTS20_Training_134,0.8208368,0.81246555,0.6551686,0.6551686,0.7628236611684164
HG_BraTS20_Training_140,0.9293246,0.8790461,0.75126886,0.75126886,0.8532131512959799
HG_BraTS20_Training_150,0.9241353,0.87082106,0.9025159,0.9025159,0.899157444636027
HG_BraTS20_Training_180,0.6844509,0.72112936,0.7900408,0.7900408,0.7318736712137858
HG_BraTS20_Training_188,0.75142664,0.6320115,0.5759903,0.5759903,0.6531428098678589
HG_BraTS20_Training_191,0.9159094,0.7813183,0.74996,0.74996,0.8157292207082113
HG_BraTS20_Training_201,0.8960376,0.9238869,0.8411861,0.8411861,0.8870368798573812
HG_BraTS20_Training_211,0.8593087,0.8992753,0.7812293,0.7812293,0.8466044267018636
HG_BraTS20_Training_212,0.83413345,0.73602074,0.59525114,0.59525114,0.7218017578125
HG_BraTS20_Training_226,0.8758112,0.91265297,0.83880156,0.83880156,0.875755230585734
HG_BraTS20_Training_232,0.8458086,0.67611897,0.55965656,0.55965656,0.6938614050547282
HG_BraTS20_Training_241,0.8439495,0.69875765,0.7056312,0.7056312,0.7494461536407471
HG_BraTS20_Training_245,0.8755654,0.8032972,0.6863836,0.6863836,0.7884154319763184
HG_BraTS20_Training_246,0.88731325,0.6717193,0.7724755,0.7724755,0.777169386545817
HG_BraTS20_Training_336,0.92131627,0.9290411,0.81790525,0.81790525,0.8894208272298177
HG_BraTS20_Training_338,0.90805197,0.91107845,0.8563596,0.8563596,0.8918299674987793
HG_BraTS20_Training_344,0.8601222,0.77248704,0.594533,0.594533,0.7423807779947916
HG_BraTS20_Training_352,0.82054913,0.53853524,0.785473,0.785473,0.714852492014567
LG_BraTS20_Training_262,0.8238479,0.28139174,1.2006243e-12,1.2006243e-12,0.36841320991516113
LG_BraTS20_Training_275,0.68826264,0.21307687,2.1939447e-12,2.1939447e-12,0.3004465103149414
LG_BraTS20_Training_278,0.84915894,0.42403257,1.3342228e-12,1.3342228e-12,0.42439715067545575
LG_BraTS20_Training_283,0.87787676,0.6660137,0.8187105,0.8187105,0.787533680597941
LG_BraTS20_Training_291,0.93443316,0.7329353,0.017349686,0.017349686,0.5615727106730143
LG_BraTS20_Training_292,0.89904886,0.74623626,0.42985573,0.42985573,0.6917136510213217
LG_BraTS20_Training_294,0.9020507,0.7026697,1.2090436e-12,1.2090436e-12,0.5349067846934
LG_BraTS20_Training_297,0.6918284,0.66137975,1.7943657e-12,1.7943657e-12,0.4510693947474162
LG_BraTS20_Training_310,0.8795093,0.5512019,5.270092e-13,5.270092e-13,0.476903756459554
LG_BraTS20_Training_324,0.89129335,0.26762202,1.4037058e-12,1.4037058e-12,0.38630513350168866
t1cet1t2
HG_BraTS20_Training_010,0.6182059,0.560223,0.6969219,0.6969219,0.6251169045766195
HG_BraTS20_Training_012,0.79209805,0.7592575,0.6559,0.6559,0.7357518672943115
HG_BraTS20_Training_020,0.8638288,0.7891967,0.5500633,0.5500633,0.7343629201253256
HG_BraTS20_Training_070,0.79293764,0.8315406,0.60551375,0.60551375,0.7433306376139323
HG_BraTS20_Training_089,0.81598336,0.490772,0.76088077,0.76088077,0.6892120043436686
HG_BraTS20_Training_119,0.6241124,0.72826856,0.6512867,0.6512867,0.6678892771402994
HG_BraTS20_Training_124,0.8944894,0.82117957,0.73203367,0.73203367,0.8159008820851644
HG_BraTS20_Training_128,0.79818416,0.19261563,0.24926269,0.24926269,0.41335415840148926
HG_BraTS20_Training_134,0.74445224,0.7331926,0.6305098,0.6305098,0.7027182579040527
HG_BraTS20_Training_140,0.9106925,0.88058627,0.7526979,0.7526979,0.8479922612508138
HG_BraTS20_Training_150,0.8892633,0.8867009,0.91075754,0.91075754,0.8955739339192709
HG_BraTS20_Training_180,0.6602638,0.67795795,0.7515748,0.7515748,0.6965988477071127
HG_BraTS20_Training_188,0.65274084,0.6932989,0.6107686,0.6107686,0.65226944287618
HG_BraTS20_Training_191,0.8819934,0.7097491,0.71652645,0.71652645,0.7694230079650879
HG_BraTS20_Training_201,0.8529897,0.88962805,0.850701,0.850701,0.8644395669301351
HG_BraTS20_Training_211,0.83026326,0.90474546,0.78438586,0.78438586,0.8397982120513916
HG_BraTS20_Training_212,0.78622276,0.6871093,0.62197846,0.62197846,0.6984368165334066
HG_BraTS20_Training_226,0.8366815,0.898497,0.867751,0.867751,0.8676431973775228
HG_BraTS20_Training_232,0.77278036,0.7198452,0.6054551,0.6054551,0.699360211690267
HG_BraTS20_Training_241,0.8139051,0.69906783,0.7259173,0.7259173,0.7462967236836752
HG_BraTS20_Training_245,0.8696756,0.7781667,0.7659017,0.7659017,0.8045813242594401
HG_BraTS20_Training_246,0.8671388,0.67885524,0.7868351,0.7868351,0.777609666188558
HG_BraTS20_Training_336,0.9041235,0.87201595,0.80229545,0.80229545,0.8594783147176107
HG_BraTS20_Training_338,0.89161557,0.89218175,0.8613167,0.8613167,0.8817046483357748
HG_BraTS20_Training_344,0.859876,0.77626944,0.5956238,0.5956238,0.74392302831014
HG_BraTS20_Training_352,0.8910277,0.6302338,0.8292333,0.8292333,0.7834982872009277
LG_BraTS20_Training_262,0.7983323,0.29896352,1.2124152e-12,1.2124152e-12,0.3657652537027995
LG_BraTS20_Training_275,0.6073847,0.18470058,2.0140987e-12,2.0140987e-12,0.2640284299850464
LG_BraTS20_Training_278,0.80262494,0.30830663,1.3442667e-12,1.3442667e-12,0.37031054496765137
LG_BraTS20_Training_283,0.85474384,0.6736313,0.8042124,0.8042124,0.7775291601816813
LG_BraTS20_Training_291,0.9148298,0.7543631,0.022161672,0.022161672,0.5637848774592081
LG_BraTS20_Training_292,0.88099796,0.70022935,0.4261511,0.4261511,0.6691261132558187
LG_BraTS20_Training_294,0.87757033,0.5761266,1.4967819e-12,1.4967819e-12,0.48456565539042157
LG_BraTS20_Training_297,0.7048821,0.62546605,1.1657729e-12,1.1657729e-12,0.44344937801361084
LG_BraTS20_Training_310,0.7659085,0.4942857,5.9744294e-13,5.9744294e-13,0.4200647274653117
LG_BraTS20_Training_324,0.7206345,0.21601993,1.8921477e-12,1.8921477e-12,0.3122181495030721
flairt1cet2
HG_BraTS20_Training_010,0.7229761,0.6769916,0.7842673,0.7842673,0.7280783653259277
HG_BraTS20_Training_012,0.7907573,0.7873753,0.68474096,0.68474096,0.7542912165323893
HG_BraTS20_Training_020,0.87693506,0.7776077,0.5469851,0.5469851,0.7338426113128662
HG_BraTS20_Training_070,0.8638162,0.7714864,0.58048075,0.58048075,0.7385944525400797
HG_BraTS20_Training_089,0.8278306,0.48664162,0.8133976,0.8133976,0.7092899481455485
HG_BraTS20_Training_119,0.68433636,0.760117,0.6232719,0.6232719,0.6892417271931967
HG_BraTS20_Training_124,0.9112861,0.8626863,0.76082677,0.76082677,0.844933032989502
HG_BraTS20_Training_128,0.7649887,0.15758176,0.2758331,0.2758331,0.39946786562601727
HG_BraTS20_Training_134,0.78603065,0.74924254,0.6358843,0.6358843,0.7237191200256348
HG_BraTS20_Training_140,0.9273022,0.88320935,0.7715095,0.7715095,0.860673745473226
HG_BraTS20_Training_150,0.9257112,0.87690306,0.90155697,0.90155697,0.9013903935750326
HG_BraTS20_Training_180,0.6939426,0.7505725,0.80405706,0.80405706,0.7495240370432535
HG_BraTS20_Training_188,0.7498835,0.6048503,0.60585964,0.60585964,0.6535311142603556
HG_BraTS20_Training_191,0.9178201,0.77886695,0.73270625,0.73270625,0.8097977638244629
HG_BraTS20_Training_201,0.90063345,0.91406214,0.83339596,0.83339596,0.8826971848805746
HG_BraTS20_Training_211,0.86869496,0.8983476,0.786955,0.786955,0.8513325055440267
HG_BraTS20_Training_212,0.80693567,0.6819867,0.5718284,0.5718284,0.6869169076283773
HG_BraTS20_Training_226,0.8767298,0.90649205,0.8308403,0.8308403,0.8713540236155192
HG_BraTS20_Training_232,0.8236423,0.71108377,0.60435015,0.60435015,0.7130254109700521
HG_BraTS20_Training_241,0.8472825,0.68826336,0.7008448,0.7008448,0.7454635302225748
HG_BraTS20_Training_245,0.85324055,0.7823995,0.6479445,0.6479445,0.7611948649088541
HG_BraTS20_Training_246,0.87125343,0.65417725,0.7428855,0.7428855,0.7561054229736328
HG_BraTS20_Training_336,0.9263297,0.9219776,0.80650896,0.80650896,0.8849387168884277
HG_BraTS20_Training_338,0.9100514,0.9242016,0.85762805,0.85762805,0.8972937266031901
HG_BraTS20_Training_344,0.85518837,0.75194675,0.60686713,0.60686713,0.7380007108052572
HG_BraTS20_Training_352,0.8033385,0.5422816,0.8195117,0.8195117,0.7217106024424235
LG_BraTS20_Training_262,0.8191336,0.25233418,1.7621145e-12,1.7621145e-12,0.3571559190750122
LG_BraTS20_Training_275,0.7133635,0.17972998,4.1876047e-12,4.1876047e-12,0.29769784212112427
LG_BraTS20_Training_278,0.843371,0.34766847,1.9436345e-12,1.9436345e-12,0.3970131476720174
LG_BraTS20_Training_283,0.86129004,0.6961051,0.84010595,0.84010595,0.7991670767466227
LG_BraTS20_Training_291,0.9354831,0.74618703,0.022679448,0.022679448,0.5681165456771851
LG_BraTS20_Training_292,0.90099,0.7394488,0.5187109,0.5187109,0.7197165489196777
LG_BraTS20_Training_294,0.9051366,0.68294644,2.1235932e-12,2.1235932e-12,0.5293610095977783
LG_BraTS20_Training_297,0.65353507,0.619536,2.0924879e-12,2.0924879e-12,0.42435701688130695
LG_BraTS20_Training_310,0.86618555,0.53017384,6.35324e-13,6.35324e-13,0.4654531478881836
LG_BraTS20_Training_324,0.8900951,0.23027334,1.124986e-12,1.124986e-12,0.3734561602274577
flairt1t2
HG_BraTS20_Training_010,0.69154644,0.42429054,0.1595108,0.1595108,0.4251159429550171
HG_BraTS20_Training_012,0.77524626,0.59337735,0.37261453,0.37261453,0.5804127057393392
HG_BraTS20_Training_020,0.87340695,0.74483454,0.36788437,0.36788437,0.662041982014974
HG_BraTS20_Training_070,0.8541888,0.65294945,0.25076717,0.25076717,0.5859684944152832
HG_BraTS20_Training_089,0.8026727,0.36015108,0.32325605,0.32325605,0.49535993734995526
HG_BraTS20_Training_119,0.6366952,0.6120279,0.3038455,0.3038455,0.5175228516260783
HG_BraTS20_Training_124,0.9072322,0.7460559,0.43115044,0.43115044,0.6948128541310629
HG_BraTS20_Training_128,0.7517974,0.0893772,0.07622404,0.07622404,0.30579954385757446
HG_BraTS20_Training_134,0.8310366,0.73683655,0.3637379,0.3637379,0.6438703934351603
HG_BraTS20_Training_140,0.91987807,0.83562225,0.32921156,0.32921156,0.6949039300282797
HG_BraTS20_Training_150,0.90882826,0.71470284,0.44382805,0.44382805,0.6891197363535563
HG_BraTS20_Training_180,0.68062407,0.48073685,0.36566857,0.36566857,0.509009838104248
HG_BraTS20_Training_188,0.75194806,0.59635997,0.44686455,0.44686455,0.5983908971150717
HG_BraTS20_Training_191,0.928149,0.5778882,0.33842528,0.33842528,0.6148208379745483
HG_BraTS20_Training_201,0.9128952,0.8685176,0.6614858,0.6614858,0.8142995834350586
HG_BraTS20_Training_211,0.84685737,0.8324178,0.5556681,0.5556681,0.7449811299641927
HG_BraTS20_Training_212,0.8405356,0.71636796,0.3365788,0.3365788,0.6311608155568441
HG_BraTS20_Training_226,0.8660112,0.8228941,0.3213667,0.3213667,0.6700906753540039
HG_BraTS20_Training_232,0.8531645,0.5141939,0.3601949,0.3601949,0.5758511225382487
HG_BraTS20_Training_241,0.846967,0.56277174,0.48794812,0.48794812,0.6325623194376627
HG_BraTS20_Training_245,0.88139385,0.78724074,0.55973715,0.55973715,0.7427906195322672
HG_BraTS20_Training_246,0.8844485,0.6147411,0.4374706,0.4374706,0.6455533901850382
HG_BraTS20_Training_336,0.9134043,0.84340864,0.5481974,0.5481974,0.7683367729187012
HG_BraTS20_Training_338,0.8826495,0.7742204,0.5183096,0.5183096,0.7250598271687826
HG_BraTS20_Training_344,0.8443972,0.6616441,0.37147015,0.37147015,0.6258371671040853
HG_BraTS20_Training_352,0.7776654,0.33422914,0.48614073,0.48614073,0.5326784054438273
LG_BraTS20_Training_262,0.7760175,0.25697798,5.343022e-13,5.343022e-13,0.3443318208058675
LG_BraTS20_Training_275,0.67850983,0.1968088,3.9793078e-12,3.9793078e-12,0.29177288214365643
LG_BraTS20_Training_278,0.8485257,0.59331566,5.418292e-13,5.418292e-13,0.48061378796895343
LG_BraTS20_Training_283,0.83093715,0.33628806,0.38425946,0.38425946,0.5171615680058798
LG_BraTS20_Training_291,0.93826103,0.70918006,0.00714016,0.00714016,0.5515271027882894
LG_BraTS20_Training_292,0.90509987,0.76800066,0.21882257,0.21882257,0.6306410233179728
LG_BraTS20_Training_294,0.90178186,0.72382265,6.240639e-13,6.240639e-13,0.5418681701024374
LG_BraTS20_Training_297,0.7407816,0.7244967,1.5569049e-12,1.5569049e-12,0.48842612902323407
LG_BraTS20_Training_310,0.895036,0.7014644,4.930237e-13,4.930237e-13,0.5321667989095052
LG_BraTS20_Training_324,0.8879206,0.43953884,8.01796e-13,8.01796e-13,0.4424864848454793
flairt1cet1
HG_BraTS20_Training_010,0.74221843,0.6985587,0.76622796,0.76622796,0.7356683413187662
HG_BraTS20_Training_012,0.8083227,0.784257,0.67064196,0.67064196,0.7544072469075521
HG_BraTS20_Training_020,0.87723565,0.7661077,0.5568494,0.5568494,0.7333975632985433
HG_BraTS20_Training_070,0.8790597,0.79561,0.59634066,0.59634066,0.7570034662882487
HG_BraTS20_Training_089,0.8520258,0.55611134,0.8372502,0.8372502,0.748462438583374
HG_BraTS20_Training_119,0.7496626,0.80439705,0.678501,0.678501,0.7441868782043457
HG_BraTS20_Training_124,0.9233843,0.8822706,0.76368946,0.76368946,0.8564480940500895
HG_BraTS20_Training_128,0.80235124,0.2254999,0.28007838,0.28007838,0.435976505279541
HG_BraTS20_Training_134,0.7869657,0.740148,0.64263546,0.64263546,0.7232497533162435
HG_BraTS20_Training_140,0.9332783,0.89570826,0.7713473,0.7713473,0.8667779763539633
HG_BraTS20_Training_150,0.89382493,0.8616665,0.8870129,0.8870129,0.8808348178863525
HG_BraTS20_Training_180,0.7502047,0.78897214,0.8296215,0.8296215,0.7895994186401367
HG_BraTS20_Training_188,0.7342552,0.65543526,0.597688,0.597688,0.6624594529469808
HG_BraTS20_Training_191,0.8970832,0.7562101,0.74838376,0.74838376,0.8005590438842773
HG_BraTS20_Training_201,0.89169514,0.91995907,0.8614415,0.8614415,0.8910319010416666
HG_BraTS20_Training_211,0.87573665,0.9008909,0.7810052,0.7810052,0.8525442282358805
HG_BraTS20_Training_212,0.73591644,0.5761855,0.5456092,0.5456092,0.6192370255788168
HG_BraTS20_Training_226,0.87654936,0.8820873,0.86056757,0.86056757,0.87306809425354
HG_BraTS20_Training_232,0.7699461,0.7600425,0.66964966,0.66964966,0.7332127094268799
HG_BraTS20_Training_241,0.82492304,0.7173896,0.7172584,0.7172584,0.7531903584798177
HG_BraTS20_Training_245,0.81008774,0.74166983,0.71990114,0.71990114,0.7572195529937744
HG_BraTS20_Training_246,0.84130204,0.6016811,0.7707275,0.7707275,0.7379035949707031
HG_BraTS20_Training_336,0.9204533,0.938315,0.8233266,0.8233266,0.8940316041310629
HG_BraTS20_Training_338,0.87187016,0.9028165,0.8497098,0.8497098,0.8747987747192383
HG_BraTS20_Training_344,0.8895127,0.8071271,0.63778335,0.63778335,0.7781410217285156
HG_BraTS20_Training_352,0.69574267,0.51331985,0.7141869,0.7141869,0.6410831610361735
LG_BraTS20_Training_262,0.86589533,0.4333953,2.2888534e-12,2.2888534e-12,0.43309688568115234
LG_BraTS20_Training_275,0.68745697,0.15930462,7.0126227e-12,7.0126227e-12,0.28225386142730713
LG_BraTS20_Training_278,0.7780961,0.18346786,2.6157468e-12,2.6157468e-12,0.3205213149388631
LG_BraTS20_Training_283,0.9280789,0.81931365,0.84967035,0.84967035,0.8656876087188721
LG_BraTS20_Training_291,0.9059143,0.7008896,0.022872603,0.022872603,0.5432254870732626
LG_BraTS20_Training_292,0.8036104,0.6510694,0.46637052,0.46637052,0.6403501033782959
LG_BraTS20_Training_294,0.8599482,0.6390126,1.4184397e-12,1.4184397e-12,0.49965357780456543
LG_BraTS20_Training_297,0.5281003,0.54333186,4.040404e-12,4.040404e-12,0.357144037882487
LG_BraTS20_Training_310,0.85754156,0.5076945,6.441224e-13,6.441224e-13,0.4550786813100179
LG_BraTS20_Training_324,0.8705041,0.17884612,2.2192632e-12,2.2192632e-12,0.34978342056274414
flairt1ce
HG_BraTS20_Training_010,0.74744785,0.760526,0.785392,0.785392,0.7644553184509277
HG_BraTS20_Training_012,0.7861633,0.81982785,0.7046945,0.7046945,0.7702285448710123
HG_BraTS20_Training_020,0.8711985,0.7053801,0.54637337,0.54637337,0.7076506614685059
HG_BraTS20_Training_070,0.8529353,0.61409265,0.55051386,0.55051386,0.6725139617919922
HG_BraTS20_Training_089,0.85161644,0.6481891,0.88301677,0.88301677,0.794274091720581
HG_BraTS20_Training_119,0.7378631,0.7526843,0.6222178,0.6222178,0.7042551040649414
HG_BraTS20_Training_124,0.91766566,0.8683471,0.733981,0.733981,0.839997927347819
HG_BraTS20_Training_128,0.78382206,0.2096133,0.26011202,0.26011202,0.4178491433461507
HG_BraTS20_Training_134,0.71336067,0.6239473,0.60712487,0.60712487,0.6481442451477051
HG_BraTS20_Training_140,0.9277472,0.9076332,0.793739,0.793739,0.8763731320699056
HG_BraTS20_Training_150,0.8745602,0.8645897,0.8764212,0.8764212,0.8718570073445638
HG_BraTS20_Training_180,0.76721454,0.80827844,0.83975327,0.83975327,0.8050820827484131
HG_BraTS20_Training_188,0.7177477,0.66658914,0.6289182,0.6289182,0.6710850397745768
HG_BraTS20_Training_191,0.89108056,0.74407196,0.723625,0.723625,0.7862591743469238
HG_BraTS20_Training_201,0.8886447,0.92074734,0.85885626,0.85885626,0.8894160588582357
HG_BraTS20_Training_211,0.8863915,0.8902228,0.7693625,0.7693625,0.8486589590708414
HG_BraTS20_Training_212,0.6736438,0.46599257,0.5292391,0.5292391,0.5562918186187744
HG_BraTS20_Training_226,0.8605321,0.8481249,0.83660597,0.83660597,0.8484210173288981
HG_BraTS20_Training_232,0.77541524,0.7869245,0.7014096,0.7014096,0.7545831203460693
HG_BraTS20_Training_241,0.80748755,0.6697889,0.6804532,0.6804532,0.7192432085673014
HG_BraTS20_Training_245,0.78076816,0.66138303,0.660637,0.660637,0.7009294033050537
HG_BraTS20_Training_246,0.8156887,0.5420621,0.74204946,0.74204946,0.6999334494272867
HG_BraTS20_Training_336,0.9086885,0.8956383,0.7795571,0.7795571,0.8612945874532064
HG_BraTS20_Training_338,0.877383,0.905502,0.84110767,0.84110767,0.8746642271677653
HG_BraTS20_Training_344,0.85260594,0.7283448,0.6418571,0.6418571,0.7409359614054362
HG_BraTS20_Training_352,0.6079923,0.49968773,0.65784657,0.65784657,0.5885088841120402
LG_BraTS20_Training_262,0.8572256,0.31568345,3.6927622e-12,3.6927622e-12,0.3909696737925212
LG_BraTS20_Training_275,0.7030146,0.07806943,9.380863e-12,9.380863e-12,0.2603613535563151
LG_BraTS20_Training_278,0.7761113,0.04965496,3.3467203e-12,3.3467203e-12,0.2752554217974345
LG_BraTS20_Training_283,0.9224664,0.7953483,0.8511642,0.8511642,0.8563262621561686
LG_BraTS20_Training_291,0.8898957,0.65655386,0.022669533,0.022669533,0.523039698600769
LG_BraTS20_Training_292,0.7379743,0.44013658,0.43292683,0.43292683,0.5370125770568848
LG_BraTS20_Training_294,0.78835833,0.39862323,2.042901e-12,2.042901e-12,0.39566051959991455
LG_BraTS20_Training_297,0.33910453,0.14701323,8.431703e-12,8.431703e-12,0.1620392600695292
LG_BraTS20_Training_310,0.82939875,0.4207576,5.3908353e-13,5.3908353e-13,0.4167188008626302
LG_BraTS20_Training_324,0.8278133,0.090848826,1.8460402e-12,1.8460402e-12,0.3062207102775574
flairt2
HG_BraTS20_Training_010,0.6902221,0.37401634,0.10506926,0.10506926,0.3897692362467448
HG_BraTS20_Training_012,0.7835669,0.57388645,0.34658238,0.34658238,0.5680119196573893
HG_BraTS20_Training_020,0.8738624,0.74958247,0.3690549,0.3690549,0.6641665697097778
HG_BraTS20_Training_070,0.86211073,0.56045926,0.17348348,0.17348348,0.5320178270339966
HG_BraTS20_Training_089,0.8175455,0.38594,0.29855305,0.29855305,0.5006794929504395
HG_BraTS20_Training_119,0.64611334,0.5995481,0.23640351,0.23640351,0.4940216541290283
HG_BraTS20_Training_124,0.9041953,0.7648888,0.4231586,0.4231586,0.69741423924764
HG_BraTS20_Training_128,0.74939436,0.071841404,0.036282104,0.036282104,0.28583929936091107
HG_BraTS20_Training_134,0.7787135,0.6506031,0.3202104,0.3202104,0.5831756591796875
HG_BraTS20_Training_140,0.92105687,0.8245827,0.31263366,0.31263366,0.6860911051432291
HG_BraTS20_Training_150,0.90574825,0.7429603,0.34033576,0.34033576,0.6630147695541382
HG_BraTS20_Training_180,0.69011396,0.53824085,0.40169072,0.40169072,0.543348511060079
HG_BraTS20_Training_188,0.750587,0.6003706,0.29602477,0.29602477,0.5489941438039144
HG_BraTS20_Training_191,0.93235165,0.5931664,0.295525,0.295525,0.6070143381754557
HG_BraTS20_Training_201,0.91711783,0.8555888,0.5746087,0.5746087,0.7824384371439616
HG_BraTS20_Training_211,0.85923064,0.82044154,0.47811428,0.47811428,0.7192622025807699
HG_BraTS20_Training_212,0.8146593,0.6420339,0.2811672,0.2811672,0.5792868137359619
HG_BraTS20_Training_226,0.87370515,0.8284197,0.30932245,0.30932245,0.6704823970794678
HG_BraTS20_Training_232,0.81458694,0.5803569,0.39182988,0.39182988,0.5955912272135416
HG_BraTS20_Training_241,0.8492976,0.52303004,0.4483122,0.4483122,0.6068799098332723
HG_BraTS20_Training_245,0.84692246,0.7574014,0.50044286,0.50044286,0.7015889485677084
HG_BraTS20_Training_246,0.86468756,0.590423,0.4037632,0.4037632,0.6196245749791464
HG_BraTS20_Training_336,0.9208582,0.832571,0.5127568,0.5127568,0.7553953329722086
HG_BraTS20_Training_338,0.8890413,0.7956004,0.49127185,0.49127185,0.7253045241038004
HG_BraTS20_Training_344,0.8503254,0.72816306,0.3442565,0.3442565,0.6409149964650472
HG_BraTS20_Training_352,0.8132621,0.352579,0.4796242,0.4796242,0.54848845799764
LG_BraTS20_Training_262,0.7904049,0.23640198,5.971575e-13,5.971575e-13,0.3422689437866211
LG_BraTS20_Training_275,0.73080164,0.17672542,6.472492e-12,6.472492e-12,0.30250902970631915
LG_BraTS20_Training_278,0.8476166,0.5598191,8.267879e-13,8.267879e-13,0.4691452185312907
LG_BraTS20_Training_283,0.83694446,0.39810997,0.37065154,0.37065154,0.535235325495402
LG_BraTS20_Training_291,0.9437932,0.714658,0.008007222,0.008007222,0.5554861227671305
LG_BraTS20_Training_292,0.91549635,0.7064586,0.22622108,0.22622108,0.6160586675008138
LG_BraTS20_Training_294,0.9110631,0.71043867,7.942181e-13,7.942181e-13,0.5405005613962809
LG_BraTS20_Training_297,0.66978335,0.635315,2.1706098e-12,2.1706098e-12,0.43503276507059735
LG_BraTS20_Training_310,0.8773752,0.6359194,5.5401663e-13,5.5401663e-13,0.5044315258661906
LG_BraTS20_Training_324,0.8778309,0.33701974,8.309789e-13,8.309789e-13,0.40495022137959796
t1t2
HG_BraTS20_Training_010,0.63467234,0.50798017,0.24665655,0.24665655,0.4631030162175496
HG_BraTS20_Training_012,0.81647563,0.6028572,0.41107315,0.41107315,0.6101353168487549
HG_BraTS20_Training_020,0.8633631,0.7448661,0.3514737,0.3514737,0.6532342831293741
HG_BraTS20_Training_070,0.8164786,0.65452504,0.26285714,0.26285714,0.577953577041626
HG_BraTS20_Training_089,0.809237,0.36502594,0.3657221,0.3657221,0.5133283535639445
HG_BraTS20_Training_119,0.56532216,0.742238,0.36939368,0.36939368,0.558984637260437
HG_BraTS20_Training_124,0.89207894,0.68486786,0.36854067,0.36854067,0.6484957933425903
HG_BraTS20_Training_128,0.77754825,0.13747855,0.14984018,0.14984018,0.35495567321777344
HG_BraTS20_Training_134,0.7615811,0.70440394,0.3916586,0.3916586,0.6192145347595215
HG_BraTS20_Training_140,0.8991807,0.82534486,0.35085425,0.35085425,0.6917932828267416
HG_BraTS20_Training_150,0.8654157,0.67564934,0.53726625,0.53726625,0.6927770773569742
HG_BraTS20_Training_180,0.66944325,0.37561807,0.24678054,0.24678054,0.4306139548619588
HG_BraTS20_Training_188,0.6602907,0.6752498,0.5391865,0.5391865,0.6249090035756429
HG_BraTS20_Training_191,0.89555776,0.47303307,0.28031057,0.28031057,0.5496338208516439
HG_BraTS20_Training_201,0.87117183,0.8466937,0.6860358,0.6860358,0.8013004461924235
HG_BraTS20_Training_211,0.81726307,0.8440768,0.6010952,0.6010952,0.7541449864705404
HG_BraTS20_Training_212,0.8228285,0.7030008,0.38772696,0.38772696,0.6378521124521891
HG_BraTS20_Training_226,0.8529363,0.7739502,0.33534786,0.33534786,0.6540781656901041
HG_BraTS20_Training_232,0.7801853,0.4941713,0.34481102,0.34481102,0.5397225220998129
HG_BraTS20_Training_241,0.8216898,0.5503371,0.47398284,0.47398284,0.6153365770975748
HG_BraTS20_Training_245,0.8855681,0.798507,0.58713365,0.58713365,0.7570695877075195
HG_BraTS20_Training_246,0.86875,0.6605315,0.4649945,0.4649945,0.6647586822509766
HG_BraTS20_Training_336,0.90375715,0.76223135,0.5292914,0.5292914,0.7317599455515543
HG_BraTS20_Training_338,0.87149024,0.6830346,0.4795742,0.4795742,0.6780330340067545
HG_BraTS20_Training_344,0.8568013,0.6567762,0.36706373,0.36706373,0.626880407333374
HG_BraTS20_Training_352,0.8996114,0.33918852,0.46566263,0.46566263,0.5681541760762533
LG_BraTS20_Training_262,0.7911146,0.26579815,5.319998e-13,5.319998e-13,0.35230425993601483
LG_BraTS20_Training_275,0.5762869,0.19844404,3.5829451e-12,3.5829451e-12,0.2582436402638753
LG_BraTS20_Training_278,0.82505566,0.547527,5.7800124e-13,5.7800124e-13,0.45752755800882977
LG_BraTS20_Training_283,0.8509259,0.3277749,0.37688553,0.37688553,0.5185287793477377
LG_BraTS20_Training_291,0.92800593,0.69466287,0.0061468873,0.0061468873,0.5429385503133138
LG_BraTS20_Training_292,0.8792954,0.61450183,0.13961196,0.13961196,0.5444697539011637
LG_BraTS20_Training_294,0.8740742,0.6360154,8.0340644e-13,8.0340644e-13,0.5033632119496664
LG_BraTS20_Training_297,0.71344304,0.67105556,9.770395e-13,9.770395e-13,0.46149953206380206
LG_BraTS20_Training_310,0.8387701,0.68580836,6.2390815e-13,6.2390815e-13,0.5081928173700968
LG_BraTS20_Training_324,0.74493915,0.3499823,1.5019525e-12,1.5019525e-12,0.36497382322947186
flairt1
HG_BraTS20_Training_010,0.70359975,0.42765343,0.13952589,0.13952589,0.42359304428100586
HG_BraTS20_Training_012,0.7969573,0.64380395,0.268333,0.268333,0.5696980953216553
HG_BraTS20_Training_020,0.87552714,0.66797864,0.22601053,0.22601053,0.5898387829462687
HG_BraTS20_Training_070,0.85638255,0.60872185,0.26333883,0.26333883,0.576147715250651
HG_BraTS20_Training_089,0.8287785,0.28773215,0.18461539,0.18461539,0.43370866775512695
HG_BraTS20_Training_119,0.6905717,0.71631205,0.19085984,0.19085984,0.5325811703999838
HG_BraTS20_Training_124,0.9273329,0.72362924,0.34752017,0.34752017,0.6661607424418131
HG_BraTS20_Training_128,0.7960161,0.010361642,0.0051400666,0.0051400666,0.27050594488779706
HG_BraTS20_Training_134,0.8091637,0.63063735,0.17840575,0.17840575,0.5394022464752197
HG_BraTS20_Training_140,0.9342434,0.87207705,0.43628287,0.43628287,0.747534434000651
HG_BraTS20_Training_150,0.8406776,0.5357759,0.31968355,0.31968355,0.5653790235519409
HG_BraTS20_Training_180,0.72273684,0.4521808,0.37374914,0.37374914,0.5162222782770792
HG_BraTS20_Training_188,0.7475618,0.544924,0.3917818,0.3917818,0.5614225467046102
HG_BraTS20_Training_191,0.92209065,0.48984304,0.3247546,0.3247546,0.5788960854212443
HG_BraTS20_Training_201,0.91112655,0.7939581,0.5990331,0.5990331,0.7680392265319824
HG_BraTS20_Training_211,0.85603964,0.80020434,0.43669042,0.43669042,0.6976447900136312
HG_BraTS20_Training_212,0.71890086,0.47264722,0.20275582,0.20275582,0.46476797262827557
HG_BraTS20_Training_226,0.8362242,0.6825789,0.36011323,0.36011323,0.6263054609298706
HG_BraTS20_Training_232,0.83318084,0.517723,0.44027585,0.44027585,0.5970598856608073
HG_BraTS20_Training_241,0.8281425,0.33288297,0.2327635,0.2327635,0.46459635098775226
HG_BraTS20_Training_245,0.8272002,0.5924032,0.3954988,0.3954988,0.6050340334574381
HG_BraTS20_Training_246,0.8566994,0.52800405,0.24513629,0.24513629,0.5432798862457275
HG_BraTS20_Training_336,0.91617393,0.8573397,0.55322343,0.55322343,0.7755789756774902
HG_BraTS20_Training_338,0.80160594,0.60668063,0.41248485,0.41248485,0.6069238185882568
HG_BraTS20_Training_344,0.874523,0.6867952,0.44251397,0.44251397,0.6679440339406332
HG_BraTS20_Training_352,0.5215863,0.20332856,0.26551926,0.26551926,0.3301447033882141
LG_BraTS20_Training_262,0.8540775,0.33054155,7.6028284e-13,7.6028284e-13,0.3948730230331421
LG_BraTS20_Training_275,0.6927849,0.21340688,3.4722223e-12,3.4722223e-12,0.3020639220873515
LG_BraTS20_Training_278,0.8243842,0.5315908,6.109855e-13,6.109855e-13,0.4519916772842407
LG_BraTS20_Training_283,0.91547924,0.44515797,0.46590185,0.46590185,0.6088463465372721
LG_BraTS20_Training_291,0.92385525,0.7317987,0.0023253018,0.0023253018,0.5526597499847412
LG_BraTS20_Training_292,0.862318,0.761222,0.20999023,0.20999023,0.6111767292022705
LG_BraTS20_Training_294,0.8929412,0.7302204,7.155635e-13,7.155635e-13,0.541053851445516
LG_BraTS20_Training_297,0.642651,0.66524696,1.7736786e-12,1.7736786e-12,0.43596601486206055
LG_BraTS20_Training_310,0.88612765,0.6208658,4.8227633e-13,4.8227633e-13,0.5023311773935953
LG_BraTS20_Training_324,0.8066116,0.32228628,1.3130252e-12,1.3130252e-12,0.37629930178324383
t1cet1
HG_BraTS20_Training_010,0.4502939,0.68600667,0.7630187,0.7630187,0.6331064303716024
HG_BraTS20_Training_012,0.63810146,0.7350667,0.65902996,0.65902996,0.6773993968963623
HG_BraTS20_Training_020,0.75579464,0.71044916,0.5581167,0.5581167,0.6747868061065674
HG_BraTS20_Training_070,0.67200863,0.76691145,0.58744,0.58744,0.6754533449808756
HG_BraTS20_Training_089,0.7522047,0.6683727,0.869499,0.869499,0.7633588314056396
HG_BraTS20_Training_119,0.49973786,0.794522,0.6674703,0.6674703,0.6539100011189779
HG_BraTS20_Training_124,0.79919076,0.79222685,0.68446845,0.68446845,0.7586286862691244
HG_BraTS20_Training_128,0.030119326,6.807352e-12,7.3855245e-12,7.836991e-12,0.010039775321880976
HG_BraTS20_Training_134,0.56260943,0.61379063,0.5794707,0.5794707,0.585290273030599
HG_BraTS20_Training_140,0.88180465,0.8873357,0.7693092,0.7693092,0.8461498419443766
HG_BraTS20_Training_150,0.8019189,0.8718441,0.88672674,0.88672674,0.8534965515136719
HG_BraTS20_Training_180,0.6318162,0.67254853,0.71264863,0.71264863,0.6723377704620361
HG_BraTS20_Training_188,0.49387482,0.7269087,0.64937705,0.64937705,0.6233868598937988
HG_BraTS20_Training_191,0.7162131,0.69226587,0.696117,0.696117,0.7015319665273031
HG_BraTS20_Training_201,0.7544377,0.8854721,0.847606,0.847606,0.829171895980835
HG_BraTS20_Training_211,0.7578634,0.89343584,0.7855106,0.7855106,0.812269926071167
HG_BraTS20_Training_212,0.56536806,0.5751753,0.6040783,0.6040783,0.5815405448277792
HG_BraTS20_Training_226,0.7603305,0.89334387,0.85765564,0.85765564,0.8371100425720215
HG_BraTS20_Training_232,0.6397517,0.73388404,0.7079035,0.7079035,0.6938463846842448
HG_BraTS20_Training_241,0.5466061,0.65273154,0.6774995,0.6774995,0.6256124178568522
HG_BraTS20_Training_245,0.72870195,0.6983536,0.7073371,0.7073371,0.7114642461140951
HG_BraTS20_Training_246,0.7756897,0.6553469,0.7985991,0.7985991,0.7432119051615397
HG_BraTS20_Training_336,0.7822188,0.8321274,0.73600346,0.73600346,0.7834498882293701
HG_BraTS20_Training_338,0.77058035,0.84668684,0.85329425,0.85329425,0.8235205014546713
HG_BraTS20_Training_344,0.7974761,0.75171846,0.58428127,0.58428127,0.7111585934956869
HG_BraTS20_Training_352,0.7384048,0.64061695,0.8416233,0.8416233,0.740214983622233
LG_BraTS20_Training_262,0.69148844,0.5072101,4.7348484e-12,4.7348484e-12,0.3995661735534668
LG_BraTS20_Training_275,0.048509076,9.459843e-13,7.142857e-10,1.0,0.016169692079226177
LG_BraTS20_Training_278,0.30325446,0.007466011,1.9853086e-12,1.9853086e-12,0.10357349117596944
LG_BraTS20_Training_283,0.35983276,0.73077536,0.7349534,0.7349534,0.6085205078125
LG_BraTS20_Training_291,0.7119224,0.6355884,0.052919183,0.052919183,0.4668099880218506
LG_BraTS20_Training_292,0.7635244,0.7018654,0.52508634,0.52508634,0.6634920438130697
LG_BraTS20_Training_294,0.69058156,0.38765424,2.5654181e-12,2.5654181e-12,0.35941195487976074
LG_BraTS20_Training_297,0.35474432,0.501601,8.55432e-12,8.55432e-12,0.28544843196868896
LG_BraTS20_Training_310,0.6610461,0.43978745,1.8772293e-12,1.8772293e-12,0.36694451173146564
LG_BraTS20_Training_324,0.545784,0.059508737,3.10752e-12,3.10752e-12,0.20176424582799277
t1cet2
HG_BraTS20_Training_010,0.6542271,0.6653976,0.75825477,0.75825477,0.6926264762878418
HG_BraTS20_Training_012,0.77994186,0.7563506,0.66221595,0.66221595,0.7328360875447592
HG_BraTS20_Training_020,0.855923,0.78032243,0.5543714,0.5543714,0.7302056153615316
HG_BraTS20_Training_070,0.8288435,0.80206454,0.60035926,0.60035926,0.7437557379404703
HG_BraTS20_Training_089,0.8403016,0.53051305,0.80686855,0.80686855,0.7258943716684977
HG_BraTS20_Training_119,0.64521295,0.7747199,0.67734474,0.67734474,0.6990925470987955
HG_BraTS20_Training_124,0.88946086,0.8266736,0.7552721,0.7552721,0.8238022327423096
HG_BraTS20_Training_128,0.72885954,0.19279423,0.23656148,0.23656148,0.38607176144917804
HG_BraTS20_Training_134,0.80200505,0.7979309,0.6601792,0.6601792,0.7533717155456543
HG_BraTS20_Training_140,0.90208924,0.8810307,0.76081586,0.76081586,0.8479785919189453
HG_BraTS20_Training_150,0.8925081,0.89910233,0.9119145,0.9119145,0.9011750221252441
HG_BraTS20_Training_180,0.66919476,0.70063555,0.7540326,0.7540326,0.7079543272654215
HG_BraTS20_Training_188,0.6302879,0.69784814,0.6100942,0.6100942,0.6460767189661661
HG_BraTS20_Training_191,0.88383937,0.7308145,0.73227984,0.73227984,0.782311201095581
HG_BraTS20_Training_201,0.85519135,0.90620154,0.8364598,0.8364598,0.8659509023030599
HG_BraTS20_Training_211,0.837432,0.89956385,0.7874857,0.7874857,0.8414939244588217
HG_BraTS20_Training_212,0.720373,0.58294654,0.6109731,0.6109731,0.6380975246429443
HG_BraTS20_Training_226,0.83222055,0.8905676,0.8555714,0.8555714,0.8594532012939453
HG_BraTS20_Training_232,0.75938123,0.76119137,0.63452095,0.63452095,0.7183645566304525
HG_BraTS20_Training_241,0.8100878,0.6754411,0.70585144,0.70585144,0.7304601669311523
HG_BraTS20_Training_245,0.8338785,0.7466573,0.7283795,0.7283795,0.769638458887736
HG_BraTS20_Training_246,0.8460337,0.6738888,0.77897733,0.77897733,0.7662999629974365
HG_BraTS20_Training_336,0.89051163,0.835307,0.8004607,0.8004607,0.8420931498209635
HG_BraTS20_Training_338,0.9013881,0.92402273,0.8668752,0.8668752,0.8974286715189616
HG_BraTS20_Training_344,0.84460074,0.70423615,0.63452244,0.63452244,0.7277864615122477
HG_BraTS20_Training_352,0.8818025,0.6603222,0.85172194,0.85172194,0.7979489167531332
LG_BraTS20_Training_262,0.83167654,0.24311882,1.389854e-12,1.389854e-12,0.35826512177785236
LG_BraTS20_Training_275,0.64643353,0.17873482,2.9524653e-12,2.9524653e-12,0.2750561237335205
LG_BraTS20_Training_278,0.7561396,0.13906263,1.4245015e-12,1.4245015e-12,0.29840073982874554
LG_BraTS20_Training_283,0.8771336,0.7019583,0.8233395,0.8233395,0.8008104960123698
LG_BraTS20_Training_291,0.91554546,0.7656201,0.023573985,0.023573985,0.5682465235392252
LG_BraTS20_Training_292,0.8949044,0.6401658,0.43984064,0.43984064,0.6583036184310913
LG_BraTS20_Training_294,0.884164,0.57575655,1.3993843e-12,1.3993843e-12,0.4866401751836141
LG_BraTS20_Training_297,0.6484866,0.49549338,9.592326e-13,9.592326e-13,0.38132667541503906
LG_BraTS20_Training_310,0.74822414,0.40367237,5.019072e-13,5.019072e-13,0.38396549224853516
LG_BraTS20_Training_324,0.69665986,0.15259524,1.1470521e-12,1.1470521e-12,0.28308502833048504
flair
HG_BraTS20_Training_010,0.7057762,0.22504553,0.2402161,0.2402161,0.3903459707895915
HG_BraTS20_Training_012,0.785346,0.5906187,0.25491804,0.25491804,0.5436275800069174
HG_BraTS20_Training_020,0.87597215,0.68102235,0.27239108,0.27239108,0.6097951730092367
HG_BraTS20_Training_070,0.8333644,0.28620696,0.1040999,0.1040999,0.4078904390335083
HG_BraTS20_Training_089,0.837378,0.36654565,0.14202636,0.14202636,0.4486500422159831
HG_BraTS20_Training_119,0.7056851,0.6477689,0.34106377,0.34106377,0.564839243888855
HG_BraTS20_Training_124,0.9258706,0.7342313,0.31665522,0.31665522,0.6589190165201823
HG_BraTS20_Training_128,0.7557853,0.040561065,0.0030287732,0.0030287732,0.2664583722750346
HG_BraTS20_Training_134,0.68638086,0.366039,0.08639876,0.08639876,0.3796062072118123
HG_BraTS20_Training_140,0.93919206,0.8176681,0.52168876,0.52168876,0.7595163186391195
HG_BraTS20_Training_150,0.76026016,0.46179813,0.09681491,0.09681491,0.4396243890126546
HG_BraTS20_Training_180,0.7715933,0.6521934,0.38839537,0.38839537,0.6040606498718262
HG_BraTS20_Training_188,0.7186656,0.59774923,0.18863821,0.18863821,0.5016843477884928
HG_BraTS20_Training_191,0.92969406,0.564017,0.37315223,0.37315223,0.6222877502441406
HG_BraTS20_Training_201,0.920199,0.8471902,0.47020227,0.47020227,0.7458638350168864
HG_BraTS20_Training_211,0.7954948,0.606464,0.0815273,0.0815273,0.4944953918457031
HG_BraTS20_Training_212,0.6699554,0.38088536,0.077952005,0.077952005,0.3762642542521159
HG_BraTS20_Training_226,0.83452934,0.5492231,0.20779333,0.20779333,0.5305152734120687
HG_BraTS20_Training_232,0.7964613,0.5617698,0.33082628,0.33082628,0.5630191167195638
HG_BraTS20_Training_241,0.8200585,0.2160789,0.11434705,0.11434705,0.38349485397338867
HG_BraTS20_Training_245,0.77093375,0.6340266,0.36630762,0.36630762,0.5904226700464884
HG_BraTS20_Training_246,0.7886296,0.36040103,0.06694256,0.06694256,0.40532441933949787
HG_BraTS20_Training_336,0.9248895,0.7932393,0.46428445,0.46428445,0.727471113204956
HG_BraTS20_Training_338,0.84062713,0.65504444,0.34568492,0.34568492,0.61378546555837
HG_BraTS20_Training_344,0.83647007,0.6605979,0.44727218,0.44727218,0.6481133699417114
HG_BraTS20_Training_352,0.4576217,0.035280712,0.0381113,0.0381113,0.17700457572937012
LG_BraTS20_Training_262,0.84441304,0.14054054,1.5356266e-12,1.5356266e-12,0.32831786076227826
LG_BraTS20_Training_275,0.6412019,0.14496699,3.6140225e-12,3.6140225e-12,0.26205631097157794
LG_BraTS20_Training_278,0.80782896,0.3928289,1.596424e-12,1.596424e-12,0.40021928151448566
LG_BraTS20_Training_283,0.8937776,0.52948207,0.3038546,0.3038546,0.5757047732671102
LG_BraTS20_Training_291,0.9232721,0.63585883,0.0026649474,0.0026649474,0.5205986102422079
LG_BraTS20_Training_292,0.7448758,0.40090245,0.17919075,0.17919075,0.44165631135304767
LG_BraTS20_Training_294,0.868583,0.6181353,1.2177301e-12,1.2177301e-12,0.4955727656682332
LG_BraTS20_Training_297,0.3569042,0.12780137,9.746589e-12,9.746589e-12,0.1615685224533081
LG_BraTS20_Training_310,0.8628381,0.61687374,3.6915352e-13,3.6915352e-13,0.4932372570037842
LG_BraTS20_Training_324,0.7082808,0.21790999,7.9630513e-13,7.9630513e-13,0.30873026450475055
t1
HG_BraTS20_Training_010,0.48992836,0.5932939,0.27763936,0.27763936,0.4536205530166626
HG_BraTS20_Training_012,0.6396137,0.62861454,0.3189062,0.3189062,0.5290448268254598
HG_BraTS20_Training_020,0.7761235,0.60805213,0.19733371,0.19733371,0.5271697839101156
HG_BraTS20_Training_070,0.7398567,0.72140783,0.25312647,0.25312647,0.5714637041091919
HG_BraTS20_Training_089,0.75418,0.11680758,0.12109275,0.12109275,0.33069344361623126
HG_BraTS20_Training_119,0.51353866,0.7621167,0.1654508,0.1654508,0.480368693669637
HG_BraTS20_Training_124,0.81096095,0.5784357,0.25430652,0.25430652,0.5479010740915934
HG_BraTS20_Training_128,0.14234011,7.1890727e-12,7.836991e-12,7.836991e-12,0.04744670291741689
HG_BraTS20_Training_134,0.46457523,0.46335736,0.14909525,0.14909525,0.35900930563608807
HG_BraTS20_Training_140,0.83515364,0.82932585,0.17954466,0.17954466,0.6146747271219889
HG_BraTS20_Training_150,0.7275198,0.2973918,0.24921218,0.24921218,0.42470792929331463
HG_BraTS20_Training_180,0.48548907,0.20307674,0.10448793,0.10448793,0.2643512487411499
HG_BraTS20_Training_188,0.4895512,0.6922866,0.522894,0.522894,0.568243940671285
HG_BraTS20_Training_191,0.45113808,0.1738528,0.10635209,0.10635209,0.24378099044164023
HG_BraTS20_Training_201,0.540001,0.18731527,0.14030273,0.14030273,0.289206326007843
HG_BraTS20_Training_211,0.6808733,0.74388885,0.38212544,0.38212544,0.6022958755493164
HG_BraTS20_Training_212,0.628437,0.40365973,0.15359572,0.15359572,0.39523080984751385
HG_BraTS20_Training_226,0.73071384,0.64904666,0.19456643,0.19456643,0.5247756640116373
HG_BraTS20_Training_232,0.6528005,0.30684057,0.24428265,0.24428265,0.4013079007466634
HG_BraTS20_Training_241,0.62962085,0.4333109,0.093220204,0.093220204,0.38538400332132977
HG_BraTS20_Training_245,0.6429119,0.41181964,0.25330943,0.25330943,0.43601369857788086
HG_BraTS20_Training_246,0.79266715,0.5626269,0.27023745,0.27023745,0.5418438116709391
HG_BraTS20_Training_336,0.74540234,0.6627513,0.3409268,0.3409268,0.5830268065134684
HG_BraTS20_Training_338,0.5937052,0.3471099,0.1456759,0.1456759,0.3621636629104614
HG_BraTS20_Training_344,0.78668183,0.59641147,0.3392208,0.3392208,0.5741047064463297
HG_BraTS20_Training_352,0.69026095,0.21933714,0.3158066,0.3158066,0.40846824645996094
LG_BraTS20_Training_262,0.5987737,0.6429363,2.370792e-12,2.370792e-12,0.41390331586201984
LG_BraTS20_Training_275,1.5949727e-13,6.1173305e-13,2.6014568e-12,2.6014568e-12,1.1242290374099035e-12
LG_BraTS20_Training_278,0.5384842,0.40490922,9.0711173e-13,9.0711173e-13,0.3144644896189372
LG_BraTS20_Training_283,2.1535016e-13,8.7504374e-13,8.865248e-13,8.865248e-13,6.589728762662617e-13
LG_BraTS20_Training_291,0.79093885,0.73640347,0.01149746,0.01149746,0.512946605682373
LG_BraTS20_Training_292,0.7969446,0.7596849,0.19127426,0.19127426,0.5826346079508463
LG_BraTS20_Training_294,0.7391514,0.6046661,9.819324e-13,9.819324e-13,0.4479391574859619
LG_BraTS20_Training_297,0.4710851,0.6178771,1.6641704e-12,1.6641704e-12,0.3629873991012573
LG_BraTS20_Training_310,0.72684294,0.63572,8.6722746e-13,8.6722746e-13,0.45418763160705566
LG_BraTS20_Training_324,0.47660163,0.26309508,2.850627e-12,2.850627e-12,0.246565580368042
t1c
HG_BraTS20_Training_010,0.42027566,0.7339099,0.7843831,0.7843831,0.6461895306905111
HG_BraTS20_Training_012,0.5852593,0.6968032,0.6272563,0.6272563,0.6364396015803019
HG_BraTS20_Training_020,0.49427053,0.3651196,0.38086388,0.38086388,0.4134180148442586
HG_BraTS20_Training_070,0.47739038,0.5858981,0.5087317,0.5087317,0.524006724357605
HG_BraTS20_Training_089,0.59737116,0.73220754,0.8951521,0.8951521,0.7415769100189209
HG_BraTS20_Training_119,0.46837506,0.72794366,0.61298513,0.61298513,0.6031012932459513
HG_BraTS20_Training_124,0.4609231,0.3666582,0.40725684,0.40725684,0.4116127093633016
HG_BraTS20_Training_128,2.8766217e-13,5.8997048e-12,6.329114e-12,7.836991e-12,4.172160302425472e-12
HG_BraTS20_Training_134,0.50749475,0.5995642,0.5204876,0.5204876,0.5425155162811279
HG_BraTS20_Training_140,0.82174885,0.83797014,0.7416825,0.7416825,0.8004671732584635
HG_BraTS20_Training_150,0.7486073,0.8775623,0.89340514,0.89340514,0.8398582140604655
HG_BraTS20_Training_180,0.6454125,0.71994966,0.7092559,0.7092559,0.6915393670399984
HG_BraTS20_Training_188,0.43951777,0.6897416,0.61291254,0.61291254,0.5807239611943563
HG_BraTS20_Training_191,0.6812024,0.73341286,0.73003423,0.73003423,0.7148831685384115
HG_BraTS20_Training_201,0.70394117,0.8300184,0.81539655,0.81539655,0.783118724822998
HG_BraTS20_Training_211,0.6964559,0.83046573,0.7320016,0.7320016,0.7529744307200114
HG_BraTS20_Training_212,0.3667955,0.4133005,0.51413924,0.51413924,0.4314117431640625
HG_BraTS20_Training_226,0.7598441,0.8964549,0.86635476,0.86635476,0.8408846060434977
HG_BraTS20_Training_232,0.593045,0.7774176,0.7239568,0.7239568,0.6981398264567057
HG_BraTS20_Training_241,0.43629357,0.56391186,0.57805777,0.57805777,0.5260877211888632
HG_BraTS20_Training_245,0.6062427,0.6271391,0.6501226,0.6501226,0.6278347969055176
HG_BraTS20_Training_246,0.70277166,0.646807,0.795328,0.795328,0.7149688402811686
HG_BraTS20_Training_336,0.70532846,0.72846234,0.69869024,0.69869024,0.7108270327250162
HG_BraTS20_Training_338,0.8157825,0.91325086,0.8560233,0.8560233,0.861685593922933
HG_BraTS20_Training_344,0.71439284,0.5830291,0.5512001,0.5512001,0.6162073612213135
HG_BraTS20_Training_352,0.7310959,0.7054792,0.8734706,0.8734706,0.7700152397155762
LG_BraTS20_Training_262,0.56271625,0.5417204,2.3474177e-11,1.0,0.36814554532368976
LG_BraTS20_Training_275,2.8233435e-13,9.260974e-13,4.1493777e-11,1.0,1.4234069941239843e-11
LG_BraTS20_Training_278,0.1211089,0.002041953,2.0092426e-12,2.0092426e-12,0.041050282617410026
LG_BraTS20_Training_283,0.4347963,0.800018,0.7976657,0.7976657,0.6774933338165283
LG_BraTS20_Training_291,0.20158854,0.06011142,7.936508e-11,7.936508e-11,0.08723332484563191
LG_BraTS20_Training_292,0.43849516,0.37774748,0.30251586,0.30251586,0.3729194800059001
LG_BraTS20_Training_294,0.1831219,0.0033384166,9.0399563e-13,9.0399563e-13,0.06215343872706095
LG_BraTS20_Training_297,0.042852465,0.077296846,1.8494544e-12,1.8494544e-12,0.04004977146784464
LG_BraTS20_Training_310,0.30189586,0.12477092,6.319115e-13,6.319115e-13,0.14222225546836853
LG_BraTS20_Training_324,0.3677042,0.011481208,1.59821e-12,1.59821e-12,0.12639513611793518
t2
HG_BraTS20_Training_010,0.6385989,0.61555314,0.24489796,0.24489796,0.49968334039052326
HG_BraTS20_Training_012,0.76399153,0.5515693,0.3513016,0.3513016,0.5556208292643229
HG_BraTS20_Training_020,0.86201924,0.74215037,0.35163736,0.35163736,0.6519356568654379
HG_BraTS20_Training_070,0.8322385,0.5442534,0.19818118,0.19818118,0.5248910188674927
HG_BraTS20_Training_089,0.8205261,0.4143889,0.36667937,0.36667937,0.5338648160298666
HG_BraTS20_Training_119,0.5824863,0.6585126,0.2959559,0.2959559,0.5123182535171509
HG_BraTS20_Training_124,0.8804059,0.71704084,0.36301717,0.36301717,0.6534879604975382
HG_BraTS20_Training_128,0.6920895,0.08971824,0.09957702,0.09957702,0.2937949101130168
HG_BraTS20_Training_134,0.7616387,0.7039356,0.34467626,0.34467626,0.6034168402353922
HG_BraTS20_Training_140,0.8849958,0.80869836,0.3306583,0.3306583,0.6747841040293375
HG_BraTS20_Training_150,0.86087245,0.72154605,0.52743214,0.52743214,0.7032835483551025
HG_BraTS20_Training_180,0.65980357,0.45301878,0.27215278,0.27215278,0.4616583585739136
HG_BraTS20_Training_188,0.6349559,0.6465513,0.4640315,0.4640315,0.5818462371826172
HG_BraTS20_Training_191,0.9058437,0.49743432,0.25911778,0.25911778,0.5541319052378336
HG_BraTS20_Training_201,0.85938984,0.79352796,0.5871172,0.5871172,0.746678352355957
HG_BraTS20_Training_211,0.8232807,0.77932125,0.54027987,0.54027987,0.7142939567565918
HG_BraTS20_Training_212,0.7536996,0.5622464,0.26074925,0.26074925,0.5255650679270426
HG_BraTS20_Training_226,0.8414908,0.778037,0.2965258,0.2965258,0.6386845509211222
HG_BraTS20_Training_232,0.74719715,0.5523306,0.41480815,0.41480815,0.5714453061421713
HG_BraTS20_Training_241,0.7751339,0.4506087,0.4094366,0.4094366,0.5450597206751505
HG_BraTS20_Training_245,0.83095086,0.7735806,0.49562785,0.49562785,0.7000531355539957
HG_BraTS20_Training_246,0.8135495,0.6370792,0.3927946,0.3927946,0.6144744555155436
HG_BraTS20_Training_336,0.91083246,0.7316923,0.49721962,0.49721962,0.713248093922933
HG_BraTS20_Training_338,0.8938995,0.7188962,0.44836265,0.44836265,0.6870528062184652
HG_BraTS20_Training_344,0.8075614,0.68120164,0.29647428,0.29647428,0.5950791041056315
HG_BraTS20_Training_352,0.897492,0.43896395,0.44427255,0.44427255,0.5935761531194051
LG_BraTS20_Training_262,0.8231591,0.23216113,5.6442963e-13,5.6442963e-13,0.3517734209696452
LG_BraTS20_Training_275,0.7062373,0.1885811,6.22665e-12,6.22665e-12,0.2982728083928426
LG_BraTS20_Training_278,0.813018,0.51326036,8.0632154e-13,8.0632154e-13,0.4420928160349528
LG_BraTS20_Training_283,0.84942746,0.35953048,0.34403586,0.34403586,0.5176645914713541
LG_BraTS20_Training_291,0.92992496,0.70190156,0.007963247,0.007963247,0.5465966065724691
LG_BraTS20_Training_292,0.888568,0.46248105,0.12948565,0.12948565,0.4935115575790405
LG_BraTS20_Training_294,0.8836434,0.59381235,8.2034455e-13,8.2034455e-13,0.492485245068868
LG_BraTS20_Training_297,0.6577591,0.49937958,1.1106175e-12,1.1106175e-12,0.3857128620147705
LG_BraTS20_Training_310,0.84217113,0.60848117,1.1519411e-12,1.1519411e-12,0.4835507869720459
LG_BraTS20_Training_324,0.7358069,0.30725121,1.0632642e-12,1.0632642e-12,0.3476860523223877
WT Dice,TC Dice,ET Dice,ETPro Dice,WT HD95,TC HD95,ET HD95ETPro HD95
flairt1cet1t2
HG_BraTS20_Training_010,0.7552013,0.5815609,0.75501543,0.75501543,0.6972591876983643
HG_BraTS20_Training_012,0.83535856,0.78556997,0.66171765,0.66171765,0.7608820597330729
HG_BraTS20_Training_020,0.8760754,0.79920113,0.5859828,0.5859828,0.7537531057993571
HG_BraTS20_Training_070,0.87342554,0.8642011,0.64098656,0.64098656,0.7928710778554281
HG_BraTS20_Training_089,0.81708324,0.45058015,0.7898776,0.7898776,0.6858469645182291
HG_BraTS20_Training_119,0.7324739,0.7962465,0.6735144,0.6735144,0.7340782483418783
HG_BraTS20_Training_124,0.9120464,0.8611795,0.7927017,0.7927017,0.8553091684977213
HG_BraTS20_Training_128,0.8243269,0.1660239,0.22620545,0.22620545,0.40551873048146564
HG_BraTS20_Training_134,0.8293471,0.80022246,0.67325294,0.67325294,0.7676075299580892
HG_BraTS20_Training_140,0.9347191,0.8878982,0.7724621,0.7724621,0.8650264739990234
HG_BraTS20_Training_150,0.9271256,0.8707207,0.9094286,0.9094286,0.9024249712626139
HG_BraTS20_Training_180,0.70031446,0.7559307,0.8224305,0.8224305,0.7595585187276205
HG_BraTS20_Training_188,0.7537884,0.63545024,0.5955797,0.5955797,0.6616060733795166
HG_BraTS20_Training_191,0.9059225,0.8308099,0.77212805,0.77212805,0.8362867832183838
HG_BraTS20_Training_201,0.8933758,0.91576153,0.82844824,0.82844824,0.8791952133178711
HG_BraTS20_Training_211,0.8604288,0.88136333,0.7986412,0.7986412,0.8468111356099447
HG_BraTS20_Training_212,0.8155126,0.71684796,0.6291991,0.6291991,0.7205198605855306
HG_BraTS20_Training_226,0.8831001,0.927303,0.85433954,0.85433954,0.888247569402059
HG_BraTS20_Training_232,0.8688751,0.70724356,0.5873815,0.5873815,0.7211667696634928
HG_BraTS20_Training_241,0.8542794,0.7327639,0.72841924,0.72841924,0.771820863087972
HG_BraTS20_Training_245,0.86878854,0.80452275,0.689319,0.689319,0.7875434557596842
HG_BraTS20_Training_246,0.891742,0.69744086,0.77379006,0.77379006,0.7876576582590739
HG_BraTS20_Training_336,0.92335767,0.9335524,0.84538144,0.84538144,0.9007638295491537
HG_BraTS20_Training_338,0.9126595,0.9117134,0.87487626,0.87487626,0.899749755859375
HG_BraTS20_Training_344,0.8673629,0.7470424,0.58201885,0.58201885,0.7321414152781168
HG_BraTS20_Training_352,0.9031031,0.55059654,0.84204483,0.84204483,0.7652481396993002
LG_BraTS20_Training_262,0.8385034,0.2856134,1.4894251e-12,1.4894251e-12,0.37470559279123944
LG_BraTS20_Training_275,0.71435916,0.23156375,2.236636e-12,2.236636e-12,0.3153076370557149
LG_BraTS20_Training_278,0.8377703,0.43153715,1.7962997e-12,1.7962997e-12,0.4231024583180745
LG_BraTS20_Training_283,0.90694356,0.67760676,0.8173646,0.8173646,0.8006383577982584
LG_BraTS20_Training_291,0.9355967,0.74806166,0.01753609,0.01753609,0.5670648018519083
LG_BraTS20_Training_292,0.88961375,0.77113104,0.38355634,0.38355634,0.6814336776733398
LG_BraTS20_Training_294,0.90454835,0.72034216,1.2618296e-12,1.2618296e-12,0.5416301886240641
LG_BraTS20_Training_297,0.7514319,0.61761683,1.6283992e-12,1.6283992e-12,0.45634957154591876
LG_BraTS20_Training_310,0.89125484,0.6125031,6.4119006e-13,6.4119006e-13,0.5012526512145996
LG_BraTS20_Training_324,0.8818149,0.22080252,2.1934635e-12,2.1934635e-12,0.36753912766774494
t1cet1t2
HG_BraTS20_Training_010,0.65384847,0.5479754,0.6986655,0.6986655,0.6334964831670126
HG_BraTS20_Training_012,0.81502366,0.7790389,0.67705727,0.67705727,0.7570399443308512
HG_BraTS20_Training_020,0.86389405,0.80189013,0.5815543,0.5815543,0.7491127649943033
HG_BraTS20_Training_070,0.7463727,0.8631748,0.6357317,0.6357317,0.7484264373779297
HG_BraTS20_Training_089,0.80713993,0.49349236,0.8063277,0.8063277,0.7023199399312338
HG_BraTS20_Training_119,0.6089844,0.7892626,0.67150444,0.67150444,0.6899171670277914
HG_BraTS20_Training_124,0.90026546,0.84787357,0.78042376,0.78042376,0.8428542613983154
HG_BraTS20_Training_128,0.81382096,0.19828494,0.24897054,0.24897054,0.4203588167826335
HG_BraTS20_Training_134,0.7571605,0.7555102,0.6601677,0.6601677,0.7242794831593832
HG_BraTS20_Training_140,0.9089684,0.887464,0.7762357,0.7762357,0.8575560251871744
HG_BraTS20_Training_150,0.8864041,0.90300417,0.92394716,0.92394716,0.9044517676035563
HG_BraTS20_Training_180,0.68114,0.72170454,0.80680966,0.80680966,0.7365514437357584
HG_BraTS20_Training_188,0.665568,0.6898907,0.6121662,0.6121662,0.6558749675750732
HG_BraTS20_Training_191,0.8797658,0.7732348,0.77295476,0.77295476,0.8086517651875814
HG_BraTS20_Training_201,0.8608135,0.91552585,0.85081255,0.85081255,0.8757173220316569
HG_BraTS20_Training_211,0.82273513,0.90643513,0.802115,0.802115,0.8437617619832357
HG_BraTS20_Training_212,0.77870333,0.7007487,0.63630825,0.63630825,0.7052534421284994
HG_BraTS20_Training_226,0.8362811,0.9181031,0.87678945,0.87678945,0.8770578702290853
HG_BraTS20_Training_232,0.820903,0.7403615,0.58648086,0.58648086,0.7159151236216227
HG_BraTS20_Training_241,0.81632435,0.7293853,0.74250615,0.74250615,0.7627385457356771
HG_BraTS20_Training_245,0.8710606,0.7907819,0.7780981,0.7780981,0.8133135636647543
HG_BraTS20_Training_246,0.80205333,0.69685405,0.7968724,0.7968724,0.7652599016825358
HG_BraTS20_Training_336,0.90441394,0.8988414,0.83264333,0.83264333,0.8786328633626302
HG_BraTS20_Training_338,0.88886833,0.9200215,0.88198733,0.88198733,0.8969590663909912
HG_BraTS20_Training_344,0.8637015,0.7385881,0.6232732,0.6232732,0.7418542702992758
HG_BraTS20_Training_352,0.8739255,0.64579594,0.8227848,0.8227848,0.7808354695638021
LG_BraTS20_Training_262,0.77405554,0.3241599,1.4907573e-12,1.4907573e-12,0.36607182025909424
LG_BraTS20_Training_275,0.5346378,0.21987952,1.8389114e-12,1.8389114e-12,0.2515057722727458
LG_BraTS20_Training_278,0.8074067,0.29232556,1.7705383e-12,1.7705383e-12,0.36657742659250897
LG_BraTS20_Training_283,0.8394293,0.6907772,0.79636055,0.79636055,0.7755223115285238
LG_BraTS20_Training_291,0.9192186,0.75648314,0.022398414,0.022398414,0.566033403078715
LG_BraTS20_Training_292,0.8814243,0.7467535,0.40993056,0.40993056,0.6793694496154785
LG_BraTS20_Training_294,0.8807476,0.63964206,1.438435e-12,1.438435e-12,0.5067965586980184
LG_BraTS20_Training_297,0.69614625,0.57396007,1.2380834e-12,1.2380834e-12,0.42336877187093097
LG_BraTS20_Training_310,0.7390012,0.5419041,4.932912e-13,4.932912e-13,0.42696841557820636
LG_BraTS20_Training_324,0.6851076,0.13170312,1.8525379e-12,1.8525379e-12,0.2722702423731486
flairt1cet2
HG_BraTS20_Training_010,0.7767994,0.66766065,0.78783196,0.78783196,0.7440973122914633
HG_BraTS20_Training_012,0.83183545,0.7991396,0.6831359,0.6831359,0.7713703314463297
HG_BraTS20_Training_020,0.87411505,0.78895533,0.5823081,0.5823081,0.7484594980875651
HG_BraTS20_Training_070,0.8669029,0.83569264,0.6281173,0.6281173,0.7769042650858561
HG_BraTS20_Training_089,0.8180359,0.4664628,0.82966936,0.82966936,0.7047227223714193
HG_BraTS20_Training_119,0.73046863,0.78479373,0.67316765,0.67316765,0.7294766902923584
HG_BraTS20_Training_124,0.90854895,0.8595011,0.7870545,0.7870545,0.8517014980316162
HG_BraTS20_Training_128,0.8222323,0.17122778,0.27218768,0.27218768,0.4218825896581014
HG_BraTS20_Training_134,0.8351103,0.80723417,0.68437207,0.68437207,0.775572141011556
HG_BraTS20_Training_140,0.9317637,0.88905764,0.7775747,0.7775747,0.8661320209503174
HG_BraTS20_Training_150,0.92555034,0.8768472,0.9063425,0.9063425,0.9029133319854736
HG_BraTS20_Training_180,0.6842827,0.7393565,0.8234545,0.8234545,0.7490312258402506
HG_BraTS20_Training_188,0.7513723,0.6216883,0.60984904,0.60984904,0.6609698931376139
HG_BraTS20_Training_191,0.90691143,0.83831,0.7550323,0.7550323,0.8334178924560547
HG_BraTS20_Training_201,0.8960751,0.90133584,0.8183539,0.8183539,0.8719216187795004
HG_BraTS20_Training_211,0.86615825,0.8806119,0.80070436,0.80070436,0.8491581281026205
HG_BraTS20_Training_212,0.8238843,0.7211494,0.6279054,0.6279054,0.7243130207061768
HG_BraTS20_Training_226,0.8734322,0.92175,0.84001863,0.84001863,0.8784003257751465
HG_BraTS20_Training_232,0.87577665,0.7372245,0.62572587,0.62572587,0.74624236424764
HG_BraTS20_Training_241,0.86221147,0.73062253,0.7141785,0.7141785,0.7690041859944662
HG_BraTS20_Training_245,0.8558606,0.772239,0.63319683,0.63319683,0.7537655035654703
HG_BraTS20_Training_246,0.8887732,0.674422,0.73342305,0.73342305,0.7655394077301025
HG_BraTS20_Training_336,0.9241008,0.9209783,0.8250153,0.8250153,0.8900314966837565
HG_BraTS20_Training_338,0.91218424,0.9246435,0.8740368,0.8740368,0.903621514638265
HG_BraTS20_Training_344,0.85965425,0.73679185,0.56606126,0.56606126,0.7208357652028402
HG_BraTS20_Training_352,0.8734099,0.5600492,0.8445856,0.8445856,0.7593482335408529
LG_BraTS20_Training_262,0.8184142,0.25024357,2.0108587e-12,2.0108587e-12,0.35621925195058185
LG_BraTS20_Training_275,0.7784144,0.2190991,3.6101083e-12,3.6101083e-12,0.3325045108795166
LG_BraTS20_Training_278,0.83220625,0.33411554,2.9770765e-12,2.9770765e-12,0.38877391815185547
LG_BraTS20_Training_283,0.9032156,0.6386033,0.77500504,0.77500504,0.7722746531168619
LG_BraTS20_Training_291,0.9388138,0.75831115,0.025019305,0.025019305,0.5740480820337931
LG_BraTS20_Training_292,0.9057814,0.8005499,0.49284333,0.49284333,0.7330582141876221
LG_BraTS20_Training_294,0.9125994,0.7350701,2.4826215e-12,2.4826215e-12,0.5492231845855713
LG_BraTS20_Training_297,0.72381145,0.5705896,1.4156286e-12,1.4156286e-12,0.4314670165379842
LG_BraTS20_Training_310,0.8787695,0.5752406,6.685386e-13,6.685386e-13,0.4846700429916382
LG_BraTS20_Training_324,0.8545409,0.16202928,2.187705e-12,2.187705e-12,0.3388567368189494
flairt1t2
HG_BraTS20_Training_010,0.7430874,0.39383495,0.17092294,0.17092294,0.4359484513600667
HG_BraTS20_Training_012,0.8367715,0.661802,0.3661689,0.3661689,0.6215807994206747
HG_BraTS20_Training_020,0.87366325,0.7754901,0.39380434,0.39380434,0.6809859275817871
HG_BraTS20_Training_070,0.8723824,0.70989656,0.25706297,0.25706297,0.6131139596303304
HG_BraTS20_Training_089,0.7992084,0.344401,0.23574822,0.23574822,0.45978585879007977
HG_BraTS20_Training_119,0.69374853,0.5646658,0.3098102,0.3098102,0.5227414766947428
HG_BraTS20_Training_124,0.9092676,0.7418826,0.41539907,0.41539907,0.6888497670491537
HG_BraTS20_Training_128,0.7925317,0.104570456,0.08490779,0.08490779,0.3273366490999858
HG_BraTS20_Training_134,0.8408416,0.7377326,0.39830428,0.39830428,0.6589594682057699
HG_BraTS20_Training_140,0.92298156,0.8247944,0.24499872,0.24499872,0.6642582416534424
HG_BraTS20_Training_150,0.8994645,0.7257591,0.47972956,0.47972956,0.7016510963439941
HG_BraTS20_Training_180,0.67592955,0.55865085,0.44348925,0.44348925,0.5593565305074056
HG_BraTS20_Training_188,0.76414883,0.54113466,0.3937141,0.3937141,0.5663325389226278
HG_BraTS20_Training_191,0.92179614,0.6383337,0.334071,0.334071,0.6314003070195516
HG_BraTS20_Training_201,0.91436315,0.84850204,0.65885127,0.65885127,0.8072388172149658
HG_BraTS20_Training_211,0.845897,0.8004778,0.49071535,0.49071535,0.7123634020487467
HG_BraTS20_Training_212,0.82359326,0.6892388,0.331166,0.331166,0.6146660248438517
HG_BraTS20_Training_226,0.8781171,0.8806552,0.38761926,0.38761926,0.7154638767242432
HG_BraTS20_Training_232,0.8871861,0.508208,0.36626267,0.36626267,0.5872189203898112
HG_BraTS20_Training_241,0.8533048,0.5863165,0.49431533,0.49431533,0.6446455319722494
HG_BraTS20_Training_245,0.8718161,0.80565673,0.62530625,0.62530625,0.7675930658976237
HG_BraTS20_Training_246,0.8924565,0.65042156,0.49702758,0.49702758,0.679968516031901
HG_BraTS20_Training_336,0.9169322,0.88385457,0.5965116,0.5965116,0.7990994453430176
HG_BraTS20_Training_338,0.8884645,0.772594,0.4993672,0.4993672,0.7201418876647949
HG_BraTS20_Training_344,0.861853,0.63579905,0.35228154,0.35228154,0.616644541422526
HG_BraTS20_Training_352,0.87277985,0.29363832,0.45814028,0.45814028,0.5415194829305013
LG_BraTS20_Training_262,0.8133966,0.23835334,5.00075e-13,5.00075e-13,0.3505833148956299
LG_BraTS20_Training_275,0.7107317,0.24312821,1.6482611e-12,1.6482611e-12,0.31795330842336017
LG_BraTS20_Training_278,0.85109514,0.65639585,5.411255e-13,5.411255e-13,0.5024969975153605
LG_BraTS20_Training_283,0.87994605,0.36810327,0.40705618,0.40705618,0.551701823870341
LG_BraTS20_Training_291,0.9431465,0.6869185,0.0063820495,0.0063820495,0.545482357343038
LG_BraTS20_Training_292,0.8841363,0.8040199,0.1982899,0.1982899,0.6288153727849325
LG_BraTS20_Training_294,0.9046568,0.73278254,5.5512376e-13,5.5512376e-13,0.5458131233851115
LG_BraTS20_Training_297,0.7914265,0.69847435,1.0409077e-12,1.0409077e-12,0.4966336091359456
LG_BraTS20_Training_310,0.9241072,0.7645294,5.631582e-13,5.631582e-13,0.5628788471221924
LG_BraTS20_Training_324,0.90490556,0.4776911,9.338812e-13,9.338812e-13,0.460865577061971
flairt1cet1
HG_BraTS20_Training_010,0.7356362,0.6881032,0.7856072,0.7856072,0.7364489237467448
HG_BraTS20_Training_012,0.8467629,0.8173859,0.7093976,0.7093976,0.7911821206410726
HG_BraTS20_Training_020,0.876045,0.79824096,0.5977991,0.5977991,0.757361650466919
HG_BraTS20_Training_070,0.8978171,0.8444531,0.6368602,0.6368602,0.7930434544881185
HG_BraTS20_Training_089,0.85101575,0.54694474,0.87767357,0.87767357,0.7585446834564209
HG_BraTS20_Training_119,0.7732331,0.8460019,0.73600894,0.73600894,0.7850813070933024
HG_BraTS20_Training_124,0.9233091,0.885662,0.7934994,0.7934994,0.8674902121225992
HG_BraTS20_Training_128,0.84962183,0.306039,0.31457394,0.31457394,0.49007829030354816
HG_BraTS20_Training_134,0.81415176,0.76572067,0.66805625,0.66805625,0.7493095397949219
HG_BraTS20_Training_140,0.93401396,0.90316033,0.7864323,0.7864323,0.8745355606079102
HG_BraTS20_Training_150,0.8884721,0.84066135,0.88176423,0.88176423,0.8702991803487142
HG_BraTS20_Training_180,0.7625364,0.8505041,0.860183,0.860183,0.8244078159332275
HG_BraTS20_Training_188,0.7111978,0.6455908,0.6094169,0.6094169,0.655401865641276
HG_BraTS20_Training_191,0.89180076,0.82074976,0.7822746,0.7822746,0.8316083749135336
HG_BraTS20_Training_201,0.8897202,0.90969384,0.85470974,0.85470974,0.8847079277038574
HG_BraTS20_Training_211,0.87239903,0.874347,0.8006808,0.8006808,0.84914231300354
HG_BraTS20_Training_212,0.7295696,0.57002515,0.58119047,0.58119047,0.6269284089406332
HG_BraTS20_Training_226,0.88217676,0.90310687,0.87405807,0.87405807,0.8864471912384033
HG_BraTS20_Training_232,0.79618984,0.76312804,0.67599404,0.67599404,0.7451039950052897
HG_BraTS20_Training_241,0.8562876,0.7598865,0.7428877,0.7428877,0.7863539059956869
HG_BraTS20_Training_245,0.8227053,0.7975433,0.753131,0.753131,0.7911264896392822
HG_BraTS20_Training_246,0.84876686,0.6371893,0.78894776,0.78894776,0.7583013375600179
HG_BraTS20_Training_336,0.9183571,0.939183,0.8480496,0.8480496,0.9018632570902506
HG_BraTS20_Training_338,0.89852756,0.91805714,0.87856424,0.87856424,0.8983829816182455
HG_BraTS20_Training_344,0.88790494,0.7712934,0.6350066,0.6350066,0.7647349834442139
HG_BraTS20_Training_352,0.8791812,0.5555291,0.8287697,0.8287697,0.7544933160146078
LG_BraTS20_Training_262,0.87248963,0.42413977,2.1500753e-12,2.1500753e-12,0.4322098096211751
LG_BraTS20_Training_275,0.7070586,0.17381352,4.43459e-12,4.43459e-12,0.29362404346466064
LG_BraTS20_Training_278,0.77623576,0.23752263,2.2619317e-12,2.2619317e-12,0.3379194736480713
LG_BraTS20_Training_283,0.93135446,0.7997739,0.8448624,0.8448624,0.8586635589599609
LG_BraTS20_Training_291,0.91437334,0.6986035,0.01689612,0.01689612,0.5432909727096558
LG_BraTS20_Training_292,0.80636847,0.68784744,0.40397942,0.40397942,0.6327317953109741
LG_BraTS20_Training_294,0.8406306,0.62641126,1.3728721e-12,1.3728721e-12,0.48901395003000897
LG_BraTS20_Training_297,0.46911782,0.45661306,1.0050251e-11,1.0050251e-11,0.30857696135838825
LG_BraTS20_Training_310,0.8806533,0.5615993,7.554582e-13,7.554582e-13,0.48075087865193683
LG_BraTS20_Training_324,0.89447755,0.16591205,2.7159152e-12,2.7159152e-12,0.3534632126490275
flairt1ce
HG_BraTS20_Training_010,0.7411819,0.77946156,0.82644147,0.82644147,0.7823616663614908
HG_BraTS20_Training_012,0.83104455,0.8503129,0.7317782,0.7317782,0.8043785095214844
HG_BraTS20_Training_020,0.8698007,0.7410585,0.59482247,0.59482247,0.7352271874745687
HG_BraTS20_Training_070,0.89288783,0.6961007,0.6055222,0.6055222,0.7315035661061605
HG_BraTS20_Training_089,0.8537387,0.6342307,0.9280585,0.9280585,0.8053426742553711
HG_BraTS20_Training_119,0.7981606,0.83174485,0.7229837,0.7229837,0.7842963536580404
HG_BraTS20_Training_124,0.92042845,0.876573,0.7710387,0.7710387,0.8560133775075277
HG_BraTS20_Training_128,0.85115546,0.34266937,0.40149283,0.40149283,0.5317725340525309
HG_BraTS20_Training_134,0.81335694,0.74309933,0.65959,0.65959,0.7386821111043295
HG_BraTS20_Training_140,0.9334646,0.9214536,0.8089557,0.8089557,0.8879579703013102
HG_BraTS20_Training_150,0.8632622,0.84088224,0.8596541,0.8596541,0.8545995553334554
HG_BraTS20_Training_180,0.7572366,0.8570678,0.8681168,0.8681168,0.8274737199147543
HG_BraTS20_Training_188,0.6970804,0.68010926,0.6399456,0.6399456,0.6723783810933431
HG_BraTS20_Training_191,0.88592196,0.8156693,0.76043296,0.76043296,0.820674737294515
HG_BraTS20_Training_201,0.8862821,0.9083763,0.84441644,0.84441644,0.8796916007995605
HG_BraTS20_Training_211,0.89257246,0.8880197,0.8009293,0.8009293,0.8605071703592936
HG_BraTS20_Training_212,0.6258895,0.44320428,0.5376174,0.5376174,0.5355703830718994
HG_BraTS20_Training_226,0.873657,0.8843485,0.8676052,0.8676052,0.8752036094665527
HG_BraTS20_Training_232,0.817251,0.80068874,0.7390344,0.7390344,0.785658041636149
HG_BraTS20_Training_241,0.8488826,0.75969005,0.7207003,0.7207003,0.7764243284861246
HG_BraTS20_Training_245,0.8004273,0.72012717,0.68773127,0.68773127,0.7360952695210775
HG_BraTS20_Training_246,0.822809,0.5753847,0.7256022,0.7256022,0.707931915918986
HG_BraTS20_Training_336,0.90914196,0.89442205,0.80790734,0.80790734,0.8704904715220133
HG_BraTS20_Training_338,0.8942777,0.93013877,0.8742708,0.8742708,0.8995623588562012
HG_BraTS20_Training_344,0.85787374,0.68320334,0.6310487,0.6310487,0.7240419387817383
HG_BraTS20_Training_352,0.76690614,0.6206221,0.8373461,0.8373461,0.7416247526804606
LG_BraTS20_Training_262,0.860821,0.29527226,3.5211267e-12,3.5211267e-12,0.3853644132614136
LG_BraTS20_Training_275,0.76028514,0.08408875,1.001001e-11,1.001001e-11,0.28145796060562134
LG_BraTS20_Training_278,0.77204573,0.016244033,3.5637918e-12,3.5637918e-12,0.26276326179504395
LG_BraTS20_Training_283,0.939142,0.75179,0.79983866,0.79983866,0.8302569389343262
LG_BraTS20_Training_291,0.8648586,0.576361,0.019681742,0.019681742,0.4869670867919922
LG_BraTS20_Training_292,0.753161,0.5490825,0.472938,0.472938,0.5917271773020426
LG_BraTS20_Training_294,0.764424,0.37743688,3.4891836e-12,3.4891836e-12,0.3806203206380208
LG_BraTS20_Training_297,0.4142228,0.31172776,3.0120482e-11,1.0,0.2419835329055786
LG_BraTS20_Training_310,0.8445767,0.38693598,6.201166e-13,6.201166e-13,0.41050422191619873
LG_BraTS20_Training_324,0.88189536,0.057472307,2.7540622e-12,2.7540622e-12,0.31312255064646405
flairt2
HG_BraTS20_Training_010,0.75212485,0.3618494,0.11368397,0.11368397,0.4092193841934204
HG_BraTS20_Training_012,0.82878906,0.6163698,0.34133565,0.34133565,0.5954981644948324
HG_BraTS20_Training_020,0.87074476,0.7786499,0.39401484,0.39401484,0.6811365286509196
HG_BraTS20_Training_070,0.86744153,0.6734114,0.23267843,0.23267843,0.5911771456400553
HG_BraTS20_Training_089,0.79803175,0.35687304,0.23491167,0.23491167,0.4632721741994222
HG_BraTS20_Training_119,0.7074825,0.55161905,0.2965573,0.2965573,0.5185529788335165
HG_BraTS20_Training_124,0.90330434,0.75888515,0.42582005,0.42582005,0.6960031986236572
HG_BraTS20_Training_128,0.79289144,0.09393346,0.042615723,0.042615723,0.30981353918711346
HG_BraTS20_Training_134,0.8294421,0.71430624,0.39446256,0.39446256,0.6460703214009603
HG_BraTS20_Training_140,0.9285776,0.815926,0.2970312,0.2970312,0.6805116335550944
HG_BraTS20_Training_150,0.907351,0.7558362,0.41336563,0.41336563,0.6921842892964681
HG_BraTS20_Training_180,0.67940336,0.5780599,0.42491645,0.42491645,0.5607932408650717
HG_BraTS20_Training_188,0.7590579,0.5271718,0.32364067,0.32364067,0.5366234381993612
HG_BraTS20_Training_191,0.9276759,0.66540134,0.27346975,0.27346975,0.622182289759318
HG_BraTS20_Training_201,0.9168939,0.8413531,0.5716375,0.5716375,0.7766281763712565
HG_BraTS20_Training_211,0.8595344,0.8378733,0.52042454,0.52042454,0.7392774422963461
HG_BraTS20_Training_212,0.81887335,0.66464365,0.3144426,0.3144426,0.599319855372111
HG_BraTS20_Training_226,0.8731371,0.86008036,0.34786198,0.34786198,0.6936931610107422
HG_BraTS20_Training_232,0.8729756,0.52127385,0.33987767,0.33987767,0.5780423482259115
HG_BraTS20_Training_241,0.8679172,0.5819508,0.49027458,0.49027458,0.6467141707738241
HG_BraTS20_Training_245,0.821766,0.77537286,0.5300351,0.5300351,0.7090579668680826
HG_BraTS20_Training_246,0.8815447,0.64134175,0.47665057,0.47665057,0.6665123701095581
HG_BraTS20_Training_336,0.9263811,0.8655825,0.5887569,0.5887569,0.7935735384623209
HG_BraTS20_Training_338,0.8908537,0.79356873,0.5156126,0.5156126,0.7333450317382812
HG_BraTS20_Training_344,0.8643568,0.71798307,0.3159949,0.3159949,0.6327782471974691
HG_BraTS20_Training_352,0.86463463,0.3664639,0.48321605,0.48321605,0.571438193321228
LG_BraTS20_Training_262,0.8168971,0.22336428,5.241365e-13,5.241365e-13,0.3467537959416707
LG_BraTS20_Training_275,0.8057746,0.24990389,3.6127167e-12,3.6127167e-12,0.3518928289413452
LG_BraTS20_Training_278,0.834514,0.6314409,8.2481027e-13,8.2481027e-13,0.4886516332626343
LG_BraTS20_Training_283,0.8953584,0.39985487,0.33561343,0.33561343,0.5436089038848877
LG_BraTS20_Training_291,0.9501107,0.6990731,0.007141857,0.007141857,0.5521085262298584
LG_BraTS20_Training_292,0.9204295,0.7667708,0.1772092,0.1772092,0.6214698155721029
LG_BraTS20_Training_294,0.9113678,0.7305999,6.2535177e-13,6.2535177e-13,0.5473225514094034
LG_BraTS20_Training_297,0.7394988,0.600236,1.0026067e-12,1.0026067e-12,0.4465782642364502
LG_BraTS20_Training_310,0.91337055,0.7177535,5.881315e-13,5.881315e-13,0.5437080065409342
LG_BraTS20_Training_324,0.8743028,0.44032282,7.2343195e-13,7.2343195e-13,0.43820854028066
t1t2
HG_BraTS20_Training_010,0.65718555,0.39957398,0.15043193,0.15043193,0.40239715576171875
HG_BraTS20_Training_012,0.8372971,0.6785629,0.45405623,0.45405623,0.6566387414932251
HG_BraTS20_Training_020,0.8637881,0.7859366,0.37527093,0.37527093,0.6749985218048096
HG_BraTS20_Training_070,0.77388996,0.6847128,0.26359454,0.26359454,0.5740657647450765
HG_BraTS20_Training_089,0.7933072,0.34878412,0.29974824,0.29974824,0.48061315218607586
HG_BraTS20_Training_119,0.56548566,0.6185193,0.3155367,0.3155367,0.4998472531636556
HG_BraTS20_Training_124,0.89505255,0.69140285,0.38257495,0.38257495,0.656343420346578
HG_BraTS20_Training_128,0.7830216,0.1397987,0.1493115,0.1493115,0.357377290725708
HG_BraTS20_Training_134,0.8255559,0.775457,0.437639,0.437639,0.6795506477355957
HG_BraTS20_Training_140,0.8896883,0.81040245,0.30164027,0.30164027,0.6672436396280924
HG_BraTS20_Training_150,0.8615123,0.70492136,0.5568398,0.5568398,0.7077577908833822
HG_BraTS20_Training_180,0.66322166,0.42749885,0.32167968,0.32167968,0.47080008188883465
HG_BraTS20_Training_188,0.6871976,0.6829614,0.544547,0.544547,0.638235330581665
HG_BraTS20_Training_191,0.9087421,0.5304739,0.3094573,0.3094573,0.5828910668691
HG_BraTS20_Training_201,0.8748302,0.8443057,0.7092644,0.7092644,0.8094667593638102
HG_BraTS20_Training_211,0.8123984,0.8260563,0.57939273,0.57939273,0.7392824490865072
HG_BraTS20_Training_212,0.8495006,0.7545844,0.40669993,0.40669993,0.6702616214752197
HG_BraTS20_Training_226,0.8545644,0.84345883,0.4075245,0.4075245,0.7018493016560873
HG_BraTS20_Training_232,0.8193965,0.49456614,0.3766219,0.3766219,0.5635282198588053
HG_BraTS20_Training_241,0.8357788,0.57639784,0.48890772,0.48890772,0.6336947679519653
HG_BraTS20_Training_245,0.88175005,0.81369627,0.6333394,0.6333394,0.7762618859608968
HG_BraTS20_Training_246,0.8260934,0.695537,0.48911202,0.48911202,0.6702473958333334
HG_BraTS20_Training_336,0.9142724,0.8425895,0.5761085,0.5761085,0.7776567935943604
HG_BraTS20_Training_338,0.8784246,0.71488327,0.49264058,0.49264058,0.6953161557515463
HG_BraTS20_Training_344,0.8631277,0.6505674,0.37490356,0.37490356,0.6295328934987386
HG_BraTS20_Training_352,0.8667969,0.2918455,0.42748693,0.42748693,0.5287097692489624
LG_BraTS20_Training_262,0.7572164,0.24583511,5.0375296e-13,5.0375296e-13,0.3343505064646403
LG_BraTS20_Training_275,0.5989561,0.21514599,1.6949153e-12,1.6949153e-12,0.2713673710823059
LG_BraTS20_Training_278,0.8466351,0.6214903,5.597537e-13,5.597537e-13,0.48937511444091797
LG_BraTS20_Training_283,0.8284179,0.31297782,0.36111233,0.36111233,0.5008360147476196
LG_BraTS20_Training_291,0.9323509,0.67179495,0.0057901726,0.0057901726,0.5366452932357788
LG_BraTS20_Training_292,0.87304246,0.7641737,0.1803033,0.1803033,0.6058398087819418
LG_BraTS20_Training_294,0.88126683,0.70162517,6.113964e-13,6.113964e-13,0.5276306470235189
LG_BraTS20_Training_297,0.7056343,0.64642274,8.148631e-13,8.148631e-13,0.45068566004435223
LG_BraTS20_Training_310,0.8373429,0.7640306,5.304477e-13,5.304477e-13,0.5337911446889242
LG_BraTS20_Training_324,0.73740065,0.37760714,1.3232764e-12,1.3232764e-12,0.3716692527135213
flairt1
HG_BraTS20_Training_010,0.7359613,0.5383859,0.18434343,0.18434343,0.4862302541732788
HG_BraTS20_Training_012,0.86022484,0.73793393,0.32944328,0.32944328,0.6425340175628662
HG_BraTS20_Training_020,0.8746746,0.76228297,0.3012983,0.3012983,0.6460853020350138
HG_BraTS20_Training_070,0.8965863,0.7250863,0.30062565,0.30062565,0.6407661040623983
HG_BraTS20_Training_089,0.84037536,0.3635033,0.26130018,0.26130018,0.4883929491043091
HG_BraTS20_Training_119,0.7702967,0.78130484,0.25183052,0.25183052,0.601143995920817
HG_BraTS20_Training_124,0.9142295,0.7437089,0.37637764,0.37637764,0.678105354309082
HG_BraTS20_Training_128,0.8405789,0.14577475,0.12068644,0.12068644,0.36901334921518963
HG_BraTS20_Training_134,0.81515616,0.6557531,0.32428488,0.32428488,0.5983980496724447
HG_BraTS20_Training_140,0.9291886,0.8527034,0.43876767,0.43876767,0.7402199109395345
HG_BraTS20_Training_150,0.74032366,0.20653866,0.19431876,0.19431876,0.3803937037785848
HG_BraTS20_Training_180,0.7138985,0.6143835,0.53451276,0.53451276,0.6209315856297811
HG_BraTS20_Training_188,0.6954193,0.51846373,0.37717018,0.37717018,0.5303510824839274
HG_BraTS20_Training_191,0.91866416,0.60737413,0.40758768,0.40758768,0.6445419788360596
HG_BraTS20_Training_201,0.922684,0.8055217,0.697772,0.697772,0.8086592356363932
HG_BraTS20_Training_211,0.8504897,0.7659568,0.49741364,0.49741364,0.7046200434366862
HG_BraTS20_Training_212,0.6885581,0.42457226,0.19537455,0.19537455,0.43616827328999835
HG_BraTS20_Training_226,0.8749632,0.7743891,0.47189626,0.47189626,0.7070828278859457
HG_BraTS20_Training_232,0.8664964,0.5041058,0.4092779,0.4092779,0.5932933489481608
HG_BraTS20_Training_241,0.8562232,0.46121085,0.311653,0.311653,0.5430290301640829
HG_BraTS20_Training_245,0.81541365,0.6921997,0.5125043,0.5125043,0.6733725865681967
HG_BraTS20_Training_246,0.8559547,0.55200684,0.31373447,0.31373447,0.573898712793986
HG_BraTS20_Training_336,0.921978,0.9034329,0.6492729,0.6492729,0.8248945871988932
HG_BraTS20_Training_338,0.85874915,0.7356938,0.49881694,0.49881694,0.6977532704671224
HG_BraTS20_Training_344,0.88601536,0.6653455,0.45810747,0.45810747,0.6698227723439535
HG_BraTS20_Training_352,0.7757178,0.30101737,0.41420883,0.41420883,0.49698130289713544
LG_BraTS20_Training_262,0.87325025,0.34714454,6.100909e-13,6.100909e-13,0.4067982832590739
LG_BraTS20_Training_275,0.7691078,0.30321705,2.023063e-12,2.023063e-12,0.35744162400563556
LG_BraTS20_Training_278,0.82764626,0.6167528,4.352936e-13,4.352936e-13,0.4814663728078206
LG_BraTS20_Training_283,0.927268,0.4400588,0.47226706,0.47226706,0.6131979624430338
LG_BraTS20_Training_291,0.92508197,0.7295932,0.0059012696,0.0059012696,0.5535254875818888
LG_BraTS20_Training_292,0.8126347,0.74677813,0.21331987,0.21331987,0.5909109115600586
LG_BraTS20_Training_294,0.86697024,0.67699146,4.575612e-13,4.575612e-13,0.5146539211273193
LG_BraTS20_Training_297,0.62634003,0.6803415,1.2730744e-12,1.2730744e-12,0.43556050459543866
LG_BraTS20_Training_310,0.913121,0.7083817,3.9460183e-13,3.9460183e-13,0.5405008792877197
LG_BraTS20_Training_324,0.8837549,0.43637222,1.1450819e-12,1.1450819e-12,0.4400423765182495
t1cet1
HG_BraTS20_Training_010,0.46907172,0.69740486,0.7874126,0.7874126,0.6512963771820068
HG_BraTS20_Training_012,0.63570285,0.76884735,0.70787436,0.70787436,0.7041415373484293
HG_BraTS20_Training_020,0.76336384,0.7449011,0.5976118,0.5976118,0.701958974202474
HG_BraTS20_Training_070,0.6131336,0.77630347,0.6237834,0.6237834,0.6710735162099203
HG_BraTS20_Training_089,0.7485894,0.638848,0.8822342,0.8822342,0.7565571467081705
HG_BraTS20_Training_119,0.53655833,0.842235,0.7215075,0.7215075,0.7001002629597982
HG_BraTS20_Training_124,0.8017559,0.8388474,0.75453645,0.75453645,0.7983798980712891
HG_BraTS20_Training_128,0.057786055,6.25e-12,6.7340066e-12,7.836991e-12,0.019262018303076427
HG_BraTS20_Training_134,0.6529353,0.6638956,0.6403562,0.6403562,0.6523956855138143
HG_BraTS20_Training_140,0.882783,0.89829063,0.7922372,0.7922372,0.8577702840169271
HG_BraTS20_Training_150,0.82071906,0.8932551,0.9086027,0.9086027,0.8741923173268636
HG_BraTS20_Training_180,0.7012046,0.7949216,0.80779797,0.80779797,0.7679746945699056
HG_BraTS20_Training_188,0.37471756,0.7226599,0.6502313,0.6502313,0.5825362205505371
HG_BraTS20_Training_191,0.7086556,0.718634,0.7233353,0.7233353,0.7168749968210856
HG_BraTS20_Training_201,0.77730846,0.92723036,0.8493974,0.8493974,0.8513120810190836
HG_BraTS20_Training_211,0.71352637,0.89062476,0.8187235,0.8187235,0.807624896367391
HG_BraTS20_Training_212,0.60626495,0.57910895,0.6298722,0.6298722,0.6050820350646973
HG_BraTS20_Training_226,0.730564,0.9060663,0.8706603,0.8706603,0.8357635339101156
HG_BraTS20_Training_232,0.66259176,0.7811716,0.6949498,0.6949498,0.7129043738047282
HG_BraTS20_Training_241,0.59519476,0.68618006,0.70573133,0.70573133,0.6623686949412028
HG_BraTS20_Training_245,0.74885887,0.7566609,0.753267,0.753267,0.752928892771403
HG_BraTS20_Training_246,0.75578725,0.6774487,0.8160705,0.8160705,0.7497688134511312
HG_BraTS20_Training_336,0.7636785,0.8146493,0.74372673,0.74372673,0.774018128712972
HG_BraTS20_Training_338,0.8093846,0.8930886,0.87597847,0.87597847,0.8594838778177897
HG_BraTS20_Training_344,0.75972104,0.6163617,0.55785257,0.55785257,0.6446450551350912
HG_BraTS20_Training_352,0.7458616,0.64639914,0.85131055,0.85131055,0.7478570938110352
LG_BraTS20_Training_262,0.6983012,0.48671404,2.7609057e-12,2.7609057e-12,0.3950050671895345
LG_BraTS20_Training_275,0.18772717,0.04591,2.3866348e-11,1.0,0.07787905633449554
LG_BraTS20_Training_278,0.31810695,0.05048131,1.6700067e-12,1.6700067e-12,0.12286275625228882
LG_BraTS20_Training_283,0.38858086,0.7691526,0.7727885,0.7727885,0.6435073216756185
LG_BraTS20_Training_291,0.6713355,0.64506525,0.065951526,0.065951526,0.460784117380778
LG_BraTS20_Training_292,0.5870155,0.7168167,0.5393067,0.5393067,0.6143796443939209
LG_BraTS20_Training_294,0.62310266,0.4389693,2.2401434e-12,2.2401434e-12,0.3540240128835042
LG_BraTS20_Training_297,0.21094555,0.35198823,1.5923566e-11,1.5923566e-11,0.1876446008682251
LG_BraTS20_Training_310,0.63242686,0.54304755,2.0521239e-12,2.0521239e-12,0.39182480176289874
LG_BraTS20_Training_324,0.51996475,0.1075,2.9868577e-12,2.9868577e-12,0.20915492375691733
t1cet2
HG_BraTS20_Training_010,0.65067357,0.6350655,0.7358558,0.7358558,0.673865000406901
HG_BraTS20_Training_012,0.79847676,0.7777885,0.6807209,0.6807209,0.7523287137349447
HG_BraTS20_Training_020,0.8515036,0.7697731,0.588624,0.588624,0.7366336186726888
HG_BraTS20_Training_070,0.7715962,0.8452878,0.6350059,0.6350059,0.7506299813588461
HG_BraTS20_Training_089,0.8266191,0.519466,0.8240888,0.8240888,0.7233912944793701
HG_BraTS20_Training_119,0.6332345,0.78475994,0.6878257,0.6878257,0.7019400596618652
HG_BraTS20_Training_124,0.889128,0.82128555,0.7752682,0.7752682,0.8285605907440186
HG_BraTS20_Training_128,0.7645629,0.2076917,0.24452442,0.24452442,0.4055929978688558
HG_BraTS20_Training_134,0.83225006,0.8421078,0.6963704,0.6963704,0.7902427514394125
HG_BraTS20_Training_140,0.9044577,0.89037997,0.78750455,0.78750455,0.8607807159423828
HG_BraTS20_Training_150,0.8878306,0.90603906,0.9224164,0.9224164,0.9054287274678549
HG_BraTS20_Training_180,0.66496253,0.70458794,0.7922253,0.7922253,0.7205919424692789
HG_BraTS20_Training_188,0.6351902,0.69375706,0.6118695,0.6118695,0.6469389597574869
HG_BraTS20_Training_191,0.8757171,0.7732056,0.76767206,0.76767206,0.8055315812428793
HG_BraTS20_Training_201,0.8511064,0.8816741,0.8376367,0.8376367,0.8568057219187418
HG_BraTS20_Training_211,0.8333447,0.9018901,0.7996504,0.7996504,0.8449617226918539
HG_BraTS20_Training_212,0.7782274,0.71363103,0.658099,0.658099,0.7166524728139242
HG_BraTS20_Training_226,0.8275447,0.91050905,0.8710517,0.8710517,0.8697018623352051
HG_BraTS20_Training_232,0.78693515,0.7674543,0.6298339,0.6298339,0.7280744711558024
HG_BraTS20_Training_241,0.81783986,0.6967087,0.726734,0.726734,0.7470941543579102
HG_BraTS20_Training_245,0.8516804,0.73143077,0.7428928,0.7428928,0.7753346761067709
HG_BraTS20_Training_246,0.80067235,0.6766382,0.7884935,0.7884935,0.7552680174509684
HG_BraTS20_Training_336,0.8956179,0.8548324,0.81383514,0.81383514,0.8547618389129639
HG_BraTS20_Training_338,0.9027371,0.9273874,0.8776486,0.8776486,0.9025910695393881
HG_BraTS20_Training_344,0.84646505,0.6432581,0.6083322,0.6083322,0.6993517875671387
HG_BraTS20_Training_352,0.8874674,0.67305607,0.8540976,0.8540976,0.8048737049102783
LG_BraTS20_Training_262,0.78061765,0.27814066,1.5283509e-12,1.5283509e-12,0.3529194196065267
LG_BraTS20_Training_275,0.5902848,0.22886331,2.2644928e-12,2.2644928e-12,0.27304937442143756
LG_BraTS20_Training_278,0.7758866,0.13164985,1.8975331e-12,1.8975331e-12,0.30251214901606244
LG_BraTS20_Training_283,0.8393474,0.69000846,0.8036694,0.8036694,0.7776750723520914
LG_BraTS20_Training_291,0.91293156,0.76093936,0.02582978,0.02582978,0.5665669043858846
LG_BraTS20_Training_292,0.89487636,0.72010785,0.4469875,0.4469875,0.6873238881429037
LG_BraTS20_Training_294,0.8916416,0.60193133,1.5271839e-12,1.5271839e-12,0.49785765012105304
LG_BraTS20_Training_297,0.6414793,0.4926346,1.071352e-12,1.071352e-12,0.378037969271342
LG_BraTS20_Training_310,0.7132059,0.47155792,4.6065967e-13,4.6065967e-13,0.3949212630589803
LG_BraTS20_Training_324,0.66122526,0.087032884,1.254233e-12,1.254233e-12,0.24941937128702799
flair
HG_BraTS20_Training_010,0.71026754,0.43301436,0.37046024,0.37046024,0.5045807361602783
HG_BraTS20_Training_012,0.8360875,0.6848065,0.45160106,0.45160106,0.6574983596801758
HG_BraTS20_Training_020,0.8743095,0.74006826,0.32441244,0.32441244,0.6462634007136027
HG_BraTS20_Training_070,0.8864242,0.45078504,0.13304815,0.13304815,0.49008580048878986
HG_BraTS20_Training_089,0.8538818,0.39602563,0.15691556,0.15691556,0.46894097328186035
HG_BraTS20_Training_119,0.79055625,0.66135025,0.41954508,0.41954508,0.6238171656926473
HG_BraTS20_Training_124,0.9203903,0.77063006,0.30711633,0.30711633,0.6660455862681071
HG_BraTS20_Training_128,0.8455374,0.110990025,0.014222824,0.014222824,0.3235834240913391
HG_BraTS20_Training_134,0.7426169,0.4499528,0.17610905,0.17610905,0.45622626940409344
HG_BraTS20_Training_140,0.94137454,0.82412386,0.49149057,0.49149057,0.7523296674092611
HG_BraTS20_Training_150,0.4865627,0.023235155,0.002899543,0.002899543,0.17089913288752237
HG_BraTS20_Training_180,0.7442208,0.6997855,0.47193605,0.47193605,0.6386473973592123
HG_BraTS20_Training_188,0.57830906,0.06617911,0.022225775,0.022225775,0.22223798433939615
HG_BraTS20_Training_191,0.9280516,0.6312118,0.301283,0.301283,0.6201821565628052
HG_BraTS20_Training_201,0.9232564,0.82552385,0.4009878,0.4009878,0.7165893713633219
HG_BraTS20_Training_211,0.7919334,0.61100656,0.1522789,0.1522789,0.5184063116709391
HG_BraTS20_Training_212,0.50915235,0.14463635,0.025880318,0.025880318,0.2265563408533732
HG_BraTS20_Training_226,0.85875034,0.65940666,0.29382366,0.29382366,0.6039935747782389
HG_BraTS20_Training_232,0.8649745,0.4679136,0.2866784,0.2866784,0.5398555199305216
HG_BraTS20_Training_241,0.85398644,0.35673332,0.17437032,0.17437032,0.46169670422871906
HG_BraTS20_Training_245,0.7451726,0.59396076,0.34029922,0.34029922,0.5598108768463135
HG_BraTS20_Training_246,0.79021686,0.3925176,0.15782878,0.15782878,0.4468544324239095
HG_BraTS20_Training_336,0.92068756,0.7980429,0.5303768,0.5303768,0.7497024536132812
HG_BraTS20_Training_338,0.85581475,0.7175132,0.38180315,0.38180315,0.6517103910446167
HG_BraTS20_Training_344,0.8519992,0.6859401,0.40518835,0.40518835,0.6477092107137045
HG_BraTS20_Training_352,0.58007604,0.26186937,0.31969744,0.31969744,0.38721426328023273
LG_BraTS20_Training_262,0.8649551,0.1644466,1.4914243e-12,1.4914243e-12,0.34313392639160156
LG_BraTS20_Training_275,0.8036979,0.28165323,4.6772686e-12,4.6772686e-12,0.3617837031682332
LG_BraTS20_Training_278,0.7974276,0.48132363,1.1164453e-12,1.1164453e-12,0.426250418027242
LG_BraTS20_Training_283,0.93294406,0.49317273,0.2026309,0.2026309,0.5429159005482992
LG_BraTS20_Training_291,0.9290359,0.71116555,0.0013915194,0.0013915194,0.5471976598103842
LG_BraTS20_Training_292,0.56823146,0.16296522,0.07552997,0.07552997,0.26890889803568524
LG_BraTS20_Training_294,0.81821895,0.5089316,1.2077294e-12,1.2077294e-12,0.4423835277557373
LG_BraTS20_Training_297,0.36425185,0.4033495,3.058104e-12,3.058104e-12,0.2558671236038208
LG_BraTS20_Training_310,0.8766628,0.6373826,4.2753314e-13,4.2753314e-13,0.5046818256378174
LG_BraTS20_Training_324,0.81054443,0.35698497,8.022463e-13,8.022463e-13,0.3891764481862386
t1
HG_BraTS20_Training_010,0.5121609,0.60222596,0.2513373,0.2513373,0.4552413622538249
HG_BraTS20_Training_012,0.6458773,0.6978041,0.45151666,0.45151666,0.5983993212381998
HG_BraTS20_Training_020,0.79784656,0.70544684,0.24061793,0.24061793,0.5813037554423014
HG_BraTS20_Training_070,0.74287283,0.75162715,0.2868038,0.2868038,0.5937679211298624
HG_BraTS20_Training_089,0.7526416,0.3031825,0.27021703,0.27021703,0.4420137405395508
HG_BraTS20_Training_119,0.5533729,0.78539264,0.28568083,0.28568083,0.541482130686442
HG_BraTS20_Training_124,0.8084825,0.6678242,0.33335325,0.33335325,0.6032199859619141
HG_BraTS20_Training_128,0.0010907942,7.1890727e-12,7.836991e-12,7.836991e-12,0.000363598073211809
HG_BraTS20_Training_134,0.49190804,0.5022059,0.2258374,0.2258374,0.4066504240036011
HG_BraTS20_Training_140,0.83444893,0.7907064,0.16160345,0.16160345,0.5955862601598104
HG_BraTS20_Training_150,0.7387887,0.4114593,0.3346079,0.3346079,0.4949519634246826
HG_BraTS20_Training_180,0.5587805,0.3979654,0.26779747,0.26779747,0.408181111017863
HG_BraTS20_Training_188,0.49872026,0.6581044,0.5116576,0.5116576,0.5561607678731283
HG_BraTS20_Training_191,0.5927245,0.25651187,0.20905259,0.20905259,0.35276297728220624
HG_BraTS20_Training_201,0.6268914,0.41841757,0.33832365,0.33832365,0.4612108866373698
HG_BraTS20_Training_211,0.67157716,0.7548178,0.45351377,0.45351377,0.6266362269719442
HG_BraTS20_Training_212,0.6379101,0.43512458,0.18377589,0.18377589,0.41893688837687176
HG_BraTS20_Training_226,0.7489107,0.72333026,0.22420819,0.22420819,0.5654830535252889
HG_BraTS20_Training_232,0.6183429,0.29633054,0.22238304,0.22238304,0.3790188233057658
HG_BraTS20_Training_241,0.6686523,0.4383907,0.12045763,0.12045763,0.4091668923695882
HG_BraTS20_Training_245,0.69323504,0.5492884,0.38482076,0.38482076,0.5424480438232422
HG_BraTS20_Training_246,0.79612523,0.5627233,0.30636346,0.30636346,0.555070678393046
HG_BraTS20_Training_336,0.80522746,0.8076599,0.46398008,0.46398008,0.6922891934712728
HG_BraTS20_Training_338,0.6806596,0.5125083,0.28535616,0.28535616,0.49284136295318604
HG_BraTS20_Training_344,0.7989942,0.5844978,0.3498975,0.3498975,0.5777964989344279
HG_BraTS20_Training_352,0.72996944,0.18037404,0.26890057,0.26890057,0.3930813471476237
LG_BraTS20_Training_262,0.5002838,0.6901454,3.04414e-12,3.04414e-12,0.39680973688761395
LG_BraTS20_Training_275,0.15219323,4.725898e-13,1.2371645e-12,1.2371645e-12,0.050731077790260315
LG_BraTS20_Training_278,0.5491033,0.4960486,7.3648547e-13,7.3648547e-13,0.34838398297627765
LG_BraTS20_Training_283,2.1400445e-13,8.555052e-13,8.740495e-13,8.865248e-13,6.47853009664671e-13
LG_BraTS20_Training_291,0.7833959,0.7564765,0.01002335,0.01002335,0.5166319211324056
LG_BraTS20_Training_292,0.74458957,0.76259154,0.1981301,0.1981301,0.5684370994567871
LG_BraTS20_Training_294,0.72394,0.61538464,6.829668e-13,6.829668e-13,0.4464415709177653
LG_BraTS20_Training_297,0.36053106,0.62005466,2.688172e-12,2.688172e-12,0.3268618981043498
LG_BraTS20_Training_310,0.7242689,0.6692324,7.2249113e-13,7.2249113e-13,0.46450042724609375
LG_BraTS20_Training_324,0.49234715,0.31245157,1.8443378e-12,1.8443378e-12,0.268266240755717
t1c
HG_BraTS20_Training_010,0.42122126,0.7326078,0.80113894,0.80113894,0.6516559918721517
HG_BraTS20_Training_012,0.5297352,0.5810344,0.556656,0.556656,0.5558085441589355
HG_BraTS20_Training_020,0.45875823,0.3590283,0.4015261,0.4015261,0.40643755594889325
HG_BraTS20_Training_070,0.50041336,0.655063,0.5794316,0.5794316,0.5783026218414307
HG_BraTS20_Training_089,0.64769185,0.676705,0.9262879,0.9262879,0.7502282460530599
HG_BraTS20_Training_119,0.4683286,0.7828102,0.6774229,0.6774229,0.6428538958231608
HG_BraTS20_Training_124,0.53480345,0.50360304,0.5259828,0.5259828,0.5214630762736002
HG_BraTS20_Training_128,0.046546772,0.004856895,0.017902814,7.836991e-12,0.023102159301439922
HG_BraTS20_Training_134,0.64209133,0.6795276,0.6248434,0.6248434,0.6488207976023356
HG_BraTS20_Training_140,0.8414882,0.8805927,0.77584827,0.77584827,0.8326430320739746
HG_BraTS20_Training_150,0.772469,0.8794205,0.89629,0.89629,0.8493932088216146
HG_BraTS20_Training_180,0.69712734,0.81010216,0.7750018,0.7750018,0.760743776957194
HG_BraTS20_Training_188,0.33406687,0.7532723,0.69427556,0.69427556,0.5938715934753418
HG_BraTS20_Training_191,0.65331143,0.73548394,0.72455037,0.72455037,0.7044485410054525
HG_BraTS20_Training_201,0.71222454,0.83818406,0.8201443,0.8201443,0.7901843388875326
HG_BraTS20_Training_211,0.69125694,0.88580835,0.80782634,0.80782634,0.7949638366699219
HG_BraTS20_Training_212,0.41738585,0.43131423,0.5220712,0.5220712,0.4569237232208252
HG_BraTS20_Training_226,0.6963742,0.8860395,0.86691123,0.86691123,0.8164416154225668
HG_BraTS20_Training_232,0.58989143,0.7520409,0.7283498,0.7283498,0.690093994140625
HG_BraTS20_Training_241,0.46341714,0.61296254,0.6229525,0.6229525,0.5664440790812174
HG_BraTS20_Training_245,0.62236977,0.6269053,0.6499306,0.6499306,0.6330685615539551
HG_BraTS20_Training_246,0.65016747,0.6557381,0.78381294,0.78381294,0.6965728600819906
HG_BraTS20_Training_336,0.6990898,0.7539413,0.725297,0.725297,0.7261093457539877
HG_BraTS20_Training_338,0.8036391,0.91051567,0.86518097,0.86518097,0.8597785631815592
HG_BraTS20_Training_344,0.6581301,0.38580996,0.44762367,0.44762367,0.49718793233235675
HG_BraTS20_Training_352,0.7473455,0.6668353,0.86804897,0.86804897,0.7607432206471761
LG_BraTS20_Training_262,0.6282411,0.45822036,5.558644e-12,5.558644e-12,0.3621538480122884
LG_BraTS20_Training_275,0.07489384,9.467904e-13,2e-09,1.0,0.024964613219102223
LG_BraTS20_Training_278,0.1011636,0.0015288884,1.9087611e-12,1.9087611e-12,0.03423083076874415
LG_BraTS20_Training_283,0.44144022,0.80710757,0.8086969,0.8086969,0.6857482592264811
LG_BraTS20_Training_291,0.13655673,0.007721068,7.936508e-11,7.936508e-11,0.048092598716417946
LG_BraTS20_Training_292,0.48041445,0.53386825,0.44410324,0.44410324,0.4861286481221517
LG_BraTS20_Training_294,0.20286459,0.05016318,1.8580454e-12,1.8580454e-12,0.08434258898099263
LG_BraTS20_Training_297,0.025887117,0.06317598,3.472222e-11,1.0,0.029687697688738506
LG_BraTS20_Training_310,0.2747249,0.18197973,6.726307e-13,6.726307e-13,0.1522348721822103
LG_BraTS20_Training_324,0.34364492,0.046287335,1.7021277e-12,1.7021277e-12,0.129977415005366
t2
HG_BraTS20_Training_010,0.6542967,0.4267166,0.17085823,0.17085823,0.41729052861531574
HG_BraTS20_Training_012,0.7727204,0.6155453,0.38463083,0.38463083,0.590965469678243
HG_BraTS20_Training_020,0.85730845,0.7546273,0.36833853,0.36833853,0.6600914001464844
HG_BraTS20_Training_070,0.744635,0.58772767,0.20043923,0.20043923,0.5109339555104574
HG_BraTS20_Training_089,0.7892827,0.3783801,0.3095115,0.3095115,0.4923914273579915
HG_BraTS20_Training_119,0.587881,0.5676494,0.26246363,0.26246363,0.47266467412312824
HG_BraTS20_Training_124,0.8717596,0.71440595,0.36258098,0.36258098,0.6495821873346964
HG_BraTS20_Training_128,0.71579826,0.10697115,0.12772134,0.12772134,0.31683023770650226
HG_BraTS20_Training_134,0.8266201,0.7648861,0.3996297,0.3996297,0.6637119849522909
HG_BraTS20_Training_140,0.8738723,0.7867572,0.3187541,0.3187541,0.6597945292790731
HG_BraTS20_Training_150,0.86123025,0.73076665,0.50389826,0.50389826,0.698631763458252
HG_BraTS20_Training_180,0.6361206,0.47011602,0.2599975,0.2599975,0.4554113944371541
HG_BraTS20_Training_188,0.6617164,0.729943,0.5419311,0.5419311,0.6445301373799642
HG_BraTS20_Training_191,0.9144947,0.5583772,0.26256192,0.26256192,0.57847793896993
HG_BraTS20_Training_201,0.8748317,0.7648234,0.5705387,0.5705387,0.7367312908172607
HG_BraTS20_Training_211,0.8174537,0.78987175,0.55896115,0.55896115,0.7220954895019531
HG_BraTS20_Training_212,0.8343981,0.64898604,0.2932591,0.2932591,0.5922144254048666
HG_BraTS20_Training_226,0.8455829,0.8241891,0.3501392,0.3501392,0.6733037630716959
HG_BraTS20_Training_232,0.79148895,0.51978356,0.36984217,0.36984217,0.5603715578715006
HG_BraTS20_Training_241,0.8174323,0.46678045,0.4045732,0.4045732,0.5629286368687948
HG_BraTS20_Training_245,0.8133193,0.76786655,0.49599853,0.49599853,0.6923948129018148
HG_BraTS20_Training_246,0.76664823,0.64965105,0.41614386,0.41614386,0.6108144124348959
HG_BraTS20_Training_336,0.92200446,0.73468256,0.51409113,0.51409113,0.7235927581787109
HG_BraTS20_Training_338,0.88406277,0.7312951,0.43987703,0.43987703,0.6850783030192057
HG_BraTS20_Training_344,0.8586897,0.7400563,0.32685035,0.32685035,0.6418654918670654
HG_BraTS20_Training_352,0.88386524,0.40086016,0.4018625,0.4018625,0.5621959765752157
LG_BraTS20_Training_262,0.774673,0.21362776,5.662514e-13,5.662514e-13,0.32943358023961383
LG_BraTS20_Training_275,0.7281716,0.1962916,4.6040515e-12,4.6040515e-12,0.3081543842951457
LG_BraTS20_Training_278,0.82812786,0.57980055,8.042464e-13,8.042464e-13,0.4693094889322917
LG_BraTS20_Training_283,0.8008857,0.32903904,0.29046053,0.29046053,0.4734617869059245
LG_BraTS20_Training_291,0.92948365,0.6737538,0.007086973,0.007086973,0.5367747942606608
LG_BraTS20_Training_292,0.8868382,0.51511264,0.16004664,0.16004664,0.5206658045450846
LG_BraTS20_Training_294,0.8841909,0.62039936,7.218132e-13,7.218132e-13,0.5015300909678141
LG_BraTS20_Training_297,0.62620044,0.47033566,9.350164e-13,9.350164e-13,0.36551205317179364
LG_BraTS20_Training_310,0.8345297,0.641708,1.1279043e-12,1.1279043e-12,0.4920792579650879
LG_BraTS20_Training_324,0.6922556,0.26132044,1.1590171e-12,1.1590171e-12,0.3178586959838867
WT Dice,TC Dice,ET Dice,ETPro Dice,WT HD95,TC HD95,ET HD95ETPro HD95
flairt1cet1t2
HG_BraTS20_Training_010,0.7053188,0.70889944,0.7844341,0.7844341,0.7328840891520182
HG_BraTS20_Training_012,0.84310204,0.8249011,0.7105918,0.7105918,0.7928649584452311
HG_BraTS20_Training_020,0.8862931,0.80421484,0.6075526,0.6075526,0.766020139058431
HG_BraTS20_Training_070,0.87621367,0.8460466,0.6414416,0.6414416,0.7879006067911783
HG_BraTS20_Training_089,0.8310729,0.4841877,0.81521404,0.81521404,0.7101581891377767
HG_BraTS20_Training_119,0.7103312,0.85181415,0.69020545,0.69020545,0.7507836023966471
HG_BraTS20_Training_124,0.9217724,0.8922001,0.8360954,0.8360954,0.8833559354146322
HG_BraTS20_Training_128,0.8347673,0.19335122,0.2579191,0.2579191,0.4286791880925496
HG_BraTS20_Training_134,0.840578,0.82942766,0.7166117,0.7166117,0.795539140701294
HG_BraTS20_Training_140,0.9310888,0.8954001,0.784343,0.784343,0.8702773253122965
HG_BraTS20_Training_150,0.928461,0.9008781,0.9129066,0.9129066,0.914081891377767
HG_BraTS20_Training_180,0.6952292,0.7603088,0.8391902,0.8391902,0.7649094263712565
HG_BraTS20_Training_188,0.74773353,0.70754284,0.63623935,0.63623935,0.6971719264984131
HG_BraTS20_Training_191,0.91557306,0.7858694,0.7278295,0.7278295,0.8097573121388754
HG_BraTS20_Training_201,0.89649636,0.9228147,0.84007585,0.84007585,0.8864623705546061
HG_BraTS20_Training_211,0.86057377,0.9057064,0.8126814,0.8126814,0.8596538702646891
HG_BraTS20_Training_212,0.8554216,0.767729,0.67442864,0.67442864,0.7658597628275553
HG_BraTS20_Training_226,0.8816145,0.9244857,0.87296027,0.87296027,0.8930201530456543
HG_BraTS20_Training_232,0.8720752,0.7367662,0.6292258,0.6292258,0.7460223833719889
HG_BraTS20_Training_241,0.8699024,0.7460891,0.7420198,0.7420198,0.7860037485758463
HG_BraTS20_Training_245,0.85601205,0.7980352,0.6782249,0.6782249,0.7774240175882975
HG_BraTS20_Training_246,0.90240836,0.6963084,0.7841877,0.7841877,0.7943015098571777
HG_BraTS20_Training_336,0.9203291,0.93373746,0.84596735,0.84596735,0.9000113010406494
HG_BraTS20_Training_338,0.9139316,0.9360375,0.8855075,0.8855075,0.9118255774180094
HG_BraTS20_Training_344,0.8697859,0.7621674,0.5882135,0.5882135,0.7400555610656738
HG_BraTS20_Training_352,0.8358157,0.58359414,0.85011387,0.85011387,0.7565078735351562
LG_BraTS20_Training_262,0.85385734,0.36370283,2.1853146e-12,2.1853146e-12,0.40585339069366455
LG_BraTS20_Training_275,0.723707,0.21585116,3.2310177e-12,3.2310177e-12,0.31318604946136475
LG_BraTS20_Training_278,0.82839155,0.32053208,2.884338e-12,2.884338e-12,0.3829745451609294
LG_BraTS20_Training_283,0.8919123,0.62184584,0.7732422,0.7732422,0.7623334725697836
LG_BraTS20_Training_291,0.94390297,0.754329,0.018789329,0.018789329,0.5723404089609782
LG_BraTS20_Training_292,0.8935328,0.7577806,0.39823443,0.39823443,0.6831826368967692
LG_BraTS20_Training_294,0.9096049,0.73493505,1.2908223e-12,1.2908223e-12,0.5481799840927124
LG_BraTS20_Training_297,0.7582444,0.68231833,2.9638412e-12,2.9638412e-12,0.4801875750223796
LG_BraTS20_Training_310,0.88516533,0.6122854,6.1387354e-13,6.1387354e-13,0.49915023644765216
LG_BraTS20_Training_324,0.8888367,0.21548113,2.9958059e-12,2.9958059e-12,0.3681059281031291
t1cet1t2
HG_BraTS20_Training_010,0.64010304,0.6978311,0.7616603,0.7616603,0.6998647848765055
HG_BraTS20_Training_012,0.8076315,0.7960881,0.7032071,0.7032071,0.768975575764974
HG_BraTS20_Training_020,0.8692077,0.7822144,0.6028876,0.6028876,0.7514365514119467
HG_BraTS20_Training_070,0.8065309,0.84619695,0.6549578,0.6549578,0.7692285378774008
HG_BraTS20_Training_089,0.8196553,0.58966684,0.8609153,0.8609153,0.7567458152770996
HG_BraTS20_Training_119,0.6215686,0.8288965,0.6985988,0.6985988,0.7163546880086263
HG_BraTS20_Training_124,0.91048217,0.8821048,0.8201099,0.8201099,0.870898962020874
HG_BraTS20_Training_128,0.82667595,0.30739895,0.3319315,0.3319315,0.4886687994003296
HG_BraTS20_Training_134,0.77603066,0.7880963,0.6943095,0.6943095,0.7528121471405029
HG_BraTS20_Training_140,0.92397916,0.9067226,0.8009468,0.8009468,0.8772161801656088
HG_BraTS20_Training_150,0.88813335,0.91484976,0.9177378,0.9177378,0.9069069226582845
HG_BraTS20_Training_180,0.6664629,0.71342367,0.80243635,0.80243635,0.7274409929911295
HG_BraTS20_Training_188,0.6523858,0.76369536,0.6721169,0.6721169,0.6960660616556803
HG_BraTS20_Training_191,0.8880916,0.73176944,0.72984487,0.72984487,0.7832353115081787
HG_BraTS20_Training_201,0.8582933,0.9342706,0.8610929,0.8610929,0.8845523198445638
HG_BraTS20_Training_211,0.82494134,0.9226516,0.82456183,0.82456183,0.8573849201202393
HG_BraTS20_Training_212,0.8121723,0.72889864,0.6488764,0.6488764,0.7299824555714926
HG_BraTS20_Training_226,0.85543114,0.92019665,0.8781408,0.8781408,0.8845895131429037
HG_BraTS20_Training_232,0.7635184,0.78891116,0.67584276,0.67584276,0.7427574793497721
HG_BraTS20_Training_241,0.8428804,0.7729505,0.75350577,0.75350577,0.7897788683573405
HG_BraTS20_Training_245,0.8677498,0.77208936,0.7630536,0.7630536,0.8009642759958903
HG_BraTS20_Training_246,0.8789416,0.7209481,0.8080228,0.8080228,0.802637497584025
HG_BraTS20_Training_336,0.9177162,0.90153766,0.84029114,0.84029114,0.8865149815877279
HG_BraTS20_Training_338,0.8820286,0.9444319,0.8893201,0.8893201,0.90526016553243
HG_BraTS20_Training_344,0.8617402,0.73497534,0.614083,0.614083,0.7369328339894613
HG_BraTS20_Training_352,0.8850162,0.711176,0.83178675,0.83178675,0.8093263308207194
LG_BraTS20_Training_262,0.8296716,0.38536838,2.3934897e-12,2.3934897e-12,0.4050133228302002
LG_BraTS20_Training_275,0.5507845,0.18476665,2.7203483e-12,2.7203483e-12,0.24518372615178427
LG_BraTS20_Training_278,0.73137504,0.106549166,2.6616981e-12,2.6616981e-12,0.27930806080500287
LG_BraTS20_Training_283,0.89752215,0.7313669,0.8069853,0.8069853,0.8119581540425619
LG_BraTS20_Training_291,0.9184912,0.7431244,0.0293385,0.0293385,0.5636513630549113
LG_BraTS20_Training_292,0.8888452,0.70301723,0.4232461,0.4232461,0.6717028617858887
LG_BraTS20_Training_294,0.8756972,0.6135599,1.7639795e-12,1.7639795e-12,0.4964190324147542
LG_BraTS20_Training_297,0.73801774,0.6349685,3.232062e-12,3.232062e-12,0.45766210556030273
LG_BraTS20_Training_310,0.77291995,0.5469756,5.413892e-13,5.413892e-13,0.4399651686350505
LG_BraTS20_Training_324,0.6994046,0.08702687,2.1463833e-12,2.1463833e-12,0.2621438304583232
flairt1cet2
HG_BraTS20_Training_010,0.72665775,0.7431554,0.78279215,0.78279215,0.7508683999379476
HG_BraTS20_Training_012,0.8372019,0.7954557,0.6964841,0.6964841,0.7763805389404297
HG_BraTS20_Training_020,0.87696964,0.7943584,0.60881984,0.60881984,0.7600493431091309
HG_BraTS20_Training_070,0.855017,0.83020324,0.62456197,0.62456197,0.7699274222056071
HG_BraTS20_Training_089,0.8255523,0.47036785,0.8336041,0.8336041,0.7098414103190104
HG_BraTS20_Training_119,0.7453141,0.84262615,0.68883556,0.68883556,0.7589252789815267
HG_BraTS20_Training_124,0.9126499,0.88035905,0.833343,0.833343,0.8754506905873617
HG_BraTS20_Training_128,0.840411,0.16766813,0.2536736,0.2536736,0.4205842812856038
HG_BraTS20_Training_134,0.8177034,0.8129029,0.69211453,0.69211453,0.7742403348286947
HG_BraTS20_Training_140,0.9304033,0.8927984,0.7917593,0.7917593,0.8716536362965902
HG_BraTS20_Training_150,0.9271672,0.9005636,0.90632266,0.90632266,0.9113511244455973
HG_BraTS20_Training_180,0.68358827,0.7622937,0.84474623,0.84474623,0.7635427316029867
HG_BraTS20_Training_188,0.75332546,0.69567704,0.6281337,0.6281337,0.6923787593841553
HG_BraTS20_Training_191,0.9064543,0.80707055,0.72125876,0.72125876,0.8115944862365723
HG_BraTS20_Training_201,0.8969726,0.9169696,0.83232653,0.83232653,0.8820896148681641
HG_BraTS20_Training_211,0.8645331,0.90371424,0.8062765,0.8062765,0.8581746419270834
HG_BraTS20_Training_212,0.85414165,0.7730843,0.67814326,0.67814326,0.7684563795725504
HG_BraTS20_Training_226,0.87169546,0.92159706,0.85977757,0.85977757,0.8843566576639811
HG_BraTS20_Training_232,0.87514096,0.7906153,0.6751715,0.6751715,0.7803092002868652
HG_BraTS20_Training_241,0.86288565,0.7064697,0.7032658,0.7032658,0.7575403849283854
HG_BraTS20_Training_245,0.8298906,0.7525773,0.6209656,0.6209656,0.7344778378804525
HG_BraTS20_Training_246,0.8832182,0.67247415,0.7371938,0.7371938,0.7642954190572103
HG_BraTS20_Training_336,0.921061,0.9278546,0.83114207,0.83114207,0.8933525085449219
HG_BraTS20_Training_338,0.9080152,0.9306358,0.8782079,0.8782079,0.9056196212768555
HG_BraTS20_Training_344,0.85913354,0.72991985,0.5528786,0.5528786,0.7139773368835449
HG_BraTS20_Training_352,0.76374,0.57040095,0.83975726,0.83975726,0.724632740020752
LG_BraTS20_Training_262,0.82732326,0.30474913,3.071253e-12,3.071253e-12,0.37735748291015625
LG_BraTS20_Training_275,0.7705538,0.20670277,5.4734537e-12,5.4734537e-12,0.3257521986961365
LG_BraTS20_Training_278,0.83095264,0.30610338,3.511236e-12,3.511236e-12,0.3790186643600464
LG_BraTS20_Training_283,0.8821683,0.5608211,0.72673136,0.72673136,0.7232402165730795
LG_BraTS20_Training_291,0.9439852,0.7672634,0.025822317,0.025822317,0.5790236393610636
LG_BraTS20_Training_292,0.89269584,0.7830488,0.45235875,0.45235875,0.709367831548055
LG_BraTS20_Training_294,0.9081269,0.72142214,1.9809827e-12,1.9809827e-12,0.5431830088297526
LG_BraTS20_Training_297,0.748321,0.6971977,3.3726813e-12,3.3726813e-12,0.4818395773569743
LG_BraTS20_Training_310,0.8768365,0.60186183,6.3063633e-13,6.3063633e-13,0.49289941787719727
LG_BraTS20_Training_324,0.87521344,0.22651675,2.5536261e-12,2.5536261e-12,0.3672434091567993
flairt1t2
HG_BraTS20_Training_010,0.7090096,0.512135,0.17523892,0.17523892,0.4654612143834432
HG_BraTS20_Training_012,0.83951616,0.65553844,0.3300999,0.3300999,0.6083848476409912
HG_BraTS20_Training_020,0.8837461,0.7759082,0.3877508,0.3877508,0.6824683348337809
HG_BraTS20_Training_070,0.87586004,0.700651,0.23614328,0.23614328,0.6042180856068929
HG_BraTS20_Training_089,0.80479395,0.3640417,0.1914676,0.1914676,0.45343442757924396
HG_BraTS20_Training_119,0.7218479,0.7000569,0.38209513,0.38209513,0.6013333002726237
HG_BraTS20_Training_124,0.91380715,0.7495303,0.42325783,0.42325783,0.6955317656199137
HG_BraTS20_Training_128,0.80103046,0.11670583,0.085002914,0.085002914,0.3342463970184326
HG_BraTS20_Training_134,0.8388434,0.7273212,0.34543684,0.34543684,0.6372004747390747
HG_BraTS20_Training_140,0.9181419,0.808113,0.25587144,0.25587144,0.6607087850570679
HG_BraTS20_Training_150,0.8956525,0.7597178,0.4212839,0.4212839,0.6922180652618408
HG_BraTS20_Training_180,0.6702113,0.55110544,0.43474522,0.43474522,0.5520206689834595
HG_BraTS20_Training_188,0.75180966,0.5781298,0.42119464,0.42119464,0.5837113857269287
HG_BraTS20_Training_191,0.9289986,0.5926023,0.29893458,0.29893458,0.6068451801935831
HG_BraTS20_Training_201,0.9165226,0.844076,0.6761583,0.6761583,0.8122523625691732
HG_BraTS20_Training_211,0.837739,0.81745917,0.46553722,0.46553722,0.7069118022918701
HG_BraTS20_Training_212,0.84908676,0.7348558,0.3514122,0.3514122,0.645118236541748
HG_BraTS20_Training_226,0.8781864,0.87519336,0.38130835,0.38130835,0.711562712987264
HG_BraTS20_Training_232,0.8972131,0.53250015,0.37562242,0.37562242,0.6017785469690958
HG_BraTS20_Training_241,0.87386507,0.59948915,0.49596995,0.49596995,0.6564413706461588
HG_BraTS20_Training_245,0.8672061,0.81732315,0.6299492,0.6299492,0.7714927991231283
HG_BraTS20_Training_246,0.90316826,0.63801056,0.491046,0.491046,0.6774082978566488
HG_BraTS20_Training_336,0.91224974,0.87171763,0.5810444,0.5810444,0.788337230682373
HG_BraTS20_Training_338,0.89772713,0.8050299,0.4855827,0.4855827,0.7294465700785319
HG_BraTS20_Training_344,0.8709438,0.6892815,0.38702255,0.38702255,0.6490825812021891
HG_BraTS20_Training_352,0.8223738,0.33036456,0.49806044,0.49806044,0.5502662658691406
LG_BraTS20_Training_262,0.84467393,0.2608233,5.949194e-13,5.949194e-13,0.36849908034006756
LG_BraTS20_Training_275,0.723702,0.23787235,2.5445293e-12,2.5445293e-12,0.32052479187647503
LG_BraTS20_Training_278,0.8618128,0.6575894,6.333122e-13,6.333122e-13,0.5064673821131388
LG_BraTS20_Training_283,0.88791686,0.345459,0.36912942,0.36912942,0.5341684420903524
LG_BraTS20_Training_291,0.956341,0.7025502,0.006801747,0.006801747,0.555230975151062
LG_BraTS20_Training_292,0.8885748,0.8198393,0.21140221,0.21140221,0.639938751856486
LG_BraTS20_Training_294,0.9046246,0.73455006,6.5346665e-13,6.5346665e-13,0.5463915665944418
LG_BraTS20_Training_297,0.8053782,0.75379926,1.4082523e-12,1.4082523e-12,0.5197257995605469
LG_BraTS20_Training_310,0.91563535,0.76882905,5.372012e-13,5.372012e-13,0.561488151550293
LG_BraTS20_Training_324,0.9027232,0.46024534,1.3948947e-12,1.3948947e-12,0.4543228546778361
flairt1cet1
HG_BraTS20_Training_010,0.73103917,0.695034,0.8001074,0.8001074,0.7420601844787598
HG_BraTS20_Training_012,0.84813625,0.835536,0.7354467,0.7354467,0.8063729604085287
HG_BraTS20_Training_020,0.87997675,0.8079497,0.6103918,0.6103918,0.766106128692627
HG_BraTS20_Training_070,0.8952955,0.84654754,0.64679354,0.64679354,0.7962121963500977
HG_BraTS20_Training_089,0.848203,0.54783434,0.86735964,0.86735964,0.754465659459432
HG_BraTS20_Training_119,0.7361211,0.8402946,0.7346374,0.7346374,0.7703510920206705
HG_BraTS20_Training_124,0.9314587,0.9098147,0.8258131,0.8258131,0.8890288670857748
HG_BraTS20_Training_128,0.85206085,0.28124654,0.30870888,0.30870888,0.48067212104797363
HG_BraTS20_Training_134,0.8142886,0.78580886,0.70715296,0.70715296,0.7690834999084473
HG_BraTS20_Training_140,0.93165207,0.8981894,0.79000705,0.79000705,0.8732828299204508
HG_BraTS20_Training_150,0.90875775,0.8932892,0.90549463,0.90549463,0.9025139013926188
HG_BraTS20_Training_180,0.74269414,0.80175734,0.85708344,0.85708344,0.8005116780598959
HG_BraTS20_Training_188,0.7257702,0.67546153,0.6306188,0.6306188,0.677283525466919
HG_BraTS20_Training_191,0.90686214,0.7617628,0.72943157,0.72943157,0.7993521690368652
HG_BraTS20_Training_201,0.8968008,0.91875297,0.84887433,0.84887433,0.8881427447001139
HG_BraTS20_Training_211,0.8723098,0.8956165,0.8062045,0.8062045,0.8580435911814371
HG_BraTS20_Training_212,0.78699124,0.6522843,0.64109564,0.64109564,0.6934570471445719
HG_BraTS20_Training_226,0.87249815,0.9078119,0.8780093,0.8780093,0.8861064910888672
HG_BraTS20_Training_232,0.85751,0.715965,0.6092037,0.6092037,0.7275595664978027
HG_BraTS20_Training_241,0.8677598,0.77245915,0.7679143,0.7679143,0.8027110894521078
HG_BraTS20_Training_245,0.80578166,0.7761774,0.7340107,0.7340107,0.771989901860555
HG_BraTS20_Training_246,0.86508816,0.66128355,0.8075364,0.8075364,0.7779693603515625
HG_BraTS20_Training_336,0.9164941,0.9414339,0.8547807,0.8547807,0.9042362372080485
HG_BraTS20_Training_338,0.8892379,0.9192198,0.8760473,0.8760473,0.8948349952697754
HG_BraTS20_Training_344,0.89291465,0.8289347,0.6398073,0.6398073,0.7872188886006674
HG_BraTS20_Training_352,0.7118479,0.57580984,0.80819505,0.80819505,0.6986176172892252
LG_BraTS20_Training_262,0.875334,0.54444313,3.138732e-12,3.138732e-12,0.47325905164082843
LG_BraTS20_Training_275,0.6910345,0.16194719,5.2137643e-12,5.2137643e-12,0.284327228864034
LG_BraTS20_Training_278,0.79744935,0.14177004,2.7662516e-12,2.7662516e-12,0.3130731185277303
LG_BraTS20_Training_283,0.8944676,0.7750261,0.82821536,0.82821536,0.8325696786244711
LG_BraTS20_Training_291,0.92252326,0.70418394,0.023625731,0.023625731,0.5501109759012858
LG_BraTS20_Training_292,0.81705606,0.6757239,0.37406614,0.37406614,0.6222820281982422
LG_BraTS20_Training_294,0.86471325,0.64530957,1.3090719e-12,1.3090719e-12,0.5033409595489502
LG_BraTS20_Training_297,0.56217945,0.569434,7.501876e-12,7.501876e-12,0.37720449765523273
LG_BraTS20_Training_310,0.8764652,0.55770105,6.926647e-13,6.926647e-13,0.4780553976694743
LG_BraTS20_Training_324,0.8918615,0.1292888,2.793296e-12,2.793296e-12,0.34038345019022626
flairt1ce
HG_BraTS20_Training_010,0.7622033,0.78951466,0.8382245,0.8382245,0.7966474692026774
HG_BraTS20_Training_012,0.8188959,0.8445348,0.7392505,0.7392505,0.8008937040964762
HG_BraTS20_Training_020,0.8737771,0.7661298,0.619946,0.619946,0.7532842953999838
HG_BraTS20_Training_070,0.87002504,0.7588174,0.626383,0.626383,0.7517418066660563
HG_BraTS20_Training_089,0.8456636,0.6110425,0.91007584,0.91007584,0.7889273166656494
HG_BraTS20_Training_119,0.7528273,0.8512722,0.751591,0.751591,0.7852301597595215
HG_BraTS20_Training_124,0.9273239,0.9131755,0.82915616,0.82915616,0.8898851871490479
HG_BraTS20_Training_128,0.83920413,0.28306654,0.36426914,0.36426914,0.4955132802327474
HG_BraTS20_Training_134,0.7934888,0.7866833,0.68425053,0.68425053,0.7548075517018636
HG_BraTS20_Training_140,0.92746973,0.915876,0.82129294,0.82129294,0.8882128397623698
HG_BraTS20_Training_150,0.9020098,0.9037085,0.9049318,0.9049318,0.9035499890645345
HG_BraTS20_Training_180,0.753967,0.8781721,0.88204974,0.88204974,0.8380629221598307
HG_BraTS20_Training_188,0.7302948,0.7024217,0.65863365,0.65863365,0.6971167723337809
HG_BraTS20_Training_191,0.8829725,0.78406376,0.7343333,0.7343333,0.8004565238952637
HG_BraTS20_Training_201,0.89203024,0.9264518,0.851046,0.851046,0.889842669169108
HG_BraTS20_Training_211,0.8827598,0.90102726,0.8069818,0.8069818,0.8635896046956381
HG_BraTS20_Training_212,0.73834395,0.56654584,0.6487322,0.6487322,0.6512073278427124
HG_BraTS20_Training_226,0.83663636,0.88205993,0.8580468,0.8580468,0.8589143753051758
HG_BraTS20_Training_232,0.8712771,0.76809967,0.6828699,0.6828699,0.7740821838378906
HG_BraTS20_Training_241,0.84906334,0.74046624,0.7235473,0.7235473,0.7710255781809489
HG_BraTS20_Training_245,0.81492215,0.7054294,0.6815154,0.6815154,0.7339556217193604
HG_BraTS20_Training_246,0.8216748,0.57589495,0.73628926,0.73628926,0.7112863858540853
HG_BraTS20_Training_336,0.90802,0.9206945,0.8284758,0.8284758,0.8857301076253256
HG_BraTS20_Training_338,0.8870639,0.9299055,0.875223,0.875223,0.8973974386850992
HG_BraTS20_Training_344,0.8414462,0.7309748,0.6110354,0.6110354,0.7278188069661459
HG_BraTS20_Training_352,0.53741103,0.58890504,0.7879518,0.7879518,0.6380892992019653
LG_BraTS20_Training_262,0.8558294,0.4529872,4.985045e-12,4.985045e-12,0.43627222379048664
LG_BraTS20_Training_275,0.70411354,0.04916121,1.7152658e-11,1.7152658e-11,0.2510915795962016
LG_BraTS20_Training_278,0.8174583,0.002068317,4.0128413e-12,4.0128413e-12,0.27317553758621216
LG_BraTS20_Training_283,0.89019656,0.7213308,0.7697715,0.7697715,0.7937663396199545
LG_BraTS20_Training_291,0.88406163,0.6513449,0.04796905,0.04796905,0.5277918974558512
LG_BraTS20_Training_292,0.7885875,0.5602,0.40410835,0.40410835,0.5842986106872559
LG_BraTS20_Training_294,0.82341087,0.45038614,2.9291153e-12,2.9291153e-12,0.42459901173909503
LG_BraTS20_Training_297,0.49698785,0.35446993,4.0322582e-11,1.0,0.2838192582130432
LG_BraTS20_Training_310,0.8262293,0.34742194,6.13008e-13,6.13008e-13,0.39121707280476886
LG_BraTS20_Training_324,0.8206889,0.036577933,3.841721e-12,3.841721e-12,0.2857556144396464
flairt2
HG_BraTS20_Training_010,0.7237817,0.5359268,0.18640007,0.18640007,0.48203619321187335
HG_BraTS20_Training_012,0.8303519,0.5964514,0.2865045,0.2865045,0.5711026191711426
HG_BraTS20_Training_020,0.8804036,0.79916716,0.40571466,0.40571466,0.6950951417287191
HG_BraTS20_Training_070,0.8711128,0.6855559,0.23212343,0.23212343,0.5962640444437662
HG_BraTS20_Training_089,0.80848557,0.36886957,0.17051218,0.17051218,0.44928912321726483
HG_BraTS20_Training_119,0.7319698,0.67449147,0.37147477,0.37147477,0.5926453272501627
HG_BraTS20_Training_124,0.9085021,0.78312314,0.44856602,0.44856602,0.7133971055348715
HG_BraTS20_Training_128,0.8062951,0.113851994,0.06500051,0.06500051,0.32838253180185956
HG_BraTS20_Training_134,0.8056314,0.6859596,0.38167524,0.38167524,0.6244220733642578
HG_BraTS20_Training_140,0.92525816,0.7940153,0.29848662,0.29848662,0.6725866794586182
HG_BraTS20_Training_150,0.9028712,0.75934833,0.36006725,0.36006725,0.674095630645752
HG_BraTS20_Training_180,0.67569,0.5950515,0.43862954,0.43862954,0.5697903235753378
HG_BraTS20_Training_188,0.75079066,0.5295528,0.32757917,0.32757917,0.5359742244084676
HG_BraTS20_Training_191,0.9306887,0.65395,0.27089468,0.27089468,0.6185110807418823
HG_BraTS20_Training_201,0.92035294,0.8374961,0.606734,0.606734,0.7881943384806315
HG_BraTS20_Training_211,0.84684235,0.83866894,0.5127946,0.5127946,0.732768694559733
HG_BraTS20_Training_212,0.8349901,0.69790655,0.33200964,0.33200964,0.6216354370117188
HG_BraTS20_Training_226,0.8684942,0.86108834,0.36636433,0.36636433,0.6986489295959473
HG_BraTS20_Training_232,0.8826764,0.5280383,0.32262057,0.32262057,0.5777784188588461
HG_BraTS20_Training_241,0.87069434,0.5571111,0.4636714,0.4636714,0.6304922898610433
HG_BraTS20_Training_245,0.800217,0.7741057,0.52606404,0.52606404,0.7001288731892904
HG_BraTS20_Training_246,0.8776214,0.62882257,0.46362162,0.46362162,0.6566885312398275
HG_BraTS20_Training_336,0.92412066,0.86567706,0.60327196,0.60327196,0.7976899147033691
HG_BraTS20_Training_338,0.8924752,0.8183907,0.5205055,0.5205055,0.7437904675801595
HG_BraTS20_Training_344,0.8709205,0.77516496,0.33132482,0.33132482,0.6591367721557617
HG_BraTS20_Training_352,0.76964754,0.40868974,0.4163692,0.4163692,0.5315688451131185
LG_BraTS20_Training_262,0.8377962,0.23453934,5.671828e-13,5.671828e-13,0.3574452002843221
LG_BraTS20_Training_275,0.8033247,0.2840632,2.948113e-12,2.948113e-12,0.3624626398086548
LG_BraTS20_Training_278,0.85182536,0.6776591,8.553588e-13,8.553588e-13,0.5098281701405843
LG_BraTS20_Training_283,0.8869436,0.35822943,0.2433822,0.2433822,0.4961850643157959
LG_BraTS20_Training_291,0.95541555,0.68795204,0.007056138,0.007056138,0.5501412153244019
LG_BraTS20_Training_292,0.9141457,0.75742567,0.13670501,0.13670501,0.6027588049570719
LG_BraTS20_Training_294,0.90825737,0.7076919,6.599353e-13,6.599353e-13,0.5386497577031454
LG_BraTS20_Training_297,0.7545359,0.68334347,1.2639029e-12,1.2639029e-12,0.4792931079864502
LG_BraTS20_Training_310,0.90590644,0.7371102,5.5248617e-13,5.5248617e-13,0.5476721922556559
LG_BraTS20_Training_324,0.87702084,0.48264137,6.8875266e-13,6.8875266e-13,0.4532207250595093
t1t2
HG_BraTS20_Training_010,0.6502626,0.56038606,0.2206907,0.2206907,0.47711312770843506
HG_BraTS20_Training_012,0.84896153,0.71956307,0.52882934,0.52882934,0.6991179784138998
HG_BraTS20_Training_020,0.87150025,0.777751,0.37217817,0.37217817,0.6738097667694092
HG_BraTS20_Training_070,0.82798165,0.6953576,0.26924786,0.26924786,0.5975290536880493
HG_BraTS20_Training_089,0.8168762,0.39674363,0.3253967,0.3253967,0.5130054950714111
HG_BraTS20_Training_119,0.6041625,0.7641171,0.36614054,0.36614054,0.5781400998433431
HG_BraTS20_Training_124,0.90613544,0.72674483,0.4177215,0.4177215,0.6835339069366455
HG_BraTS20_Training_128,0.78703636,0.12883352,0.14192829,0.14192829,0.3525993824005127
HG_BraTS20_Training_134,0.82724607,0.7379871,0.36111864,0.36111864,0.6421173016230265
HG_BraTS20_Training_140,0.9086478,0.8253342,0.33713984,0.33713984,0.6903738975524902
HG_BraTS20_Training_150,0.8659512,0.7319539,0.50729036,0.50729036,0.7017318407694498
HG_BraTS20_Training_180,0.6500096,0.41535908,0.30076587,0.30076587,0.4553781747817993
HG_BraTS20_Training_188,0.67445356,0.7563661,0.594449,0.594449,0.6750895182291666
HG_BraTS20_Training_191,0.9013312,0.4772568,0.2987387,0.2987387,0.5591088930765787
HG_BraTS20_Training_201,0.87268996,0.8756229,0.7321028,0.7321028,0.8268052736918131
HG_BraTS20_Training_211,0.81642854,0.8370997,0.5748519,0.5748519,0.7427934010823568
HG_BraTS20_Training_212,0.8767442,0.77708805,0.40941727,0.40941727,0.6877498626708984
HG_BraTS20_Training_226,0.8695915,0.84527856,0.41423687,0.41423687,0.7097022533416748
HG_BraTS20_Training_232,0.7640436,0.52155685,0.42303848,0.42303848,0.5695463021596273
HG_BraTS20_Training_241,0.8605098,0.63987505,0.51784754,0.51784754,0.6727441151936849
HG_BraTS20_Training_245,0.8758687,0.808962,0.61301184,0.61301184,0.7659475008646647
HG_BraTS20_Training_246,0.8730693,0.72053856,0.47835734,0.47835734,0.6906550725301107
HG_BraTS20_Training_336,0.9173076,0.8163546,0.5512668,0.5512668,0.7616429328918457
HG_BraTS20_Training_338,0.8708723,0.6979374,0.44826084,0.44826084,0.6723568439483643
HG_BraTS20_Training_344,0.8699943,0.7279217,0.40005186,0.40005186,0.6659892797470093
HG_BraTS20_Training_352,0.8696797,0.32053497,0.46491536,0.46491536,0.5517100095748901
LG_BraTS20_Training_262,0.8408221,0.2843602,6.650705e-13,6.650705e-13,0.37506075700124103
LG_BraTS20_Training_275,0.6601551,0.20407899,4.1305245e-12,4.1305245e-12,0.2880780299504598
LG_BraTS20_Training_278,0.7947937,0.5373317,7.185973e-13,7.185973e-13,0.44404180844624835
LG_BraTS20_Training_283,0.89137596,0.36006385,0.4058012,0.4058012,0.5524136622746786
LG_BraTS20_Training_291,0.94101125,0.7054583,0.006907213,0.006907213,0.5511256059010824
LG_BraTS20_Training_292,0.8810817,0.7573903,0.23859507,0.23859507,0.6256890296936035
LG_BraTS20_Training_294,0.8837778,0.7147815,7.009182e-13,7.009182e-13,0.5328531265258789
LG_BraTS20_Training_297,0.7609138,0.71259695,1.2169892e-12,1.2169892e-12,0.4911702473958333
LG_BraTS20_Training_310,0.88939124,0.76669294,7.753741e-13,7.753741e-13,0.5520280599594116
LG_BraTS20_Training_324,0.76519626,0.3230631,1.4528549e-12,1.4528549e-12,0.36275311311086017
flairt1
HG_BraTS20_Training_010,0.7386627,0.56545925,0.24183966,0.24183966,0.5153205394744873
HG_BraTS20_Training_012,0.85000145,0.7525938,0.35628292,0.35628292,0.6529594262441
HG_BraTS20_Training_020,0.87949276,0.7719251,0.30460796,0.30460796,0.6520086129506429
HG_BraTS20_Training_070,0.895209,0.7244243,0.31478903,0.31478903,0.6448074579238892
HG_BraTS20_Training_089,0.8395236,0.38540182,0.29918444,0.29918444,0.5080366134643555
HG_BraTS20_Training_119,0.7420477,0.7331156,0.1894242,0.1894242,0.5548624992370605
HG_BraTS20_Training_124,0.92078304,0.7281017,0.3984955,0.3984955,0.6824600696563721
HG_BraTS20_Training_128,0.83685035,0.16359049,0.15387115,0.15387115,0.384770671526591
HG_BraTS20_Training_134,0.83503133,0.7278543,0.34930038,0.34930038,0.6373953421910604
HG_BraTS20_Training_140,0.92387927,0.8378673,0.49329343,0.49329343,0.751680056254069
HG_BraTS20_Training_150,0.8626945,0.68099403,0.58997196,0.58997196,0.7112201849619547
HG_BraTS20_Training_180,0.7013253,0.58532715,0.53468496,0.53468496,0.6071124871571859
HG_BraTS20_Training_188,0.71236646,0.49150154,0.37145096,0.37145096,0.5251063505808512
HG_BraTS20_Training_191,0.9260192,0.5808957,0.4364042,0.4364042,0.647773027420044
HG_BraTS20_Training_201,0.92227805,0.790957,0.72110456,0.72110456,0.8114465077718099
HG_BraTS20_Training_211,0.85815716,0.7837151,0.5305088,0.5305088,0.7241270542144775
HG_BraTS20_Training_212,0.7785769,0.5963929,0.32276765,0.32276765,0.5659124851226807
HG_BraTS20_Training_226,0.8807668,0.7945154,0.55156434,0.55156434,0.7422822316487631
HG_BraTS20_Training_232,0.90339625,0.48583576,0.3500533,0.3500533,0.579761783281962
HG_BraTS20_Training_241,0.8864155,0.56417584,0.41499653,0.41499653,0.6218626101811727
HG_BraTS20_Training_245,0.8185795,0.70418274,0.5243012,0.5243012,0.6823544502258301
HG_BraTS20_Training_246,0.8746408,0.58310074,0.42526686,0.42526686,0.6276694536209106
HG_BraTS20_Training_336,0.9043523,0.874503,0.6548775,0.6548775,0.8112442493438721
HG_BraTS20_Training_338,0.8647507,0.7525346,0.5486606,0.5486606,0.721981922785441
HG_BraTS20_Training_344,0.88690645,0.6570669,0.40727523,0.40727523,0.6504161755243937
HG_BraTS20_Training_352,0.5285961,0.27633142,0.34698555,0.34698555,0.38397101561228436
LG_BraTS20_Training_262,0.86452216,0.36784244,5.9255747e-13,5.9255747e-13,0.41078821818033856
LG_BraTS20_Training_275,0.7040218,0.26433817,2.3872046e-12,2.3872046e-12,0.3227866490681966
LG_BraTS20_Training_278,0.8493387,0.6261202,4.1992104e-13,4.1992104e-13,0.4918196201324463
LG_BraTS20_Training_283,0.8997114,0.39924085,0.41707605,0.41707605,0.5720094045003256
LG_BraTS20_Training_291,0.9395745,0.7426432,0.0046617915,0.0046617915,0.5622931321461996
LG_BraTS20_Training_292,0.82623035,0.76410294,0.17790844,0.17790844,0.5894138813018799
LG_BraTS20_Training_294,0.8920478,0.7263531,3.5780734e-13,3.5780734e-13,0.5394669771194458
LG_BraTS20_Training_297,0.6677143,0.72827494,9.0563304e-13,9.0563304e-13,0.46532972653706867
LG_BraTS20_Training_310,0.9190724,0.74531466,2.969562e-13,2.969562e-13,0.5547956625620524
LG_BraTS20_Training_324,0.87697345,0.47741443,1.0144045e-12,1.0144045e-12,0.45146262645721436
t1cet1
HG_BraTS20_Training_010,0.46381366,0.7786809,0.8322649,0.8322649,0.6915864944458008
HG_BraTS20_Training_012,0.6656474,0.8290756,0.72676754,0.72676754,0.7404967943827311
HG_BraTS20_Training_020,0.7847585,0.7032144,0.61610144,0.61610144,0.7013581593831381
HG_BraTS20_Training_070,0.72170633,0.7553307,0.60244405,0.60244405,0.6931603749593099
HG_BraTS20_Training_089,0.74956906,0.67520314,0.8864246,0.8864246,0.7703989346822103
HG_BraTS20_Training_119,0.5632683,0.848443,0.738324,0.738324,0.7166783809661865
HG_BraTS20_Training_124,0.8293951,0.85589176,0.7804462,0.7804462,0.8219110171000162
HG_BraTS20_Training_128,0.042922895,0.001937046,0.002051282,0.002051282,0.015637074907620747
HG_BraTS20_Training_134,0.6531614,0.67505836,0.6527975,0.6527975,0.6603391170501709
HG_BraTS20_Training_140,0.88336533,0.9145673,0.8207748,0.8207748,0.8729024728139242
HG_BraTS20_Training_150,0.8101622,0.89887345,0.9045805,0.9045805,0.8712053298950195
HG_BraTS20_Training_180,0.6758087,0.7524611,0.78966576,0.78966576,0.7393118540445963
HG_BraTS20_Training_188,0.48874116,0.77510226,0.7073606,0.7073606,0.6570680141448975
HG_BraTS20_Training_191,0.70001584,0.6744771,0.67126507,0.67126507,0.6819193363189697
HG_BraTS20_Training_201,0.7574409,0.93484133,0.8460909,0.8460909,0.8461243311564127
HG_BraTS20_Training_211,0.7652407,0.9156846,0.82919186,0.82919186,0.836705764134725
HG_BraTS20_Training_212,0.6214585,0.5732733,0.64057446,0.64057446,0.6117687225341797
HG_BraTS20_Training_226,0.77731305,0.90135765,0.8704264,0.8704264,0.8496990203857422
HG_BraTS20_Training_232,0.67951727,0.7960557,0.7126723,0.7126723,0.7294150988260905
HG_BraTS20_Training_241,0.644097,0.6889188,0.697901,0.697901,0.676972230275472
HG_BraTS20_Training_245,0.7486398,0.6910056,0.7028557,0.7028557,0.71416703859965
HG_BraTS20_Training_246,0.77029234,0.67280084,0.8105524,0.8105524,0.7512152194976807
HG_BraTS20_Training_336,0.81750005,0.86737305,0.79051864,0.79051864,0.8251306215922037
HG_BraTS20_Training_338,0.7937737,0.8894315,0.8696492,0.8696492,0.8509514331817627
HG_BraTS20_Training_344,0.7897194,0.72597986,0.6319733,0.6319733,0.7158908843994141
HG_BraTS20_Training_352,0.74870497,0.70181406,0.8520216,0.8520216,0.7675135930379232
LG_BraTS20_Training_262,0.6858848,0.50067025,5.3561864e-12,5.3561864e-12,0.39551834265391034
LG_BraTS20_Training_275,0.16060276,0.011013627,6.3694265e-11,1.0,0.057205463449160256
LG_BraTS20_Training_278,0.33222964,0.0025693015,2.546473e-12,2.546473e-12,0.11159964402516682
LG_BraTS20_Training_283,0.4452798,0.7265934,0.7228479,0.7228479,0.6315736770629883
LG_BraTS20_Training_291,0.724052,0.66724396,0.049499735,0.049499735,0.48026522000630695
LG_BraTS20_Training_292,0.7613482,0.6871389,0.5145121,0.5145121,0.6543330351511637
LG_BraTS20_Training_294,0.67417306,0.4444365,2.2232103e-12,2.2232103e-12,0.3728698492050171
LG_BraTS20_Training_297,0.30975837,0.39615583,4.255319e-11,1.0,0.23530473311742148
LG_BraTS20_Training_310,0.6578875,0.4725827,1.2717792e-12,1.2717792e-12,0.37682342529296875
LG_BraTS20_Training_324,0.44688597,0.048483975,2.5759917e-12,2.5759917e-12,0.16512331366539001
t1cet2
HG_BraTS20_Training_010,0.6480523,0.7504508,0.79564565,0.79564565,0.7313829263051351
HG_BraTS20_Training_012,0.8107661,0.7995145,0.7119187,0.7119187,0.7740664482116699
HG_BraTS20_Training_020,0.85480434,0.76964945,0.6038394,0.6038394,0.742764393488566
HG_BraTS20_Training_070,0.8160403,0.83397645,0.6401858,0.6401858,0.7634008725484213
HG_BraTS20_Training_089,0.84622306,0.5873972,0.8575905,0.8575905,0.763736883799235
HG_BraTS20_Training_119,0.6507946,0.82144636,0.71719545,0.71719545,0.7298121452331543
HG_BraTS20_Training_124,0.905342,0.8699192,0.82896304,0.82896304,0.8680747350056967
HG_BraTS20_Training_128,0.799296,0.2809819,0.31997633,0.31997633,0.4667514165242513
HG_BraTS20_Training_134,0.8190866,0.83944505,0.71007305,0.71007305,0.7895348866780599
HG_BraTS20_Training_140,0.92797804,0.910342,0.81290483,0.81290483,0.8837416172027588
HG_BraTS20_Training_150,0.89343566,0.9164593,0.9200252,0.9200252,0.9099734624226888
HG_BraTS20_Training_180,0.6636019,0.71407205,0.8005305,0.8005305,0.7260680993398031
HG_BraTS20_Training_188,0.605,0.7633278,0.67153203,0.67153203,0.6799532572428385
HG_BraTS20_Training_191,0.8768928,0.7600268,0.74601007,0.74601007,0.794309933980306
HG_BraTS20_Training_201,0.8508544,0.91140544,0.8470679,0.8470679,0.8697759310404459
HG_BraTS20_Training_211,0.83448523,0.9180313,0.8188988,0.8188988,0.857138474782308
HG_BraTS20_Training_212,0.80714136,0.74824613,0.6632734,0.6632734,0.7395536104838053
HG_BraTS20_Training_226,0.85247535,0.91385984,0.8779494,0.8779494,0.8814282417297363
HG_BraTS20_Training_232,0.7367667,0.81403166,0.71108145,0.71108145,0.7539599736531576
HG_BraTS20_Training_241,0.8279657,0.7027724,0.72116053,0.72116053,0.7506329218546549
HG_BraTS20_Training_245,0.820003,0.725543,0.7352921,0.7352921,0.7602793375651041
HG_BraTS20_Training_246,0.86342484,0.7149313,0.79027957,0.79027957,0.7895452181498209
HG_BraTS20_Training_336,0.91595143,0.9049857,0.83802885,0.83802885,0.886322021484375
HG_BraTS20_Training_338,0.892457,0.941389,0.8848261,0.8848261,0.9062240918477377
HG_BraTS20_Training_344,0.8489573,0.6808886,0.59505045,0.59505045,0.7082988421122233
HG_BraTS20_Training_352,0.89484495,0.70316064,0.8457237,0.8457237,0.8145763874053955
LG_BraTS20_Training_262,0.856807,0.33007783,2.1034919e-12,2.1034919e-12,0.39562829335530597
LG_BraTS20_Training_275,0.58803576,0.19877976,3.0497102e-12,3.0497102e-12,0.26227184136708576
LG_BraTS20_Training_278,0.7065073,0.02037336,2.737476e-12,2.737476e-12,0.24229355653127035
LG_BraTS20_Training_283,0.8897725,0.71100414,0.8340095,0.8340095,0.8115954399108887
LG_BraTS20_Training_291,0.9194403,0.76491725,0.036990482,0.036990482,0.573782722155253
LG_BraTS20_Training_292,0.8937049,0.6744241,0.43090284,0.43090284,0.6663439671198527
LG_BraTS20_Training_294,0.8896807,0.5660728,1.676165e-12,1.676165e-12,0.48525118827819824
LG_BraTS20_Training_297,0.6861634,0.6139477,2.3546033e-12,2.3546033e-12,0.43337035179138184
LG_BraTS20_Training_310,0.76443887,0.48895052,5.021845e-13,5.021845e-13,0.41779645284016925
LG_BraTS20_Training_324,0.67577916,0.07442726,1.4184397e-12,1.4184397e-12,0.2500688036282857
flair
HG_BraTS20_Training_010,0.74755263,0.43653464,0.37703526,0.37703526,0.5203741788864136
HG_BraTS20_Training_012,0.8220929,0.69041675,0.3218458,0.3218458,0.611451784769694
HG_BraTS20_Training_020,0.87430644,0.77191925,0.335533,0.335533,0.6605862379074097
HG_BraTS20_Training_070,0.87869346,0.50344306,0.1473998,0.1473998,0.5098454554875692
HG_BraTS20_Training_089,0.8281578,0.41433436,0.23716053,0.23716053,0.4932175874710083
HG_BraTS20_Training_119,0.72534305,0.71188486,0.39854166,0.39854166,0.6119232177734375
HG_BraTS20_Training_124,0.91875815,0.81065047,0.36628658,0.36628658,0.6985650857289633
HG_BraTS20_Training_128,0.824924,0.13205484,0.033264745,0.033264745,0.33008118470509845
HG_BraTS20_Training_134,0.7693782,0.5982314,0.24172805,0.24172805,0.5364458560943604
HG_BraTS20_Training_140,0.92585814,0.81935066,0.49748045,0.49748045,0.7475630442301432
HG_BraTS20_Training_150,0.81453466,0.576353,0.27528515,0.27528515,0.5553909540176392
HG_BraTS20_Training_180,0.7307621,0.753038,0.5276121,0.5276121,0.6704707145690918
HG_BraTS20_Training_188,0.6873546,0.43045405,0.18278699,0.18278699,0.43353188037872314
HG_BraTS20_Training_191,0.932313,0.64339536,0.3155292,0.3155292,0.6304125388463339
HG_BraTS20_Training_201,0.9335001,0.83417076,0.40224147,0.40224147,0.7233041127522787
HG_BraTS20_Training_211,0.8479402,0.7749935,0.3129696,0.3129696,0.6453010638554891
HG_BraTS20_Training_212,0.75205237,0.48328137,0.15788926,0.15788926,0.4644076426823934
HG_BraTS20_Training_226,0.8509497,0.6797667,0.3629457,0.3629457,0.6312206983566284
HG_BraTS20_Training_232,0.88431627,0.37426928,0.24449761,0.24449761,0.5010277430216471
HG_BraTS20_Training_241,0.87182665,0.44072405,0.26314527,0.26314527,0.5252319971720377
HG_BraTS20_Training_245,0.77992666,0.644567,0.37104544,0.37104544,0.5985130469004313
HG_BraTS20_Training_246,0.7799295,0.30220667,0.17013544,0.17013544,0.41742388407389325
HG_BraTS20_Training_336,0.91258895,0.8241044,0.5717546,0.5717546,0.7694826126098633
HG_BraTS20_Training_338,0.84963804,0.73144495,0.42229265,0.42229265,0.6677919228871664
HG_BraTS20_Training_344,0.7838628,0.62870896,0.4328171,0.4328171,0.6151296297709147
HG_BraTS20_Training_352,0.37299913,0.13637841,0.23782887,0.23782887,0.24906879663467407
LG_BraTS20_Training_262,0.84119517,0.22664002,1.1934598e-12,1.1934598e-12,0.35594507058461505
LG_BraTS20_Training_275,0.7213821,0.2905179,3.6205648e-12,3.6205648e-12,0.33729998270670575
LG_BraTS20_Training_278,0.8431271,0.5239274,1.0535187e-12,1.0535187e-12,0.4556848208109538
LG_BraTS20_Training_283,0.89986503,0.48866427,0.24356064,0.24356064,0.5440299908320109
LG_BraTS20_Training_291,0.9384707,0.735952,0.0020318795,0.0020318795,0.5588182210922241
LG_BraTS20_Training_292,0.75923836,0.45440027,0.08517215,0.08517215,0.43293694655100506
LG_BraTS20_Training_294,0.88379544,0.6313951,9.0727637e-13,9.0727637e-13,0.505063533782959
LG_BraTS20_Training_297,0.5321799,0.60617673,1.6431153e-12,1.6431153e-12,0.3794522285461426
LG_BraTS20_Training_310,0.88267386,0.6718141,4.2822885e-13,4.2822885e-13,0.5181626478830973
LG_BraTS20_Training_324,0.78429663,0.40296823,6.902264e-13,6.902264e-13,0.39575497309366864
t1
HG_BraTS20_Training_010,0.26560926,0.25119394,0.32186672,0.32186672,0.27955663204193115
HG_BraTS20_Training_012,0.48580995,0.72618836,0.57640564,0.57640564,0.5961346626281738
HG_BraTS20_Training_020,0.8224952,0.6616048,0.24874818,0.24874818,0.5776160955429077
HG_BraTS20_Training_070,0.7152603,0.6168091,0.28152156,0.28152156,0.5378636519114176
HG_BraTS20_Training_089,0.7502962,0.35371277,0.38859522,0.38859522,0.49753471215566
HG_BraTS20_Training_119,0.36925602,0.43838355,0.30123988,0.30123988,0.3696264823277791
HG_BraTS20_Training_124,0.6328731,0.5404818,0.3262913,0.3262913,0.4998820622762044
HG_BraTS20_Training_128,1.221568e-13,6.3848807e-13,7.836991e-12,7.836991e-12,2.8658785414248378e-12
HG_BraTS20_Training_134,0.4670434,0.512144,0.19181956,0.19181956,0.39033567905426025
HG_BraTS20_Training_140,0.8529452,0.83306134,0.21433239,0.21433239,0.6334462960561117
HG_BraTS20_Training_150,0.75248533,0.51460046,0.4090136,0.4090136,0.5586998065312704
HG_BraTS20_Training_180,0.5004997,0.24982443,0.17347628,0.17347628,0.30793346961339313
HG_BraTS20_Training_188,0.3932082,0.4349737,0.57722735,0.57722735,0.4684697389602661
HG_BraTS20_Training_191,0.55996394,0.23376882,0.2222352,0.2222352,0.3386559883753459
HG_BraTS20_Training_201,0.64037466,0.42445433,0.3584451,0.3584451,0.47442468007405597
HG_BraTS20_Training_211,0.6762403,0.685389,0.44546777,0.44546777,0.6023656527201334
HG_BraTS20_Training_212,0.68352985,0.49273932,0.26618832,0.26618832,0.4808191458384196
HG_BraTS20_Training_226,0.7335362,0.63017607,0.2223429,0.2223429,0.5286850531895956
HG_BraTS20_Training_232,0.6341901,0.34848,0.24088646,0.24088646,0.4078521728515625
HG_BraTS20_Training_241,0.7342396,0.4904064,0.15757704,0.15757704,0.46074100335439044
HG_BraTS20_Training_245,0.64928335,0.53474975,0.3708693,0.3708693,0.5183008114496866
HG_BraTS20_Training_246,0.7063807,0.5820434,0.29125127,0.29125127,0.5265584786732992
HG_BraTS20_Training_336,0.7773624,0.7283301,0.48257503,0.48257503,0.6627558469772339
HG_BraTS20_Training_338,0.63618684,0.47038013,0.26055714,0.26055714,0.45570802688598633
HG_BraTS20_Training_344,0.8095827,0.60967106,0.3464182,0.3464182,0.5885573228200277
HG_BraTS20_Training_352,0.66664886,0.11598676,0.23103291,0.23103291,0.3378895123799642
LG_BraTS20_Training_262,0.58133805,0.627218,2.5562371e-12,2.5562371e-12,0.40285201867421466
LG_BraTS20_Training_275,0.15314601,6.504911e-13,2.4660911e-12,2.4660911e-12,0.051048671205838524
LG_BraTS20_Training_278,0.5015142,0.37399662,1.0328445e-12,1.0328445e-12,0.291836937268575
LG_BraTS20_Training_283,1.3552706e-13,5.9038847e-13,8.7527354e-13,8.865248e-13,5.337296721484123e-13
LG_BraTS20_Training_291,0.77872086,0.6669918,0.009319665,0.009319665,0.4850107431411743
LG_BraTS20_Training_292,0.6192032,0.6903337,0.18374926,0.18374926,0.4977620442708333
LG_BraTS20_Training_294,0.7543255,0.6636533,7.3491587e-13,7.3491587e-13,0.4726595878601074
LG_BraTS20_Training_297,0.4472068,0.66337883,2.10482e-12,2.10482e-12,0.3701952298482259
LG_BraTS20_Training_310,0.761593,0.6761958,5.930846e-13,5.930846e-13,0.479262908299764
LG_BraTS20_Training_324,0.4978261,0.20559749,3.5855145e-12,3.5855145e-12,0.2344745397567749
t1c
HG_BraTS20_Training_010,0.42373994,0.7687943,0.82968354,0.82968354,0.6740725835164388
HG_BraTS20_Training_012,0.57341594,0.63674885,0.6001202,0.6001202,0.603428324063619
HG_BraTS20_Training_020,0.51715136,0.4147516,0.47398165,0.47398165,0.46862820784250897
HG_BraTS20_Training_070,0.50806355,0.60691345,0.519186,0.519186,0.5447210073471069
HG_BraTS20_Training_089,0.6510192,0.6930466,0.907149,0.907149,0.7504049936930338
HG_BraTS20_Training_119,0.5055348,0.8017202,0.6830209,0.6830209,0.6634252866109213
HG_BraTS20_Training_124,0.59251934,0.6405037,0.6569878,0.6569878,0.6300036112467448
HG_BraTS20_Training_128,0.06185827,0.0051880674,0.014515293,0.014515293,0.027187210818131764
HG_BraTS20_Training_134,0.682511,0.72687495,0.68135625,0.68135625,0.6969140370686849
HG_BraTS20_Training_140,0.83098084,0.87397087,0.8018836,0.8018836,0.8356118202209473
HG_BraTS20_Training_150,0.760162,0.8930744,0.9049964,0.9049964,0.8527442614237467
HG_BraTS20_Training_180,0.6912227,0.798801,0.77730477,0.77730477,0.7557761669158936
HG_BraTS20_Training_188,0.43154085,0.79217297,0.7373623,0.7373623,0.6536920865376791
HG_BraTS20_Training_191,0.6485592,0.70691276,0.6900747,0.6900747,0.6818488438924154
HG_BraTS20_Training_201,0.706162,0.9132528,0.83575827,0.83575827,0.8183910051981608
HG_BraTS20_Training_211,0.74653053,0.90778834,0.8360437,0.8360437,0.8301208813985189
HG_BraTS20_Training_212,0.34599835,0.40855408,0.51137805,0.51137805,0.42197680473327637
HG_BraTS20_Training_226,0.7755447,0.88517493,0.8713111,0.8713111,0.8440102736155192
HG_BraTS20_Training_232,0.5978937,0.75882053,0.7448721,0.7448721,0.7005287806193033
HG_BraTS20_Training_241,0.46424082,0.58870333,0.59506345,0.59506345,0.5493358771006266
HG_BraTS20_Training_245,0.5687334,0.57798094,0.61031425,0.61031425,0.5856761932373047
HG_BraTS20_Training_246,0.6609082,0.6556419,0.7911753,0.7911753,0.7025751272837321
HG_BraTS20_Training_336,0.7323245,0.80352265,0.7683376,0.7683376,0.768061637878418
HG_BraTS20_Training_338,0.80007,0.92293686,0.8692646,0.8692646,0.8640904426574707
HG_BraTS20_Training_344,0.6660773,0.52182996,0.524513,0.524513,0.5708067417144775
HG_BraTS20_Training_352,0.77904004,0.7027476,0.8663935,0.8663935,0.7827270825703939
LG_BraTS20_Training_262,0.5342919,0.58181816,1.0570825e-11,1.0570825e-11,0.3720366954803467
LG_BraTS20_Training_275,2.8818443e-13,9.472388e-13,1.0,1.0,0.3333333333333333
LG_BraTS20_Training_278,0.11138154,0.00012636633,3.207184e-12,3.207184e-12,0.03716930250326792
LG_BraTS20_Training_283,0.39783224,0.75844455,0.75623536,0.75623536,0.6375040610631307
LG_BraTS20_Training_291,0.10889051,0.051418953,5.8479534e-11,7.936508e-11,0.053436487913131714
LG_BraTS20_Training_292,0.54326546,0.52892804,0.39602917,0.39602917,0.4894075393676758
LG_BraTS20_Training_294,0.20203249,0.08333527,2.3849273e-12,2.3849273e-12,0.09512258569399516
LG_BraTS20_Training_297,0.04619284,0.07283299,1.47929e-11,1.47929e-11,0.039675275484720864
LG_BraTS20_Training_310,0.3442435,0.17367314,6.327512e-13,6.327512e-13,0.17263887325922647
LG_BraTS20_Training_324,0.29561698,0.032666642,1.7485575e-12,1.7485575e-12,0.10942787925402324
t2
HG_BraTS20_Training_010,0.62909037,0.64448726,0.2817124,0.2817124,0.5184300343195597
HG_BraTS20_Training_012,0.7881131,0.67149234,0.43741304,0.43741304,0.6323394775390625
HG_BraTS20_Training_020,0.8635584,0.7410463,0.36167702,0.36167702,0.6554272572199503
HG_BraTS20_Training_070,0.7909598,0.6081245,0.23007604,0.23007604,0.5430534680684408
HG_BraTS20_Training_089,0.8120131,0.4317602,0.34385166,0.34385166,0.5292083024978638
HG_BraTS20_Training_119,0.6371574,0.72978723,0.325474,0.325474,0.5641395250956217
HG_BraTS20_Training_124,0.8863212,0.7576576,0.38998407,0.38998407,0.6779876550038656
HG_BraTS20_Training_128,0.7225076,0.091449305,0.09498783,0.09498783,0.30298157533009845
HG_BraTS20_Training_134,0.74254274,0.61292183,0.25741044,0.25741044,0.5376249949137369
HG_BraTS20_Training_140,0.9040216,0.81471443,0.32559982,0.32559982,0.6814452807108561
HG_BraTS20_Training_150,0.8671387,0.7408129,0.44101807,0.44101807,0.6829899152119955
HG_BraTS20_Training_180,0.62773114,0.464676,0.2255812,0.2255812,0.43932942549387616
HG_BraTS20_Training_188,0.6389542,0.72533506,0.49630445,0.49630445,0.6201979319254557
HG_BraTS20_Training_191,0.90840626,0.5261527,0.22646119,0.22646119,0.5536733468373617
HG_BraTS20_Training_201,0.8732632,0.79153866,0.57716376,0.57716376,0.7473218441009521
HG_BraTS20_Training_211,0.81549186,0.7988562,0.55077356,0.55077356,0.7217071851094564
HG_BraTS20_Training_212,0.8024823,0.5993627,0.2791319,0.2791319,0.5603256225585938
HG_BraTS20_Training_226,0.85371697,0.8110878,0.3484162,0.3484162,0.6710735956827799
HG_BraTS20_Training_232,0.73762286,0.5603739,0.38444993,0.38444993,0.5608155727386475
HG_BraTS20_Training_241,0.81478864,0.46274912,0.39510798,0.39510798,0.5575486024220785
HG_BraTS20_Training_245,0.7959289,0.7961674,0.50960875,0.50960875,0.7005683581034342
HG_BraTS20_Training_246,0.80353373,0.65176857,0.38990983,0.38990983,0.6150707006454468
HG_BraTS20_Training_336,0.9265233,0.72260153,0.4749688,0.4749688,0.708031177520752
HG_BraTS20_Training_338,0.8858038,0.74224085,0.41501176,0.41501176,0.6810188293457031
HG_BraTS20_Training_344,0.8516531,0.72080916,0.31940493,0.31940493,0.6306224266688029
HG_BraTS20_Training_352,0.88736033,0.47419804,0.4079979,0.4079979,0.5898520946502686
LG_BraTS20_Training_262,0.83944774,0.23531123,7.674597e-13,7.674597e-13,0.35825300216674805
LG_BraTS20_Training_275,0.7466371,0.22154047,4.492363e-12,4.492363e-12,0.3227258523305257
LG_BraTS20_Training_278,0.80001926,0.50301,1.0379904e-12,1.0379904e-12,0.4343430995941162
LG_BraTS20_Training_283,0.875526,0.36083403,0.29688674,0.29688674,0.5110822518666586
LG_BraTS20_Training_291,0.9391695,0.7212976,0.010317621,0.010317621,0.5569282372792562
LG_BraTS20_Training_292,0.8920548,0.472045,0.23120187,0.23120187,0.531767209370931
LG_BraTS20_Training_294,0.8878118,0.6232728,8.399832e-13,8.399832e-13,0.5036948521931967
LG_BraTS20_Training_297,0.6762584,0.51087916,1.721763e-12,1.721763e-12,0.39571253458658856
LG_BraTS20_Training_310,0.85676044,0.6556853,2.3507288e-12,2.3507288e-12,0.5041485627492269
LG_BraTS20_Training_324,0.74869424,0.3301961,1.23839e-12,1.23839e-12,0.35963010787963867
WT Dice,TC Dice,ET Dice,ETPro Dice,WT HD95,TC HD95,ET HD95ETPro HD95
flairt1cet1t2
HG_BraTS20_Training_010,0.76252013,0.7250027,0.7987856,0.7987856,0.7621028423309326
HG_BraTS20_Training_012,0.8561116,0.8674779,0.7589216,0.7589216,0.8275036811828613
HG_BraTS20_Training_020,0.88618326,0.8316164,0.5986918,0.5986918,0.7721638679504395
HG_BraTS20_Training_070,0.88863003,0.8553608,0.64818454,0.64818454,0.7973918120066324
HG_BraTS20_Training_089,0.8444979,0.5302001,0.8443789,0.8443789,0.7396922906239828
HG_BraTS20_Training_119,0.7582803,0.86569875,0.69377744,0.69377744,0.7725855509440104
HG_BraTS20_Training_124,0.92108816,0.9065449,0.8619792,0.8619792,0.8965374628702799
HG_BraTS20_Training_128,0.8558238,0.29670572,0.33209315,0.33209315,0.49487419923146564
HG_BraTS20_Training_134,0.834397,0.8160235,0.7215247,0.7215247,0.7906484603881836
HG_BraTS20_Training_140,0.92569375,0.89189297,0.79583627,0.79583627,0.8711409568786621
HG_BraTS20_Training_150,0.928515,0.90952766,0.91280514,0.91280514,0.9169492721557617
HG_BraTS20_Training_180,0.70325863,0.7856456,0.85173506,0.85173506,0.7802131175994873
HG_BraTS20_Training_188,0.72084135,0.7175579,0.6283497,0.6283497,0.6889163653055826
HG_BraTS20_Training_191,0.91325295,0.8394809,0.7811957,0.7811957,0.8446431954701742
HG_BraTS20_Training_201,0.90354,0.9332006,0.8441958,0.8441958,0.893645445505778
HG_BraTS20_Training_211,0.8657383,0.9068327,0.8127596,0.8127596,0.8617768287658691
HG_BraTS20_Training_212,0.83188367,0.7452681,0.64872074,0.64872074,0.7419575055440267
HG_BraTS20_Training_226,0.8911956,0.9389553,0.89444417,0.89444417,0.908198356628418
HG_BraTS20_Training_232,0.84213346,0.73905253,0.61204666,0.61204666,0.7310775915781657
HG_BraTS20_Training_241,0.8756697,0.7717149,0.76356435,0.76356435,0.8036496639251709
HG_BraTS20_Training_245,0.8401864,0.78507876,0.7576998,0.7576998,0.794321616490682
HG_BraTS20_Training_246,0.8781932,0.72374994,0.80727303,0.80727303,0.8030720551808676
HG_BraTS20_Training_336,0.9147684,0.92972016,0.8558217,0.8558217,0.9001034100850424
HG_BraTS20_Training_338,0.91971403,0.9456923,0.892821,0.892821,0.9194091161092123
HG_BraTS20_Training_344,0.8755036,0.7682136,0.60368466,0.60368466,0.7491339842478434
HG_BraTS20_Training_352,0.82109934,0.5954159,0.82753503,0.82753503,0.7480167547861735
LG_BraTS20_Training_262,0.8538582,0.35333583,1.8099547e-12,1.8099547e-12,0.4023979902267456
LG_BraTS20_Training_275,0.7589675,0.22296217,3.0931024e-12,3.0931024e-12,0.3273098866144816
LG_BraTS20_Training_278,0.84295666,0.3086514,1.9988006e-12,1.9988006e-12,0.38386933008829754
LG_BraTS20_Training_283,0.9175801,0.76217395,0.860663,0.860663,0.8468056519826254
LG_BraTS20_Training_291,0.9459792,0.74524033,0.01644383,0.01644383,0.5692211389541626
LG_BraTS20_Training_292,0.8709243,0.71340066,0.39336893,0.39336893,0.6592313051223755
LG_BraTS20_Training_294,0.90374273,0.7388305,1.4747087e-12,1.4747087e-12,0.5475244124730428
LG_BraTS20_Training_297,0.699705,0.42704642,1.1280316e-12,1.1280316e-12,0.37558380762736004
LG_BraTS20_Training_310,0.90111935,0.6370789,7.4504546e-13,7.4504546e-13,0.512732744216919
LG_BraTS20_Training_324,0.9092962,0.15734556,2.2527596e-12,2.2527596e-12,0.3555472691853841
t1cet1t2
HG_BraTS20_Training_010,0.65437835,0.71397984,0.79383963,0.79383963,0.7207326094309489
HG_BraTS20_Training_012,0.81629676,0.8248171,0.752024,0.752024,0.7977126439412435
HG_BraTS20_Training_020,0.8634837,0.8011105,0.5958273,0.5958273,0.7534738381703695
HG_BraTS20_Training_070,0.82123625,0.8511257,0.6743506,0.6743506,0.7822375297546387
HG_BraTS20_Training_089,0.8349393,0.62292266,0.8811007,0.8811007,0.7796541849772135
HG_BraTS20_Training_119,0.63091767,0.8634568,0.7316219,0.7316219,0.7419988314310709
HG_BraTS20_Training_124,0.9096131,0.90283066,0.85836464,0.85836464,0.8902694384256998
HG_BraTS20_Training_128,0.81798893,0.38565737,0.38701922,0.38701922,0.5302218596140543
HG_BraTS20_Training_134,0.8189336,0.8184708,0.7052551,0.7052551,0.7808864911397299
HG_BraTS20_Training_140,0.92047375,0.9078635,0.806873,0.806873,0.8784034252166748
HG_BraTS20_Training_150,0.88740325,0.9279887,0.9198548,0.9198548,0.9117489655812582
HG_BraTS20_Training_180,0.67349905,0.7369604,0.81381375,0.81381375,0.7414244016011556
HG_BraTS20_Training_188,0.64559233,0.7407504,0.6504677,0.6504677,0.6789367993672689
HG_BraTS20_Training_191,0.8928614,0.81271344,0.7976065,0.7976065,0.8343938191731771
HG_BraTS20_Training_201,0.8757728,0.93603903,0.862215,0.862215,0.8913422425587972
HG_BraTS20_Training_211,0.8251437,0.9206804,0.8218753,0.8218753,0.8558998107910156
HG_BraTS20_Training_212,0.82825065,0.77006006,0.66422856,0.66422856,0.7541797955830892
HG_BraTS20_Training_226,0.84086555,0.9314041,0.8931068,0.8931068,0.8884588877360026
HG_BraTS20_Training_232,0.77359974,0.76639897,0.6604045,0.6604045,0.7334677378336588
HG_BraTS20_Training_241,0.8475736,0.836787,0.79339075,0.79339075,0.8259170850118002
HG_BraTS20_Training_245,0.84193295,0.7816557,0.7705057,0.7705057,0.7980314890543619
HG_BraTS20_Training_246,0.86517805,0.77062374,0.82099426,0.82099426,0.818932056427002
HG_BraTS20_Training_336,0.8994088,0.9197452,0.85660756,0.85660756,0.8919205665588379
HG_BraTS20_Training_338,0.9010178,0.9514618,0.9017797,0.9017797,0.9180864493052164
HG_BraTS20_Training_344,0.85274464,0.7194324,0.61862105,0.61862105,0.7302660147349039
HG_BraTS20_Training_352,0.88940305,0.70778596,0.85204744,0.85204744,0.8164121309916178
LG_BraTS20_Training_262,0.8569305,0.41115627,2.8719128e-12,2.8719128e-12,0.4226955970128377
LG_BraTS20_Training_275,0.62793046,0.18238504,2.8425242e-12,2.8425242e-12,0.27010516325632733
LG_BraTS20_Training_278,0.74860495,0.09038675,1.5571473e-12,1.5571473e-12,0.27966390053431195
LG_BraTS20_Training_283,0.89990175,0.80514723,0.8210483,0.8210483,0.8420324325561523
LG_BraTS20_Training_291,0.9230605,0.73804647,0.02227644,0.02227644,0.561127781867981
LG_BraTS20_Training_292,0.88084084,0.68905735,0.37070197,0.37070197,0.6468667189280192
LG_BraTS20_Training_294,0.8683284,0.58100367,1.4990256e-12,1.4990256e-12,0.4831106662750244
LG_BraTS20_Training_297,0.7040415,0.39939094,1.049979e-12,1.049979e-12,0.36781080563863117
LG_BraTS20_Training_310,0.78999573,0.47483248,5.4848617e-13,5.4848617e-13,0.42160940170288086
LG_BraTS20_Training_324,0.731561,0.016409507,7.490637e-12,7.490637e-12,0.24932350715001425
flairt1cet2
HG_BraTS20_Training_010,0.7579213,0.7513357,0.8070482,0.8070482,0.7721017201741537
HG_BraTS20_Training_012,0.8504202,0.83193636,0.72983646,0.72983646,0.8040643533070883
HG_BraTS20_Training_020,0.87436867,0.8134149,0.6032377,0.6032377,0.7636737028757731
HG_BraTS20_Training_070,0.8734551,0.8509266,0.6342325,0.6342325,0.7862047354380289
HG_BraTS20_Training_089,0.8397505,0.5213656,0.8405446,0.8405446,0.7338868776957194
HG_BraTS20_Training_119,0.7769021,0.8475113,0.6825916,0.6825916,0.7690016428629557
HG_BraTS20_Training_124,0.914049,0.89330256,0.8522391,0.8522391,0.8865302403767904
HG_BraTS20_Training_128,0.8698366,0.3027667,0.39962617,0.39962617,0.524076501528422
HG_BraTS20_Training_134,0.8117615,0.79105026,0.69102156,0.69102156,0.7646110852559408
HG_BraTS20_Training_140,0.9248577,0.88908416,0.7986769,0.7986769,0.8708728949228922
HG_BraTS20_Training_150,0.92672473,0.9027473,0.9108929,0.9108929,0.9134550094604492
HG_BraTS20_Training_180,0.69011164,0.7754805,0.84125745,0.84125745,0.768949826558431
HG_BraTS20_Training_188,0.7418989,0.7231912,0.6316177,0.6316177,0.6989026069641113
HG_BraTS20_Training_191,0.90918124,0.85040593,0.7687632,0.7687632,0.8427834510803223
HG_BraTS20_Training_201,0.8980124,0.92704374,0.83863676,0.83863676,0.8878976504007975
HG_BraTS20_Training_211,0.86449486,0.904677,0.8087235,0.8087235,0.8592984676361084
HG_BraTS20_Training_212,0.84161216,0.7628792,0.649155,0.649155,0.7512154579162598
HG_BraTS20_Training_226,0.8774499,0.93319315,0.887434,0.887434,0.8993590672810873
HG_BraTS20_Training_232,0.82569534,0.7651972,0.64095026,0.64095026,0.7439475854237875
HG_BraTS20_Training_241,0.86682576,0.72691095,0.71863925,0.71863925,0.7707920074462891
HG_BraTS20_Training_245,0.80903035,0.7613959,0.6963149,0.6963149,0.7555803457895914
HG_BraTS20_Training_246,0.85889965,0.7210391,0.78383064,0.78383064,0.7879231770833334
HG_BraTS20_Training_336,0.9139259,0.9195775,0.8452695,0.8452695,0.8929243087768555
HG_BraTS20_Training_338,0.90767795,0.9364005,0.8847876,0.8847876,0.9096220334370931
HG_BraTS20_Training_344,0.8622664,0.7518456,0.57247,0.57247,0.7288606961568197
HG_BraTS20_Training_352,0.76690453,0.5804368,0.85644174,0.85644174,0.7345943450927734
LG_BraTS20_Training_262,0.83794045,0.2856388,1.830161e-12,1.830161e-12,0.3745264212290446
LG_BraTS20_Training_275,0.78357375,0.19526231,3.9093043e-12,3.9093043e-12,0.3262786865234375
LG_BraTS20_Training_278,0.8253635,0.27662763,3.0892801e-12,3.0892801e-12,0.3673303922017415
LG_BraTS20_Training_283,0.9093048,0.6946139,0.82186395,0.82186395,0.8085942268371582
LG_BraTS20_Training_291,0.9448578,0.7431182,0.01976768,0.01976768,0.5692478815714518
LG_BraTS20_Training_292,0.8428688,0.69970614,0.39258343,0.39258343,0.6450527509053549
LG_BraTS20_Training_294,0.9027869,0.7435497,1.9849146e-12,1.9849146e-12,0.5487788518269857
LG_BraTS20_Training_297,0.6726635,0.5240609,1.5542431e-12,1.5542431e-12,0.3989081382751465
LG_BraTS20_Training_310,0.88415617,0.6228539,5.7626923e-13,5.7626923e-13,0.5023366610209147
LG_BraTS20_Training_324,0.89637816,0.19138442,1.9936203e-12,1.9936203e-12,0.36258753140767414
flairt1t2
HG_BraTS20_Training_010,0.7637655,0.6247485,0.20304751,0.20304751,0.530520518620809
HG_BraTS20_Training_012,0.8657813,0.7361389,0.42171156,0.42171156,0.6745438575744629
HG_BraTS20_Training_020,0.88762355,0.8016261,0.4039464,0.4039464,0.6977319717407227
HG_BraTS20_Training_070,0.8944197,0.7137921,0.26462737,0.26462737,0.6242796977361044
HG_BraTS20_Training_089,0.8303079,0.37669545,0.22224419,0.22224419,0.47641583283742267
HG_BraTS20_Training_119,0.76711524,0.7308352,0.37277004,0.37277004,0.6235735019048055
HG_BraTS20_Training_124,0.921989,0.7678781,0.43962854,0.43962854,0.7098318735758463
HG_BraTS20_Training_128,0.8555514,0.16217506,0.18661004,0.18661004,0.401445468266805
HG_BraTS20_Training_134,0.83970165,0.71181023,0.34428078,0.34428078,0.6319309075673422
HG_BraTS20_Training_140,0.9192812,0.7902859,0.26380324,0.26380324,0.6577901045481364
HG_BraTS20_Training_150,0.9015837,0.7692822,0.47566557,0.47566557,0.7155105272928873
HG_BraTS20_Training_180,0.6898568,0.6127215,0.507532,0.507532,0.6033701101938883
HG_BraTS20_Training_188,0.72678703,0.6656281,0.4830857,0.4830857,0.6251668930053711
HG_BraTS20_Training_191,0.93319243,0.6273083,0.35928333,0.35928333,0.6399280230204264
HG_BraTS20_Training_201,0.9236898,0.85040337,0.69110364,0.69110364,0.8217322826385498
HG_BraTS20_Training_211,0.8480846,0.80648714,0.4499311,0.4499311,0.7015009721120199
HG_BraTS20_Training_212,0.8327086,0.69643486,0.35113823,0.35113823,0.6267605622609457
HG_BraTS20_Training_226,0.9007114,0.8794786,0.3844887,0.3844887,0.7215595245361328
HG_BraTS20_Training_232,0.85300666,0.5126299,0.39818525,0.39818525,0.5879406134287516
HG_BraTS20_Training_241,0.8788741,0.56112933,0.48979226,0.48979226,0.6432652076085409
HG_BraTS20_Training_245,0.82522035,0.80614096,0.62439317,0.62439317,0.7519181569417318
HG_BraTS20_Training_246,0.8755654,0.69665444,0.51866496,0.51866496,0.6969615618387858
HG_BraTS20_Training_336,0.91522396,0.8697463,0.57776487,0.57776487,0.7875784238179525
HG_BraTS20_Training_338,0.91391504,0.8284384,0.5197232,0.5197232,0.7540255387624105
HG_BraTS20_Training_344,0.88996625,0.684006,0.3897546,0.3897546,0.6545755863189697
HG_BraTS20_Training_352,0.80172247,0.3293556,0.5256192,0.5256192,0.5522324244181315
LG_BraTS20_Training_262,0.86230075,0.27214968,5.7710065e-13,5.7710065e-13,0.37815014521280926
LG_BraTS20_Training_275,0.758751,0.24631608,5.561735e-12,5.561735e-12,0.3350223700205485
LG_BraTS20_Training_278,0.86309373,0.66931796,5.626512e-13,5.626512e-13,0.5108038981755575
LG_BraTS20_Training_283,0.91907156,0.40263417,0.45895398,0.45895398,0.5935532251993815
LG_BraTS20_Training_291,0.9595509,0.70162475,0.0073055276,0.0073055276,0.5561604102452596
LG_BraTS20_Training_292,0.89165485,0.81024754,0.25547263,0.25547263,0.6524583498636881
LG_BraTS20_Training_294,0.9128533,0.7728053,6.292474e-13,6.292474e-13,0.561886191368103
LG_BraTS20_Training_297,0.770836,0.7333058,1.3708019e-12,1.3708019e-12,0.5013806025187174
LG_BraTS20_Training_310,0.91729397,0.7803352,5.9555713e-13,5.9555713e-13,0.5658764044443766
LG_BraTS20_Training_324,0.9158231,0.39479974,1.8491124e-12,1.8491124e-12,0.43687427043914795
flairt1cet1
HG_BraTS20_Training_010,0.75412947,0.69261706,0.79797775,0.79797775,0.7482414245605469
HG_BraTS20_Training_012,0.8526416,0.84062076,0.75218314,0.75218314,0.8151485125223795
HG_BraTS20_Training_020,0.87956935,0.82843953,0.6056426,0.6056426,0.7712171872456869
HG_BraTS20_Training_070,0.8970513,0.8589655,0.6496022,0.6496022,0.801872968673706
HG_BraTS20_Training_089,0.8569097,0.598624,0.88212526,0.88212526,0.7792196273803711
HG_BraTS20_Training_119,0.7917684,0.8376634,0.73015875,0.73015875,0.7865301767985026
HG_BraTS20_Training_124,0.9306413,0.9240435,0.85813016,0.85813016,0.904271682103475
HG_BraTS20_Training_128,0.850074,0.3605461,0.36764032,0.36764032,0.5260868072509766
HG_BraTS20_Training_134,0.7945914,0.7377709,0.69604367,0.69604367,0.7428019841512045
HG_BraTS20_Training_140,0.9257749,0.893522,0.80477905,0.80477905,0.8746919631958008
HG_BraTS20_Training_150,0.89827144,0.90833914,0.90951467,0.90951467,0.905375083287557
HG_BraTS20_Training_180,0.73816943,0.8179919,0.8603626,0.8603626,0.8055079778035482
HG_BraTS20_Training_188,0.69328254,0.6881459,0.6223689,0.6223689,0.6679324309031168
HG_BraTS20_Training_191,0.8958256,0.8552128,0.8085754,0.8085754,0.8532045682271322
HG_BraTS20_Training_201,0.8977629,0.9314729,0.84603995,0.84603995,0.8917586008707682
HG_BraTS20_Training_211,0.88346016,0.8982453,0.8072055,0.8072055,0.8629702726999918
HG_BraTS20_Training_212,0.7636893,0.61668086,0.624,0.624,0.6681234041849772
HG_BraTS20_Training_226,0.86455417,0.9202186,0.8910998,0.8910998,0.8919575214385986
HG_BraTS20_Training_232,0.8660033,0.67667925,0.55019933,0.55019933,0.6976273059844971
HG_BraTS20_Training_241,0.8770605,0.79148966,0.7856687,0.7856687,0.8180729548136393
HG_BraTS20_Training_245,0.8316502,0.79476565,0.7743155,0.7743155,0.8002437750498453
HG_BraTS20_Training_246,0.8677196,0.7008806,0.84276223,0.84276223,0.8037874698638916
HG_BraTS20_Training_336,0.91242594,0.9355129,0.86559516,0.86559516,0.904511292775472
HG_BraTS20_Training_338,0.8930981,0.9339821,0.88755053,0.88755053,0.9048769474029541
HG_BraTS20_Training_344,0.89228,0.82793015,0.6506866,0.6506866,0.7902989387512207
HG_BraTS20_Training_352,0.7065854,0.57272506,0.79025334,0.79025334,0.689854621887207
LG_BraTS20_Training_262,0.8636318,0.48803368,2.0304567e-12,2.0304567e-12,0.45055516560872394
LG_BraTS20_Training_275,0.6644469,0.14350218,6.329114e-12,6.329114e-12,0.2693163553873698
LG_BraTS20_Training_278,0.8352902,0.1679767,1.3065064e-12,1.3065064e-12,0.3344223101933797
LG_BraTS20_Training_283,0.90205777,0.8156748,0.85070175,0.85070175,0.8561447461446127
LG_BraTS20_Training_291,0.9136103,0.64609784,0.017780172,0.017780172,0.5258294343948364
LG_BraTS20_Training_292,0.76427,0.58408177,0.412537,0.412537,0.586962898572286
LG_BraTS20_Training_294,0.83287674,0.5702549,1.6854879e-12,1.6854879e-12,0.46771057446797687
LG_BraTS20_Training_297,0.4976212,0.26242048,3.1416902e-12,3.1416902e-12,0.2533472379048665
LG_BraTS20_Training_310,0.88510185,0.49393287,7.259528e-13,7.259528e-13,0.45967825253804523
LG_BraTS20_Training_324,0.8887917,0.056005172,1.7006803e-12,1.7006803e-12,0.31493228673934937
flairt1ce
HG_BraTS20_Training_010,0.75137293,0.7914413,0.84000874,0.84000874,0.7942743301391602
HG_BraTS20_Training_012,0.82396656,0.8581233,0.7688813,0.7688813,0.8169903755187988
HG_BraTS20_Training_020,0.8740338,0.7512552,0.6142475,0.6142475,0.7465121746063232
HG_BraTS20_Training_070,0.87840366,0.7568237,0.63663596,0.63663596,0.7572878201802572
HG_BraTS20_Training_089,0.8498867,0.80135256,0.92856765,0.92856765,0.8599356015523275
HG_BraTS20_Training_119,0.7857385,0.88175964,0.7631771,0.7631771,0.8102250893910726
HG_BraTS20_Training_124,0.92477727,0.913855,0.839676,0.839676,0.8927694956461588
HG_BraTS20_Training_128,0.8602133,0.60615885,0.6103191,0.6103191,0.6922303835550944
HG_BraTS20_Training_134,0.7956437,0.7576587,0.6773415,0.6773415,0.7435479958852133
HG_BraTS20_Training_140,0.9258221,0.90828574,0.8294117,0.8294117,0.8878398736317953
HG_BraTS20_Training_150,0.8789708,0.90255326,0.89922124,0.89922124,0.8935817877451578
HG_BraTS20_Training_180,0.7222453,0.81822455,0.83716875,0.83716875,0.7925461928049723
HG_BraTS20_Training_188,0.66996354,0.72418934,0.6542135,0.6542135,0.6827887694040934
HG_BraTS20_Training_191,0.8847556,0.8514275,0.7895641,0.7895641,0.8419157663981119
HG_BraTS20_Training_201,0.8766273,0.9331113,0.84379584,0.84379584,0.8845114707946777
HG_BraTS20_Training_211,0.88805455,0.9007556,0.8083193,0.8083193,0.8657097816467285
HG_BraTS20_Training_212,0.7490264,0.59565675,0.6611759,0.6611759,0.668619712193807
HG_BraTS20_Training_226,0.8407471,0.90181357,0.87946415,0.87946415,0.8740082581837972
HG_BraTS20_Training_232,0.8560992,0.7158044,0.61130285,0.61130285,0.7277355194091797
HG_BraTS20_Training_241,0.8515024,0.7734535,0.7409884,0.7409884,0.7886481285095215
HG_BraTS20_Training_245,0.82444876,0.7393926,0.73131675,0.73131675,0.7650527159372965
HG_BraTS20_Training_246,0.84596556,0.64163053,0.79883033,0.79883033,0.7621421019236246
HG_BraTS20_Training_336,0.90231097,0.9030521,0.83987015,0.83987015,0.881744384765625
HG_BraTS20_Training_338,0.88630766,0.9343741,0.8788701,0.8788701,0.8998506863911947
HG_BraTS20_Training_344,0.83019936,0.7226831,0.6121175,0.6121175,0.7216666539510092
HG_BraTS20_Training_352,0.5923092,0.6342593,0.7986087,0.7986087,0.6750590801239014
LG_BraTS20_Training_262,0.8554826,0.40887955,4.5146725e-12,4.5146725e-12,0.4214540322621663
LG_BraTS20_Training_275,0.7202086,0.025992397,1.3262599e-11,1.3262599e-11,0.24873365958531699
LG_BraTS20_Training_278,0.8033458,0.052400142,3.2456995e-12,3.2456995e-12,0.28524863719940186
LG_BraTS20_Training_283,0.8924647,0.8262195,0.8651988,0.8651988,0.8612943490346273
LG_BraTS20_Training_291,0.883712,0.6132669,0.04021579,0.04021579,0.5123982429504395
LG_BraTS20_Training_292,0.7584411,0.4744534,0.38272345,0.38272345,0.5385392904281616
LG_BraTS20_Training_294,0.7644741,0.2830647,4.823927e-12,4.823927e-12,0.34917958577473956
LG_BraTS20_Training_297,0.50333685,0.13763206,2.2301516e-12,2.2301516e-12,0.21365630626678467
LG_BraTS20_Training_310,0.8247978,0.14605601,6.2684135e-13,6.2684135e-13,0.32361793518066406
LG_BraTS20_Training_324,0.85461134,0.008045998,2.4875622e-12,2.4875622e-12,0.2875524361928304
flairt2
HG_BraTS20_Training_010,0.7588448,0.6582736,0.2839075,0.2839075,0.5670086145401001
HG_BraTS20_Training_012,0.8609231,0.666199,0.4058101,0.4058101,0.6443107525507609
HG_BraTS20_Training_020,0.8806819,0.8027018,0.4007899,0.4007899,0.6947245597839355
HG_BraTS20_Training_070,0.8898728,0.69961154,0.2571331,0.2571331,0.6155391534169515
HG_BraTS20_Training_089,0.8462089,0.38242584,0.2413696,0.2413696,0.4900014400482178
HG_BraTS20_Training_119,0.7389147,0.7378317,0.3908858,0.3908858,0.6225440899531046
HG_BraTS20_Training_124,0.9178464,0.7781778,0.45058647,0.45058647,0.715536912282308
HG_BraTS20_Training_128,0.85851115,0.1478767,0.15973535,0.15973535,0.3887077172597249
HG_BraTS20_Training_134,0.8050467,0.67235714,0.38496417,0.38496417,0.620789368947347
HG_BraTS20_Training_140,0.928298,0.77425575,0.31728366,0.31728366,0.6732791264851888
HG_BraTS20_Training_150,0.9082855,0.74729496,0.44115123,0.44115123,0.6989105542500814
HG_BraTS20_Training_180,0.7022014,0.6244035,0.47659725,0.47659725,0.6010673840840658
HG_BraTS20_Training_188,0.7396855,0.64690834,0.43620145,0.43620145,0.6075984239578247
HG_BraTS20_Training_191,0.93420124,0.676552,0.34790468,0.34790468,0.6528859933217367
HG_BraTS20_Training_201,0.91770566,0.86314714,0.6712492,0.6712492,0.8173673152923584
HG_BraTS20_Training_211,0.85959905,0.8181635,0.52436775,0.52436775,0.7340434392293295
HG_BraTS20_Training_212,0.8111158,0.6571725,0.34309387,0.34309387,0.6037940581639608
HG_BraTS20_Training_226,0.88316894,0.86434656,0.3922504,0.3922504,0.713255246480306
HG_BraTS20_Training_232,0.7847699,0.58232754,0.44291246,0.44291246,0.6033366123835245
HG_BraTS20_Training_241,0.86261916,0.49329957,0.4122117,0.4122117,0.5893768072128296
HG_BraTS20_Training_245,0.689447,0.7344016,0.5007971,0.5007971,0.6415485541025797
HG_BraTS20_Training_246,0.82132655,0.63622713,0.467919,0.467919,0.641824205716451
HG_BraTS20_Training_336,0.9331672,0.8790401,0.62899876,0.62899876,0.8137353261311849
HG_BraTS20_Training_338,0.90262824,0.8131419,0.5460152,0.5460152,0.7539284229278564
HG_BraTS20_Training_344,0.8937444,0.75541174,0.3515716,0.3515716,0.6669092178344727
HG_BraTS20_Training_352,0.771427,0.3513971,0.43395382,0.43395382,0.5189259847005209
LG_BraTS20_Training_262,0.870041,0.23354346,4.8799533e-13,4.8799533e-13,0.3678615093231201
LG_BraTS20_Training_275,0.7972497,0.26969427,5.3561864e-12,5.3561864e-12,0.3556479612986247
LG_BraTS20_Training_278,0.84302014,0.69917,6.9512023e-13,6.9512023e-13,0.5140633583068848
LG_BraTS20_Training_283,0.920909,0.38861075,0.34314153,0.34314153,0.5508871078491211
LG_BraTS20_Training_291,0.9557592,0.6854302,0.0067300466,0.0067300466,0.5493065118789673
LG_BraTS20_Training_292,0.88306916,0.7070967,0.21952601,0.21952601,0.6032306353251139
LG_BraTS20_Training_294,0.91675377,0.7439805,5.881315e-13,5.881315e-13,0.5535780986150106
LG_BraTS20_Training_297,0.69846034,0.6993532,1.3157895e-12,1.3157895e-12,0.46593785285949707
LG_BraTS20_Training_310,0.9123415,0.7547736,4.4837018e-13,4.4837018e-13,0.5557050307591757
LG_BraTS20_Training_324,0.89759856,0.4184567,7.821666e-13,7.821666e-13,0.4386850992838542
t1t2
HG_BraTS20_Training_010,0.69719887,0.6234886,0.2461804,0.2461804,0.5222893158594767
HG_BraTS20_Training_012,0.8573317,0.74507827,0.57527524,0.57527524,0.725895086924235
HG_BraTS20_Training_020,0.8707391,0.8135028,0.37869507,0.37869507,0.687645673751831
HG_BraTS20_Training_070,0.8627119,0.7174674,0.29844838,0.29844838,0.6262092590332031
HG_BraTS20_Training_089,0.83176285,0.37503386,0.31797445,0.31797445,0.5082570314407349
HG_BraTS20_Training_119,0.6332966,0.7765316,0.403355,0.403355,0.6043943961461385
HG_BraTS20_Training_124,0.9090468,0.74051964,0.45435366,0.45435366,0.7013066609700521
HG_BraTS20_Training_128,0.76303506,0.11599888,0.118543044,0.118543044,0.33252565066019696
HG_BraTS20_Training_134,0.81419635,0.73108345,0.38363504,0.38363504,0.6429715951283773
HG_BraTS20_Training_140,0.9075318,0.81045777,0.32276976,0.32276976,0.6802531083424886
HG_BraTS20_Training_150,0.8624955,0.75901276,0.5580174,0.5580174,0.7265085379282633
HG_BraTS20_Training_180,0.6819792,0.49180442,0.38963515,0.38963515,0.5211395422617594
HG_BraTS20_Training_188,0.64269495,0.789393,0.6331105,0.6331105,0.6883994738260905
HG_BraTS20_Training_191,0.9131813,0.5182599,0.35513338,0.35513338,0.5955248673756918
HG_BraTS20_Training_201,0.8776071,0.8690024,0.7410992,0.7410992,0.8292361895243326
HG_BraTS20_Training_211,0.8101536,0.8132949,0.55117404,0.55117404,0.7248741785685221
HG_BraTS20_Training_212,0.8413177,0.7123733,0.40279263,0.40279263,0.6521612008412679
HG_BraTS20_Training_226,0.86096793,0.8591196,0.4532285,0.4532285,0.7244386672973633
HG_BraTS20_Training_232,0.72043353,0.42760772,0.36386007,0.36386007,0.5039671262105306
HG_BraTS20_Training_241,0.83988607,0.6222054,0.51838124,0.51838124,0.6601575613021851
HG_BraTS20_Training_245,0.8413978,0.82108825,0.6448105,0.6448105,0.7690988381703695
HG_BraTS20_Training_246,0.85361195,0.75653744,0.5328072,0.5328072,0.7143188317616781
HG_BraTS20_Training_336,0.917503,0.85922444,0.59715253,0.59715253,0.7912933031717936
HG_BraTS20_Training_338,0.91163015,0.79866403,0.52242464,0.52242464,0.7442396481831869
HG_BraTS20_Training_344,0.8793305,0.72414887,0.38441822,0.38441822,0.6626325448354086
HG_BraTS20_Training_352,0.88494384,0.328781,0.46741697,0.46741697,0.5603806177775065
LG_BraTS20_Training_262,0.8728107,0.30410513,5.687635e-13,5.687635e-13,0.39230529467264813
LG_BraTS20_Training_275,0.6667451,0.16381362,9.478673e-12,9.478673e-12,0.27685292561848956
LG_BraTS20_Training_278,0.7953009,0.58355474,5.6296797e-13,5.6296797e-13,0.45961856842041016
LG_BraTS20_Training_283,0.90308493,0.37433985,0.42043257,0.42043257,0.56595245997111
LG_BraTS20_Training_291,0.9471082,0.6739877,0.0053346884,0.0053346884,0.5421435435612997
LG_BraTS20_Training_292,0.8677877,0.78432775,0.24899223,0.24899223,0.633702556292216
LG_BraTS20_Training_294,0.88105935,0.7547205,5.6009857e-13,5.6009857e-13,0.545259952545166
LG_BraTS20_Training_297,0.7659692,0.693047,1.1122234e-12,1.1122234e-12,0.48633873462677
LG_BraTS20_Training_310,0.8646249,0.75587493,5.3487374e-13,5.3487374e-13,0.5401666164398193
LG_BraTS20_Training_324,0.77132964,0.2766456,1.4332808e-12,1.4332808e-12,0.34932510058085126
flairt1
HG_BraTS20_Training_010,0.76002425,0.6206863,0.36280614,0.36280614,0.5811722278594971
HG_BraTS20_Training_012,0.8595453,0.74675024,0.477954,0.477954,0.6947498321533203
HG_BraTS20_Training_020,0.88371944,0.81481737,0.3545585,0.3545585,0.6843651135762533
HG_BraTS20_Training_070,0.89377886,0.7432543,0.33284542,0.33284542,0.6566262245178223
HG_BraTS20_Training_089,0.8465005,0.3718602,0.2831251,0.2831251,0.5004952748616537
HG_BraTS20_Training_119,0.7915846,0.74239004,0.24593091,0.24593091,0.5933018525441488
HG_BraTS20_Training_124,0.9210679,0.78508854,0.47354624,0.47354624,0.7265675862630209
HG_BraTS20_Training_128,0.8459447,0.1966423,0.18674004,0.18674004,0.40977569421132404
HG_BraTS20_Training_134,0.8005734,0.64616895,0.38287914,0.38287914,0.6098738114039103
HG_BraTS20_Training_140,0.92881465,0.8049161,0.44501436,0.44501436,0.7262484232584635
HG_BraTS20_Training_150,0.8901386,0.7456933,0.6438844,0.6438844,0.7599054972330729
HG_BraTS20_Training_180,0.7273936,0.68564254,0.6263418,0.6263418,0.6797926425933838
HG_BraTS20_Training_188,0.6856546,0.5442257,0.43468016,0.43468016,0.5548535188039144
HG_BraTS20_Training_191,0.9253425,0.6268128,0.5402449,0.5402449,0.6974666913350424
HG_BraTS20_Training_201,0.920306,0.7756073,0.7702983,0.7702983,0.8220705191294352
HG_BraTS20_Training_211,0.8582198,0.7446815,0.5105502,0.5105502,0.7044838269551595
HG_BraTS20_Training_212,0.7105588,0.45719728,0.26373062,0.26373062,0.47716224193573
HG_BraTS20_Training_226,0.8893451,0.7972083,0.60668844,0.60668844,0.7644139925638834
HG_BraTS20_Training_232,0.88957745,0.47613853,0.34645426,0.34645426,0.5707234144210815
HG_BraTS20_Training_241,0.8823111,0.5084467,0.4158392,0.4158392,0.6021989981333414
HG_BraTS20_Training_245,0.8098721,0.71599656,0.58425844,0.58425844,0.7033756573994955
HG_BraTS20_Training_246,0.8438988,0.5947829,0.47893378,0.47893378,0.6392051378885905
HG_BraTS20_Training_336,0.915537,0.8780018,0.6637546,0.6637546,0.8190978368123373
HG_BraTS20_Training_338,0.8761708,0.7794899,0.56653076,0.56653076,0.7407304445902506
HG_BraTS20_Training_344,0.9014888,0.668189,0.4075568,0.4075568,0.6590782006581625
HG_BraTS20_Training_352,0.595386,0.35888502,0.39532813,0.39532813,0.4498664140701294
LG_BraTS20_Training_262,0.8547903,0.3549514,5.079236e-13,5.079236e-13,0.40324723720550537
LG_BraTS20_Training_275,0.6798894,0.3066197,3.3411292e-12,3.3411292e-12,0.3288363615671794
LG_BraTS20_Training_278,0.8681585,0.6288045,3.041455e-13,3.041455e-13,0.49898767471313477
LG_BraTS20_Training_283,0.90648544,0.4305168,0.4393322,0.4393322,0.5921115080515543
LG_BraTS20_Training_291,0.9388412,0.7138609,0.004388507,0.004388507,0.5523635149002075
LG_BraTS20_Training_292,0.762824,0.67077714,0.20211871,0.20211871,0.5452399651209513
LG_BraTS20_Training_294,0.8863958,0.71586686,3.2453833e-13,3.2453833e-13,0.5340875784556071
LG_BraTS20_Training_297,0.64269173,0.6578411,1.0023053e-12,1.0023053e-12,0.4335109392801921
LG_BraTS20_Training_310,0.9154995,0.7535363,2.8314975e-13,2.8314975e-13,0.556345264116923
LG_BraTS20_Training_324,0.887694,0.4644699,8.793528e-13,8.793528e-13,0.4507213036219279
t1cet1
HG_BraTS20_Training_010,0.4452337,0.7542232,0.821203,0.821203,0.6735533078511556
HG_BraTS20_Training_012,0.6688132,0.7281335,0.66023296,0.66023296,0.6857265631357828
HG_BraTS20_Training_020,0.7758974,0.70671076,0.62019,0.62019,0.7009326616923014
HG_BraTS20_Training_070,0.6330884,0.7401575,0.6288632,0.6288632,0.6673696835835775
HG_BraTS20_Training_089,0.7201114,0.74562293,0.9100944,0.9100944,0.7919429143269857
HG_BraTS20_Training_119,0.56789184,0.8640585,0.7495256,0.7495256,0.7271586259206136
HG_BraTS20_Training_124,0.8086324,0.86400414,0.8209971,0.8209971,0.83121124903361
HG_BraTS20_Training_128,0.044283457,0.103255816,0.10909091,0.10909091,0.08554339408874512
HG_BraTS20_Training_134,0.67055905,0.6966413,0.6766105,0.6766105,0.6812702814737955
HG_BraTS20_Training_140,0.8770929,0.91161937,0.818209,0.818209,0.8689737319946289
HG_BraTS20_Training_150,0.80831856,0.9178169,0.9198373,0.9198373,0.881990909576416
HG_BraTS20_Training_180,0.7078117,0.83294684,0.83933496,0.83933496,0.7933645248413086
HG_BraTS20_Training_188,0.4740364,0.756143,0.6875952,0.6875952,0.6392581462860107
HG_BraTS20_Training_191,0.7259811,0.78039885,0.76536906,0.76536906,0.757249673207601
HG_BraTS20_Training_201,0.78976053,0.93151665,0.84053504,0.84053504,0.8539374669392904
HG_BraTS20_Training_211,0.7472998,0.9097921,0.82286334,0.82286334,0.8266517321268717
HG_BraTS20_Training_212,0.6324119,0.61692923,0.6610524,0.6610524,0.636797825495402
HG_BraTS20_Training_226,0.75608027,0.89570224,0.86792314,0.86792314,0.8399019241333008
HG_BraTS20_Training_232,0.68670166,0.74037075,0.6655128,0.6655128,0.6975283622741699
HG_BraTS20_Training_241,0.6537784,0.7999515,0.7802438,0.7802438,0.7446579138437907
HG_BraTS20_Training_245,0.78829145,0.75600535,0.76009387,0.76009387,0.7681302229563395
HG_BraTS20_Training_246,0.77512276,0.7437057,0.8580628,0.8580628,0.7922970453898112
HG_BraTS20_Training_336,0.820384,0.8790806,0.82404935,0.82404935,0.8411712646484375
HG_BraTS20_Training_338,0.8279209,0.94109833,0.8873332,0.8873332,0.8854508399963379
HG_BraTS20_Training_344,0.7773992,0.69988215,0.60200167,0.60200167,0.6930943330128988
HG_BraTS20_Training_352,0.77571326,0.69256,0.8422022,0.8422022,0.7701584498087565
LG_BraTS20_Training_262,0.6662646,0.4282353,4.032258e-12,4.032258e-12,0.3648332754770915
LG_BraTS20_Training_275,0.13995892,0.061549474,1.610306e-11,1.610306e-11,0.06716946264108022
LG_BraTS20_Training_278,0.2303768,0.008665802,2.002002e-12,2.002002e-12,0.07968086500962575
LG_BraTS20_Training_283,0.5198297,0.8548358,0.85167205,0.85167205,0.7421124776204427
LG_BraTS20_Training_291,0.71356094,0.6345798,0.03182126,0.03182126,0.4599873224894206
LG_BraTS20_Training_292,0.7176648,0.5600491,0.39225653,0.39225653,0.5566567977269491
LG_BraTS20_Training_294,0.54453504,0.15402748,1.3676149e-12,1.3676149e-12,0.23285416762034097
LG_BraTS20_Training_297,0.20118217,0.1783599,2.047083e-12,2.047083e-12,0.1265140175819397
LG_BraTS20_Training_310,0.63281155,0.29743508,8.344459e-13,8.344459e-13,0.31008219718933105
LG_BraTS20_Training_324,0.40783045,0.009734084,3.0835647e-12,3.0835647e-12,0.1391881803671519
t1cet2
HG_BraTS20_Training_010,0.63055944,0.7604744,0.7980776,0.7980776,0.7297038237253824
HG_BraTS20_Training_012,0.7928695,0.7600507,0.6987401,0.6987401,0.7505534489949545
HG_BraTS20_Training_020,0.8457564,0.77424747,0.5936663,0.5936663,0.7378900845845541
HG_BraTS20_Training_070,0.8226421,0.85485077,0.65717536,0.65717536,0.7782227198282877
HG_BraTS20_Training_089,0.8496494,0.6312852,0.88313246,0.88313246,0.7880223592122396
HG_BraTS20_Training_119,0.6436174,0.8413848,0.7214094,0.7214094,0.7354705333709717
HG_BraTS20_Training_124,0.8992589,0.8793029,0.83621424,0.83621424,0.8715920448303223
HG_BraTS20_Training_128,0.7505198,0.4797065,0.4747889,0.4747889,0.5683383941650391
HG_BraTS20_Training_134,0.80457264,0.8190767,0.6987159,0.6987159,0.7741217613220215
HG_BraTS20_Training_140,0.9271525,0.9126587,0.81721586,0.81721586,0.8856756687164307
HG_BraTS20_Training_150,0.8969343,0.9338126,0.92517424,0.92517424,0.9186403751373291
HG_BraTS20_Training_180,0.66424567,0.70718277,0.7821892,0.7821892,0.7178725401560465
HG_BraTS20_Training_188,0.6039447,0.7504514,0.6614039,0.6614039,0.6719333330790201
HG_BraTS20_Training_191,0.8895275,0.8267134,0.8078737,0.8078737,0.8413715362548828
HG_BraTS20_Training_201,0.8598382,0.9118424,0.8490295,0.8490295,0.8735700448354086
HG_BraTS20_Training_211,0.8268543,0.9169182,0.8206631,0.8206631,0.8548118273417155
HG_BraTS20_Training_212,0.8259691,0.79315245,0.6752346,0.6752346,0.764785369237264
HG_BraTS20_Training_226,0.84690714,0.9265615,0.8943642,0.8943642,0.8892776171366373
HG_BraTS20_Training_232,0.7162939,0.8102798,0.7189291,0.7189291,0.7485009034474691
HG_BraTS20_Training_241,0.8267574,0.7701691,0.7483591,0.7483591,0.7817618052164713
HG_BraTS20_Training_245,0.79790676,0.7382331,0.73954314,0.73954314,0.7585609753926595
HG_BraTS20_Training_246,0.85449576,0.77696043,0.82022333,0.82022333,0.8172264893849691
HG_BraTS20_Training_336,0.89106405,0.8880963,0.84617096,0.84617096,0.875110387802124
HG_BraTS20_Training_338,0.8934952,0.9419832,0.89232755,0.89232755,0.9092686971028646
HG_BraTS20_Training_344,0.850817,0.6958382,0.61413723,0.61413723,0.7202641169230143
HG_BraTS20_Training_352,0.89410114,0.7003772,0.86513656,0.86513656,0.8198716640472412
LG_BraTS20_Training_262,0.87254936,0.38311628,2.1612276e-12,2.1612276e-12,0.41855521996816
LG_BraTS20_Training_275,0.59077513,0.16402896,2.805836e-12,2.805836e-12,0.25160135825475055
LG_BraTS20_Training_278,0.68335587,0.051036064,1.7510068e-12,1.7510068e-12,0.2447973092397054
LG_BraTS20_Training_283,0.8821925,0.7529436,0.8066256,0.8066256,0.8139205773671468
LG_BraTS20_Training_291,0.9241942,0.7572194,0.023310022,0.023310022,0.5682412385940552
LG_BraTS20_Training_292,0.8914119,0.6810074,0.37388456,0.37388456,0.6487679481506348
LG_BraTS20_Training_294,0.87579846,0.48086506,1.4920919e-12,1.4920919e-12,0.452221155166626
LG_BraTS20_Training_297,0.6447175,0.40198314,1.1337869e-12,1.1337869e-12,0.34890023867289227
LG_BraTS20_Training_310,0.7877374,0.4136483,4.0170322e-13,4.0170322e-13,0.40046191215515137
LG_BraTS20_Training_324,0.6388674,0.022019785,3.621876e-12,3.621876e-12,0.2202957272529602
flair
HG_BraTS20_Training_010,0.7528216,0.39835206,0.3809715,0.3809715,0.5107150872548422
HG_BraTS20_Training_012,0.8455277,0.68702906,0.35254636,0.35254636,0.6283677021662394
HG_BraTS20_Training_020,0.8797916,0.7836709,0.37693265,0.37693265,0.680131753285726
HG_BraTS20_Training_070,0.8902129,0.5576276,0.21731032,0.21731032,0.555050253868103
HG_BraTS20_Training_089,0.84087145,0.4361282,0.22661562,0.22661562,0.5012051264444987
HG_BraTS20_Training_119,0.78429776,0.77424616,0.47924373,0.47924373,0.6792625586191813
HG_BraTS20_Training_124,0.921959,0.8091412,0.38420606,0.38420606,0.7051021258036295
HG_BraTS20_Training_128,0.85596544,0.16687931,0.10290278,0.10290278,0.375249187151591
HG_BraTS20_Training_134,0.7802545,0.54564255,0.28663078,0.28663078,0.5375092426935831
HG_BraTS20_Training_140,0.9323399,0.8274658,0.54102933,0.54102933,0.7669450441996256
HG_BraTS20_Training_150,0.7909021,0.54575336,0.28842747,0.28842747,0.5416942834854126
HG_BraTS20_Training_180,0.74559695,0.74872065,0.5523309,0.5523309,0.6822161674499512
HG_BraTS20_Training_188,0.6223431,0.48943162,0.26223502,0.26223502,0.4580032428105672
HG_BraTS20_Training_191,0.9300296,0.65137655,0.42257592,0.42257592,0.6679940223693848
HG_BraTS20_Training_201,0.9239498,0.82373244,0.5252879,0.5252879,0.7576567331949869
HG_BraTS20_Training_211,0.8287014,0.6960913,0.34732813,0.34732813,0.6240402857462565
HG_BraTS20_Training_212,0.72241205,0.42873242,0.17654938,0.17654938,0.4425646464029948
HG_BraTS20_Training_226,0.8714622,0.67955667,0.40382296,0.40382296,0.6516139507293701
HG_BraTS20_Training_232,0.8925136,0.478393,0.3668728,0.3668728,0.5792597929636637
HG_BraTS20_Training_241,0.8545785,0.31276277,0.24039039,0.24039039,0.4692438840866089
HG_BraTS20_Training_245,0.76132584,0.64823794,0.41736943,0.41736943,0.6089777151743571
HG_BraTS20_Training_246,0.7789292,0.39241225,0.3274308,0.3274308,0.49959075450897217
HG_BraTS20_Training_336,0.92541146,0.8469695,0.5547728,0.5547728,0.7757178942362467
HG_BraTS20_Training_338,0.8592371,0.7580669,0.4925354,0.4925354,0.7032798131306967
HG_BraTS20_Training_344,0.87935376,0.7633705,0.52875584,0.52875584,0.7238267262776693
HG_BraTS20_Training_352,0.48853782,0.29144326,0.31148112,0.31148112,0.36382071177164715
LG_BraTS20_Training_262,0.86054856,0.20836522,6.915151e-13,6.915151e-13,0.3563046058019002
LG_BraTS20_Training_275,0.76127094,0.22307386,5.800464e-12,5.800464e-12,0.32811492681503296
LG_BraTS20_Training_278,0.82603234,0.5408324,8.057368e-13,8.057368e-13,0.45562156041463214
LG_BraTS20_Training_283,0.91723585,0.5163483,0.35977653,0.35977653,0.5977869033813477
LG_BraTS20_Training_291,0.9385249,0.6854219,0.0023116712,0.0023116712,0.5420861641565958
LG_BraTS20_Training_292,0.578809,0.20122561,0.28603083,0.28603083,0.355355183283488
LG_BraTS20_Training_294,0.8660959,0.6136556,6.6445184e-13,6.6445184e-13,0.4932505289713542
LG_BraTS20_Training_297,0.3848386,0.35589916,2.0312818e-12,2.0312818e-12,0.24691259860992432
LG_BraTS20_Training_310,0.8852743,0.6930783,3.589891e-13,3.589891e-13,0.5261175235112509
LG_BraTS20_Training_324,0.87251556,0.405776,7.467702e-13,7.467702e-13,0.42609719435373944
t1
HG_BraTS20_Training_010,0.43366614,0.6554792,0.32098764,0.32098764,0.4700442949930827
HG_BraTS20_Training_012,0.6647763,0.71422863,0.6128631,0.6128631,0.6639560063680013
HG_BraTS20_Training_020,0.81349,0.73625207,0.29190773,0.29190773,0.6138832569122314
HG_BraTS20_Training_070,0.7638652,0.7533873,0.34338966,0.34338966,0.620214025179545
HG_BraTS20_Training_089,0.72639775,0.36309728,0.38539055,0.38539055,0.4916285276412964
HG_BraTS20_Training_119,0.49901468,0.7303901,0.30716652,0.30716652,0.5121904214223226
HG_BraTS20_Training_124,0.81078243,0.6933375,0.39202327,0.39202327,0.6320477326711019
HG_BraTS20_Training_128,0.029322,7.1890727e-12,7.836991e-12,7.836991e-12,0.009774000073472658
HG_BraTS20_Training_134,0.5235229,0.5667578,0.19279778,0.19279778,0.42769285043080646
HG_BraTS20_Training_140,0.83670396,0.8024164,0.17880318,0.17880318,0.6059745152791342
HG_BraTS20_Training_150,0.7704634,0.51661885,0.41377282,0.41377282,0.5669516722361246
HG_BraTS20_Training_180,0.58827806,0.4867567,0.3432131,0.3432131,0.4727492729822795
HG_BraTS20_Training_188,0.4543114,0.7097298,0.575153,0.575153,0.5797313849131266
HG_BraTS20_Training_191,0.5387638,0.25361687,0.23844925,0.23844925,0.3436099688212077
HG_BraTS20_Training_201,0.6641089,0.4110698,0.36648083,0.36648083,0.48055315017700195
HG_BraTS20_Training_211,0.67520094,0.74807906,0.44369537,0.44369537,0.6223251024881998
HG_BraTS20_Training_212,0.6585433,0.4551785,0.2300285,0.2300285,0.44791678587595624
HG_BraTS20_Training_226,0.69222695,0.698212,0.24557486,0.24557486,0.545337955156962
HG_BraTS20_Training_232,0.6293622,0.29489732,0.22858942,0.22858942,0.38428298632303876
HG_BraTS20_Training_241,0.70423824,0.5047734,0.2245645,0.2245645,0.4778587023417155
HG_BraTS20_Training_245,0.6838137,0.47872624,0.31695908,0.31695908,0.49316636721293133
HG_BraTS20_Training_246,0.7963557,0.6114733,0.31101197,0.31101197,0.5729470252990723
HG_BraTS20_Training_336,0.78624463,0.804516,0.5399391,0.5399391,0.7102332909901937
HG_BraTS20_Training_338,0.7468987,0.6372641,0.3180844,0.3180844,0.567415714263916
HG_BraTS20_Training_344,0.808432,0.6105263,0.36687303,0.36687303,0.5952771107355753
HG_BraTS20_Training_352,0.7642668,0.2430279,0.351108,0.351108,0.4528009096781413
LG_BraTS20_Training_262,0.4480826,0.64510727,2.0807325e-12,2.0807325e-12,0.364396611849467
LG_BraTS20_Training_275,0.030505849,7.4487893e-13,3.929273e-12,3.929273e-12,0.01016861634949843
LG_BraTS20_Training_278,0.5872448,0.44231847,6.367399e-13,6.367399e-13,0.34318776925404865
LG_BraTS20_Training_283,2.1535016e-13,8.7504374e-13,8.865248e-13,8.865248e-13,6.589728762662617e-13
LG_BraTS20_Training_291,0.804019,0.6446182,0.0044019483,0.0044019483,0.4843463897705078
LG_BraTS20_Training_292,0.71426415,0.7364246,0.21029894,0.21029894,0.5536625782648722
LG_BraTS20_Training_294,0.737803,0.63403535,5.5567904e-13,5.5567904e-13,0.4572794437408447
LG_BraTS20_Training_297,0.3520442,0.56477946,2.8401023e-12,2.8401023e-12,0.3056078751881917
LG_BraTS20_Training_310,0.7287933,0.64617485,6.392227e-13,6.392227e-13,0.4583227237065633
LG_BraTS20_Training_324,0.46852976,0.25170362,2.013693e-12,2.013693e-12,0.24007779359817505
t1c
HG_BraTS20_Training_010,0.4086763,0.7250066,0.80288714,0.80288714,0.6455233097076416
HG_BraTS20_Training_012,0.5365019,0.47824132,0.46803245,0.46803245,0.4942585627237956
HG_BraTS20_Training_020,0.63197607,0.60676837,0.5913338,0.5913338,0.6100261211395264
HG_BraTS20_Training_070,0.5438686,0.67864156,0.58281827,0.58281827,0.601776123046875
HG_BraTS20_Training_089,0.6206976,0.8292887,0.9311959,0.9311959,0.7937273979187012
HG_BraTS20_Training_119,0.5532712,0.8264949,0.71772677,0.71772677,0.6991642316182455
HG_BraTS20_Training_124,0.65642977,0.7233829,0.73217654,0.73217654,0.7039964199066162
HG_BraTS20_Training_128,2.8751329e-13,5.8377114e-12,6.2578224e-12,7.836991e-12,4.127682281622007e-12
HG_BraTS20_Training_134,0.6263205,0.63062346,0.6075223,0.6075223,0.6214887301127116
HG_BraTS20_Training_140,0.8382572,0.8963527,0.8103527,0.8103527,0.8483208020528158
HG_BraTS20_Training_150,0.7506475,0.9112633,0.9123982,0.9123982,0.8581029574076334
HG_BraTS20_Training_180,0.61107576,0.6937085,0.7501302,0.7501302,0.6849714914957682
HG_BraTS20_Training_188,0.4201336,0.7602429,0.7038765,0.7038765,0.6280843416849772
HG_BraTS20_Training_191,0.6964954,0.79564863,0.7718964,0.7718964,0.7546801567077637
HG_BraTS20_Training_201,0.6958335,0.8314858,0.8005668,0.8005668,0.7759620348612467
HG_BraTS20_Training_211,0.73545736,0.89732414,0.81400746,0.81400746,0.815596342086792
HG_BraTS20_Training_212,0.48916474,0.52980816,0.62120646,0.62120646,0.5467264652252197
HG_BraTS20_Training_226,0.7433692,0.8961355,0.8750544,0.8750544,0.8381863435109457
HG_BraTS20_Training_232,0.5825579,0.7156612,0.72819674,0.72819674,0.6754719416300455
HG_BraTS20_Training_241,0.50457406,0.71235424,0.7098731,0.7098731,0.642267107963562
HG_BraTS20_Training_245,0.68754137,0.6952204,0.7170712,0.7170712,0.6999443372090658
HG_BraTS20_Training_246,0.65719485,0.74935645,0.85713696,0.85713696,0.754562775293986
HG_BraTS20_Training_336,0.7768472,0.8416708,0.8119782,0.8119782,0.8101654052734375
HG_BraTS20_Training_338,0.788522,0.9079757,0.8791635,0.8791635,0.8585537274678549
HG_BraTS20_Training_344,0.68665284,0.59179467,0.4660719,0.4660719,0.5815064907073975
HG_BraTS20_Training_352,0.78945863,0.6761853,0.85453385,0.85453385,0.7733925978342692
LG_BraTS20_Training_262,0.5912682,0.51957184,4.2301184e-12,4.2301184e-12,0.37028002738952637
LG_BraTS20_Training_275,0.00043074437,0.0010767574,4.1701417e-12,4.1701417e-12,0.0005025006054590145
LG_BraTS20_Training_278,0.09346616,0.0073528285,2.0721094e-12,2.0721094e-12,0.03360633055369059
LG_BraTS20_Training_283,0.57100743,0.8080373,0.8203182,0.8203182,0.7331209977467855
LG_BraTS20_Training_291,0.42156625,0.46547812,6.7430883e-12,6.7430883e-12,0.29568145672480267
LG_BraTS20_Training_292,0.6520304,0.5481283,0.2731582,0.2731582,0.4911056359608968
LG_BraTS20_Training_294,0.27637792,0.100674346,8.3549167e-13,8.3549167e-13,0.12568408250808716
LG_BraTS20_Training_297,0.14802748,0.084101826,4.819974e-13,4.819974e-13,0.07737643520037334
LG_BraTS20_Training_310,0.4417287,0.12438494,3.8345027e-13,3.8345027e-13,0.18870455026626587
LG_BraTS20_Training_324,0.2649534,0.0030248035,2.2138587e-12,2.2138587e-12,0.08932607372601827
t2
HG_BraTS20_Training_010,0.64842796,0.65622836,0.31430238,0.31430238,0.5396529038747152
HG_BraTS20_Training_012,0.82218736,0.77947485,0.60126734,0.60126734,0.7343098322550455
HG_BraTS20_Training_020,0.84709305,0.7419149,0.3452871,0.3452871,0.6447650194168091
HG_BraTS20_Training_070,0.8290716,0.6178663,0.23831192,0.23831192,0.5617498954137167
HG_BraTS20_Training_089,0.82942694,0.4129146,0.37179413,0.37179413,0.5380452076594034
HG_BraTS20_Training_119,0.64447534,0.71546894,0.36268842,0.36268842,0.5742109219233195
HG_BraTS20_Training_124,0.88975966,0.7498684,0.3984737,0.3984737,0.6793672243754069
HG_BraTS20_Training_128,0.6121348,0.10915706,0.106578946,0.106578946,0.2759569485982259
HG_BraTS20_Training_134,0.58084804,0.33223686,0.21720633,0.21720633,0.3767637411753337
HG_BraTS20_Training_140,0.9194868,0.8158213,0.32780728,0.32780728,0.6877051194508871
HG_BraTS20_Training_150,0.8584829,0.7475374,0.5215722,0.5215722,0.7091974417368571
HG_BraTS20_Training_180,0.6511932,0.4125804,0.23772348,0.23772348,0.4338323672612508
HG_BraTS20_Training_188,0.57234454,0.7247119,0.5286767,0.5286767,0.6085777282714844
HG_BraTS20_Training_191,0.90751165,0.556051,0.29805076,0.29805076,0.5872044960657755
HG_BraTS20_Training_201,0.8610971,0.829257,0.6257266,0.6257266,0.7720268567403158
HG_BraTS20_Training_211,0.80314744,0.7892941,0.5508277,0.5508277,0.7144231001536051
HG_BraTS20_Training_212,0.7666389,0.59964746,0.271587,0.271587,0.5459577639897665
HG_BraTS20_Training_226,0.8698365,0.82263136,0.4003348,0.4003348,0.6976009209950765
HG_BraTS20_Training_232,0.66924924,0.5265417,0.4399782,0.4399782,0.5452564160029093
HG_BraTS20_Training_241,0.7711133,0.459662,0.38623255,0.38623255,0.5390025774637858
HG_BraTS20_Training_245,0.7036446,0.7421847,0.46141827,0.46141827,0.6357491811116537
HG_BraTS20_Training_246,0.7595589,0.65198,0.4414714,0.4414714,0.6176700592041016
HG_BraTS20_Training_336,0.8931629,0.6778112,0.49293783,0.49293783,0.6879706382751465
HG_BraTS20_Training_338,0.8882104,0.7596226,0.461496,0.461496,0.7031096617380778
HG_BraTS20_Training_344,0.82021415,0.70320886,0.33426645,0.33426645,0.619229793548584
HG_BraTS20_Training_352,0.88054454,0.41909862,0.4657353,0.4657353,0.5884594917297363
LG_BraTS20_Training_262,0.8900822,0.22888047,6.5346665e-13,6.5346665e-13,0.3729875485102336
LG_BraTS20_Training_275,0.58959407,0.13405252,1.2722646e-11,1.2722646e-11,0.2412155270576477
LG_BraTS20_Training_278,0.7560153,0.46446306,1.0269049e-12,1.0269049e-12,0.40682609875996906
LG_BraTS20_Training_283,0.8846322,0.39716026,0.39088696,0.39088696,0.5575598080952963
LG_BraTS20_Training_291,0.93983936,0.69172865,0.007550766,0.007550766,0.5463728904724121
LG_BraTS20_Training_292,0.8904457,0.46872684,0.19121653,0.19121653,0.516796350479126
LG_BraTS20_Training_294,0.89545536,0.6360136,7.27961e-13,7.27961e-13,0.5104896624883016
LG_BraTS20_Training_297,0.67859066,0.4754137,2.3584906e-12,2.3584906e-12,0.38466811180114746
LG_BraTS20_Training_310,0.82441443,0.6823687,1.0837759e-12,1.0837759e-12,0.5022610425949097
LG_BraTS20_Training_324,0.70127183,0.2216843,1.6846362e-12,1.6846362e-12,0.3076520363489787
WT Dice,TC Dice,ET Dice,ETPro Dice,WT HD95,TC HD95,ET HD95ETPro HD95
flairt1cet1t2
HG_BraTS20_Training_010,0.7476739,0.69954646,0.7707377,0.7707377,0.7393193244934082
HG_BraTS20_Training_012,0.84972453,0.8136289,0.7065552,0.7065552,0.7899695237477621
HG_BraTS20_Training_020,0.8882384,0.8070339,0.5934204,0.5934204,0.7628974914550781
HG_BraTS20_Training_070,0.883919,0.8622792,0.6531443,0.6531443,0.7997808456420898
HG_BraTS20_Training_089,0.8310664,0.5496833,0.8455439,0.8455439,0.7420978546142578
HG_BraTS20_Training_119,0.78320503,0.83318865,0.68512946,0.68512946,0.7671744028727213
HG_BraTS20_Training_124,0.92234147,0.9153512,0.8711651,0.8711651,0.9029525915781657
HG_BraTS20_Training_128,0.8448298,0.23903072,0.28000912,0.28000912,0.4546232223510742
HG_BraTS20_Training_134,0.84638757,0.82445425,0.7041285,0.7041285,0.7916568120320638
HG_BraTS20_Training_140,0.92475766,0.88818127,0.7834034,0.7834034,0.8654474417368571
HG_BraTS20_Training_150,0.9285075,0.90084064,0.9131192,0.9131192,0.9141558011372884
HG_BraTS20_Training_180,0.70039105,0.77606535,0.84955585,0.84955585,0.7753373781840006
HG_BraTS20_Training_188,0.7575828,0.7130201,0.6271406,0.6271406,0.6992478370666504
HG_BraTS20_Training_191,0.9121208,0.83523846,0.78507066,0.78507066,0.8441433111826578
HG_BraTS20_Training_201,0.90842116,0.93736416,0.8531278,0.8531278,0.8996376991271973
HG_BraTS20_Training_211,0.85857326,0.9019426,0.8115036,0.8115036,0.8573398590087891
HG_BraTS20_Training_212,0.83056897,0.74312603,0.6330081,0.6330081,0.7355677286783854
HG_BraTS20_Training_226,0.8828483,0.93699455,0.8945389,0.8945389,0.904793898264567
HG_BraTS20_Training_232,0.8369979,0.73766005,0.6322367,0.6322367,0.735631545384725
HG_BraTS20_Training_241,0.8661462,0.7575078,0.76224357,0.76224357,0.795299212137858
HG_BraTS20_Training_245,0.8843479,0.8081403,0.7760208,0.7760208,0.8228363196055094
HG_BraTS20_Training_246,0.8826393,0.7487781,0.81153697,0.81153697,0.8143181006113688
HG_BraTS20_Training_336,0.91881126,0.9369676,0.86457986,0.86457986,0.9067862828572592
HG_BraTS20_Training_338,0.92062515,0.9434836,0.893639,0.893639,0.9192492961883545
HG_BraTS20_Training_344,0.8623286,0.76440114,0.57402,0.57402,0.7335832913716634
HG_BraTS20_Training_352,0.8625235,0.60763204,0.84548485,0.84548485,0.7718801498413086
LG_BraTS20_Training_262,0.8447602,0.35161763,1.7815785e-12,1.7815785e-12,0.3987925847371419
LG_BraTS20_Training_275,0.70765185,0.24801576,2.0441537e-12,2.0441537e-12,0.31855587164560956
LG_BraTS20_Training_278,0.8338638,0.3121424,2.3837902e-12,2.3837902e-12,0.3820020755132039
LG_BraTS20_Training_283,0.91832966,0.7138132,0.8131025,0.8131025,0.8150817553202311
LG_BraTS20_Training_291,0.94278157,0.72587955,0.014744801,0.014744801,0.5611352920532227
LG_BraTS20_Training_292,0.895068,0.7548959,0.36275437,0.36275437,0.6709060668945312
LG_BraTS20_Training_294,0.9012974,0.72064096,1.2304664e-12,1.2304664e-12,0.5406461159388224
LG_BraTS20_Training_297,0.74583536,0.5622984,2.2747952e-12,2.2747952e-12,0.4360446135203044
LG_BraTS20_Training_310,0.9138672,0.625385,9.329228e-13,9.329228e-13,0.5130840539932251
LG_BraTS20_Training_324,0.8975136,0.14907365,2.633658e-12,2.633658e-12,0.3488624095916748
t1cet1t2
HG_BraTS20_Training_010,0.6599465,0.68662393,0.76058644,0.76058644,0.702385663986206
HG_BraTS20_Training_012,0.80151206,0.805475,0.71474063,0.71474063,0.7739092508951823
HG_BraTS20_Training_020,0.86184335,0.7915074,0.5782868,0.5782868,0.743879238764445
HG_BraTS20_Training_070,0.7995226,0.87336016,0.6657711,0.6657711,0.7795513470967611
HG_BraTS20_Training_089,0.8267196,0.63414633,0.8757813,0.8757813,0.7788824240366617
HG_BraTS20_Training_119,0.6156728,0.8435186,0.7086879,0.7086879,0.7226264476776123
HG_BraTS20_Training_124,0.9111119,0.9061027,0.8537405,0.8537405,0.8903183937072754
HG_BraTS20_Training_128,0.8385496,0.2961995,0.3221003,0.3221003,0.4856164852778117
HG_BraTS20_Training_134,0.801054,0.80034775,0.681276,0.681276,0.7608926296234131
HG_BraTS20_Training_140,0.91561466,0.89744544,0.7963762,0.7963762,0.8698120911916097
HG_BraTS20_Training_150,0.8893506,0.91006076,0.91300297,0.91300297,0.9041380882263184
HG_BraTS20_Training_180,0.66944575,0.7230571,0.8155067,0.8155067,0.7360031604766846
HG_BraTS20_Training_188,0.6651747,0.7371756,0.64343387,0.64343387,0.6819280783335367
HG_BraTS20_Training_191,0.8874654,0.79762983,0.793475,0.793475,0.8261900742848715
HG_BraTS20_Training_201,0.88187367,0.9349608,0.8637306,0.8637306,0.8935217062632242
HG_BraTS20_Training_211,0.8187447,0.91761047,0.8205522,0.8205522,0.8523024717966715
HG_BraTS20_Training_212,0.83531004,0.78026223,0.6567903,0.6567903,0.7574541568756104
HG_BraTS20_Training_226,0.8357497,0.929763,0.88646257,0.88646257,0.8839917182922363
HG_BraTS20_Training_232,0.76108027,0.7651928,0.6717563,0.6717563,0.7326764265696207
HG_BraTS20_Training_241,0.86068505,0.8029316,0.7888019,0.7888019,0.8174728552500407
HG_BraTS20_Training_245,0.87296724,0.81614697,0.7852096,0.7852096,0.8247745831807455
HG_BraTS20_Training_246,0.8217695,0.7856343,0.81703717,0.81703717,0.8081469535827637
HG_BraTS20_Training_336,0.909841,0.94213104,0.87377894,0.87377894,0.9085836410522461
HG_BraTS20_Training_338,0.9097183,0.9537246,0.9040488,0.9040488,0.9224972724914551
HG_BraTS20_Training_344,0.8582486,0.7528218,0.61312586,0.61312586,0.7413987318674723
HG_BraTS20_Training_352,0.8674372,0.66891545,0.8344047,0.8344047,0.7902524471282959
LG_BraTS20_Training_262,0.84306526,0.40830675,2.0329335e-12,2.0329335e-12,0.4171239932378133
LG_BraTS20_Training_275,0.5929755,0.25234583,1.8702075e-12,1.8702075e-12,0.28177376588185626
LG_BraTS20_Training_278,0.7612975,0.073721446,1.9577133e-12,1.9577133e-12,0.2783396641413371
LG_BraTS20_Training_283,0.8985049,0.78447926,0.8235707,0.8235707,0.8355182806650797
LG_BraTS20_Training_291,0.9321434,0.73285794,0.009718173,0.009718173,0.5582398573557535
LG_BraTS20_Training_292,0.8637334,0.7135254,0.36252838,0.36252838,0.6465957164764404
LG_BraTS20_Training_294,0.8473012,0.5610052,2.4342746e-12,2.4342746e-12,0.469435453414917
LG_BraTS20_Training_297,0.7258506,0.5325026,1.4725372e-12,1.4725372e-12,0.4194510777791341
LG_BraTS20_Training_310,0.85792077,0.5548816,1.2309207e-12,1.2309207e-12,0.47093411286671955
LG_BraTS20_Training_324,0.74983215,0.035422087,4.349717e-12,4.349717e-12,0.2617514133453369
flairt1cet2
HG_BraTS20_Training_010,0.7403339,0.7230237,0.774516,0.774516,0.7459578514099121
HG_BraTS20_Training_012,0.8443678,0.76121575,0.67562294,0.67562294,0.7604022026062012
HG_BraTS20_Training_020,0.8780984,0.79226553,0.592577,0.592577,0.7543136278788248
HG_BraTS20_Training_070,0.8545073,0.8523781,0.6324128,0.6324128,0.7797660827636719
HG_BraTS20_Training_089,0.82623804,0.52514124,0.8461049,0.8461049,0.7324947516123453
HG_BraTS20_Training_119,0.76717705,0.8208363,0.66659606,0.66659606,0.7515365282694498
HG_BraTS20_Training_124,0.91954637,0.90798986,0.86350703,0.86350703,0.8970144589742025
HG_BraTS20_Training_128,0.849216,0.24486856,0.31598967,0.31598967,0.4700247446695964
HG_BraTS20_Training_134,0.8303768,0.8023864,0.6785043,0.6785043,0.7704224586486816
HG_BraTS20_Training_140,0.9262699,0.8940398,0.7912314,0.7912314,0.8705136775970459
HG_BraTS20_Training_150,0.9310111,0.90355194,0.91548824,0.91548824,0.9166837533315023
HG_BraTS20_Training_180,0.6865591,0.76064646,0.8413518,0.8413518,0.7628524303436279
HG_BraTS20_Training_188,0.7687272,0.68750507,0.60921055,0.60921055,0.6884809335072836
HG_BraTS20_Training_191,0.9110361,0.8414505,0.7705583,0.7705583,0.8410149415334066
HG_BraTS20_Training_201,0.90747756,0.92405945,0.84221363,0.84221363,0.891250212987264
HG_BraTS20_Training_211,0.86001694,0.89781547,0.8084546,0.8084546,0.8554290135701498
HG_BraTS20_Training_212,0.84419113,0.7736774,0.6374222,0.6374222,0.7517635822296143
HG_BraTS20_Training_226,0.8738159,0.9314723,0.8924156,0.8924156,0.8992346127827963
HG_BraTS20_Training_232,0.81038445,0.7799278,0.6893634,0.6893634,0.7598919073740641
HG_BraTS20_Training_241,0.8610058,0.6972448,0.72099566,0.72099566,0.7597487767537435
HG_BraTS20_Training_245,0.84657395,0.7639158,0.72773534,0.72773534,0.7794083754221598
HG_BraTS20_Training_246,0.8357903,0.726626,0.785445,0.785445,0.7826204299926758
HG_BraTS20_Training_336,0.91555583,0.9332659,0.8571697,0.8571697,0.9019971688588461
HG_BraTS20_Training_338,0.91461664,0.9332869,0.88534606,0.88534606,0.9110832214355469
HG_BraTS20_Training_344,0.85379386,0.7759761,0.57644403,0.57644403,0.7354046503702799
HG_BraTS20_Training_352,0.79537463,0.57254755,0.84111273,0.84111273,0.7363449732462565
LG_BraTS20_Training_262,0.83000773,0.29163945,1.59821e-12,1.59821e-12,0.37388237317403156
LG_BraTS20_Training_275,0.7517391,0.24793218,2.0433184e-12,2.0433184e-12,0.33322376012802124
LG_BraTS20_Training_278,0.8280652,0.3197093,2.5025025e-12,2.5025025e-12,0.38259148597717285
LG_BraTS20_Training_283,0.9154205,0.6311797,0.7838747,0.7838747,0.776824951171875
LG_BraTS20_Training_291,0.9374405,0.7337984,0.016995447,0.016995447,0.5627447764078776
LG_BraTS20_Training_292,0.865006,0.7409286,0.35809818,0.35809818,0.6546775897343954
LG_BraTS20_Training_294,0.90084004,0.73547006,1.4122299e-12,1.4122299e-12,0.54543670018514
LG_BraTS20_Training_297,0.75447804,0.6463346,2.4685263e-12,2.4685263e-12,0.4669375419616699
LG_BraTS20_Training_310,0.8980473,0.6219974,8.235197e-13,8.235197e-13,0.5066816012064616
LG_BraTS20_Training_324,0.8670336,0.1822542,2.4503797e-12,2.4503797e-12,0.3497625986735026
flairt1t2
HG_BraTS20_Training_010,0.7625855,0.61036056,0.21964346,0.21964346,0.5308631658554077
HG_BraTS20_Training_012,0.8544146,0.68647516,0.38776243,0.38776243,0.6428840557734171
HG_BraTS20_Training_020,0.8908039,0.77230936,0.37259063,0.37259063,0.6785679658253988
HG_BraTS20_Training_070,0.8858884,0.71566737,0.27869868,0.27869868,0.6267515023549398
HG_BraTS20_Training_089,0.81027824,0.38232508,0.25071478,0.25071478,0.4811060428619385
HG_BraTS20_Training_119,0.7667225,0.7307322,0.39655456,0.39655456,0.6313364108403524
HG_BraTS20_Training_124,0.9218729,0.7627656,0.4452232,0.4452232,0.7099539438883463
HG_BraTS20_Training_128,0.83087975,0.15764186,0.12159183,0.12159183,0.3700377941131592
HG_BraTS20_Training_134,0.8537716,0.7404035,0.3572693,0.3572693,0.6504814624786377
HG_BraTS20_Training_140,0.9128318,0.79318523,0.2896456,0.2896456,0.6652208964029948
HG_BraTS20_Training_150,0.90194684,0.750852,0.47037336,0.47037336,0.7077240943908691
HG_BraTS20_Training_180,0.6818328,0.58730054,0.48979396,0.48979396,0.5863091150919596
HG_BraTS20_Training_188,0.7646146,0.5902159,0.41609195,0.41609195,0.5903074741363525
HG_BraTS20_Training_191,0.9312996,0.59386384,0.3245249,0.3245249,0.6165627638498942
HG_BraTS20_Training_201,0.93231606,0.85248333,0.6991936,0.6991936,0.8279976844787598
HG_BraTS20_Training_211,0.8422296,0.7932579,0.46332988,0.46332988,0.6996057828267416
HG_BraTS20_Training_212,0.84505945,0.72019327,0.34299898,0.34299898,0.6360839207967123
HG_BraTS20_Training_226,0.8844068,0.86627096,0.3894268,0.3894268,0.7133681774139404
HG_BraTS20_Training_232,0.8634418,0.50319666,0.36401692,0.36401692,0.5768851041793823
HG_BraTS20_Training_241,0.8863285,0.56368,0.5149384,0.5149384,0.654982328414917
HG_BraTS20_Training_245,0.87020415,0.8186913,0.6433411,0.6433411,0.7774121761322021
HG_BraTS20_Training_246,0.9006077,0.7057915,0.52229494,0.52229494,0.7095646858215332
HG_BraTS20_Training_336,0.91366804,0.86806154,0.57016885,0.57016885,0.7839661439259847
HG_BraTS20_Training_338,0.904931,0.8207118,0.5208475,0.5208475,0.7488300800323486
HG_BraTS20_Training_344,0.8778632,0.7769411,0.4231177,0.4231177,0.6926407019297282
HG_BraTS20_Training_352,0.85211885,0.35041702,0.49375975,0.49375975,0.5654318730036417
LG_BraTS20_Training_262,0.8523312,0.27899325,6.0364604e-13,6.0364604e-13,0.3771081765492757
LG_BraTS20_Training_275,0.71865606,0.24965124,4.065041e-12,4.065041e-12,0.3227691054344177
LG_BraTS20_Training_278,0.8704973,0.66058135,6.381214e-13,6.381214e-13,0.510359525680542
LG_BraTS20_Training_283,0.9150413,0.39279312,0.44071138,0.44071138,0.58284858862559
LG_BraTS20_Training_291,0.9552498,0.6882112,0.0067943577,0.0067943577,0.5500851074854533
LG_BraTS20_Training_292,0.8995191,0.8274235,0.2074794,0.2074794,0.6448072989781698
LG_BraTS20_Training_294,0.90225154,0.7487222,6.483823e-13,6.483823e-13,0.5503245989481608
LG_BraTS20_Training_297,0.78978664,0.747737,1.1348162e-12,1.1348162e-12,0.5125078757603964
LG_BraTS20_Training_310,0.9243483,0.76454484,6.498148e-13,6.498148e-13,0.5629643599192301
LG_BraTS20_Training_324,0.89004844,0.2774125,4.7014575e-12,4.7014575e-12,0.3891536394755046
flairt1cet1
HG_BraTS20_Training_010,0.7411462,0.6996154,0.79871285,0.79871285,0.7464914321899414
HG_BraTS20_Training_012,0.84821403,0.8137315,0.7280758,0.7280758,0.7966737747192383
HG_BraTS20_Training_020,0.88294345,0.8049609,0.61233276,0.61233276,0.7667457262674967
HG_BraTS20_Training_070,0.8963631,0.8620283,0.64720577,0.64720577,0.8018657366434733
HG_BraTS20_Training_089,0.8619839,0.6120722,0.86552185,0.86552185,0.7798593044281006
HG_BraTS20_Training_119,0.7831025,0.8347826,0.7324393,0.7324393,0.7834414641062418
HG_BraTS20_Training_124,0.9310689,0.92630714,0.8615847,0.8615847,0.9063202540079752
HG_BraTS20_Training_128,0.82487965,0.3092807,0.31918463,0.31918463,0.48444831371307373
HG_BraTS20_Training_134,0.80993927,0.7625554,0.69199693,0.69199693,0.754830519358317
HG_BraTS20_Training_140,0.9272976,0.9008255,0.8145757,0.8145757,0.8808995882670084
HG_BraTS20_Training_150,0.9100313,0.9050468,0.9076436,0.9076436,0.907573938369751
HG_BraTS20_Training_180,0.75268525,0.83602667,0.85598236,0.85598236,0.8148980935414633
HG_BraTS20_Training_188,0.7193499,0.6810237,0.6190785,0.6190785,0.6731506983439127
HG_BraTS20_Training_191,0.88835335,0.83301634,0.8065881,0.8065881,0.8426526387532552
HG_BraTS20_Training_201,0.9023928,0.9372531,0.8497499,0.8497499,0.8964653015136719
HG_BraTS20_Training_211,0.8804371,0.89523923,0.81124693,0.81124693,0.8623077074686686
HG_BraTS20_Training_212,0.7572761,0.6099315,0.6174154,0.6174154,0.6615410248438517
HG_BraTS20_Training_226,0.84578097,0.9242822,0.89400965,0.89400965,0.8880242506663004
HG_BraTS20_Training_232,0.86990595,0.72016275,0.5902309,0.5902309,0.7267665068308512
HG_BraTS20_Training_241,0.8691942,0.78748626,0.78505296,0.78505296,0.8139111200968424
HG_BraTS20_Training_245,0.842893,0.78991634,0.76761246,0.76761246,0.8001406192779541
HG_BraTS20_Training_246,0.86684734,0.6991171,0.83871657,0.83871657,0.8015603224436442
HG_BraTS20_Training_336,0.9228882,0.9405605,0.87110513,0.87110513,0.9115179379781088
HG_BraTS20_Training_338,0.9029588,0.9365497,0.89000666,0.89000666,0.9098383585611979
HG_BraTS20_Training_344,0.88664126,0.8173041,0.61624956,0.61624956,0.7733983198801676
HG_BraTS20_Training_352,0.7506308,0.61460257,0.82368934,0.82368934,0.7296409606933594
LG_BraTS20_Training_262,0.84611994,0.3927017,1.7658484e-12,1.7658484e-12,0.4129405419031779
LG_BraTS20_Training_275,0.6484312,0.22443058,3.713331e-12,3.713331e-12,0.29095391432444256
LG_BraTS20_Training_278,0.81121147,0.20321007,1.894657e-12,1.894657e-12,0.3381405274073283
LG_BraTS20_Training_283,0.91403675,0.814382,0.8571909,0.8571909,0.8618698914845785
LG_BraTS20_Training_291,0.9148814,0.68863124,0.017583147,0.017583147,0.5403652588526408
LG_BraTS20_Training_292,0.8018082,0.59555423,0.38251048,0.38251048,0.5932909647623698
LG_BraTS20_Training_294,0.8626768,0.5973032,1.4518003e-12,1.4518003e-12,0.4866600036621094
LG_BraTS20_Training_297,0.5747411,0.40964377,8.305648e-12,8.305648e-12,0.32812829812367755
LG_BraTS20_Training_310,0.8937821,0.4524171,8.6670135e-13,8.6670135e-13,0.44873305161794025
LG_BraTS20_Training_324,0.8793443,0.05082122,1.904762e-12,1.904762e-12,0.3100551764170329
flairt1ce
HG_BraTS20_Training_010,0.7575542,0.77827,0.83179003,0.83179003,0.7892047564188639
HG_BraTS20_Training_012,0.8115608,0.8467412,0.7494071,0.7494071,0.8025697072347006
HG_BraTS20_Training_020,0.873134,0.74183816,0.6088481,0.6088481,0.7412734031677246
HG_BraTS20_Training_070,0.8439365,0.77599066,0.6448331,0.6448331,0.7549200852711996
HG_BraTS20_Training_089,0.8424417,0.74002343,0.919586,0.919586,0.8340170383453369
HG_BraTS20_Training_119,0.7743153,0.8767285,0.76771694,0.76771694,0.8062535921732584
HG_BraTS20_Training_124,0.9226311,0.922989,0.8490745,0.8490745,0.8982315063476562
HG_BraTS20_Training_128,0.85031813,0.5513,0.5522388,0.5522388,0.6512856483459473
HG_BraTS20_Training_134,0.7949728,0.7478538,0.66286457,0.66286457,0.7352304458618164
HG_BraTS20_Training_140,0.9287091,0.9145064,0.84353364,0.84353364,0.8955829938252767
HG_BraTS20_Training_150,0.8957975,0.91623884,0.9150737,0.9150737,0.9090366363525391
HG_BraTS20_Training_180,0.7337106,0.83737785,0.845955,0.845955,0.8056811491648356
HG_BraTS20_Training_188,0.728505,0.7176192,0.65086573,0.65086573,0.6989966233571371
HG_BraTS20_Training_191,0.8712537,0.824188,0.7885187,0.7885187,0.8279867966969808
HG_BraTS20_Training_201,0.8907126,0.940025,0.8498251,0.8498251,0.8935209115346273
HG_BraTS20_Training_211,0.88291943,0.9058073,0.8197929,0.8197929,0.8695065975189209
HG_BraTS20_Training_212,0.7315146,0.57535416,0.6455577,0.6455577,0.6508088111877441
HG_BraTS20_Training_226,0.83736914,0.91931987,0.8980224,0.8980224,0.8849038283030192
HG_BraTS20_Training_232,0.8641937,0.77397263,0.67952,0.67952,0.7725621064503988
HG_BraTS20_Training_241,0.8519246,0.74557817,0.73067796,0.73067796,0.7760602633158366
HG_BraTS20_Training_245,0.84681296,0.7389418,0.7355725,0.7355725,0.7737757364908854
HG_BraTS20_Training_246,0.81110054,0.61750054,0.79475945,0.79475945,0.741120179494222
HG_BraTS20_Training_336,0.89813715,0.9031709,0.8454018,0.8454018,0.88223663965861
HG_BraTS20_Training_338,0.8934614,0.9335955,0.8772039,0.8772039,0.9014202753702799
HG_BraTS20_Training_344,0.79049885,0.66340804,0.5414655,0.5414655,0.6651241381963094
HG_BraTS20_Training_352,0.6176861,0.6564842,0.84223074,0.84223074,0.7054669857025146
LG_BraTS20_Training_262,0.84228796,0.43751138,3.5273368e-12,3.5273368e-12,0.42659978071848553
LG_BraTS20_Training_275,0.6990959,0.10254645,1.0989011e-11,1.0989011e-11,0.2672141194343567
LG_BraTS20_Training_278,0.78764814,0.059388887,3.264773e-12,3.264773e-12,0.28234567244847614
LG_BraTS20_Training_283,0.9280912,0.822088,0.8596613,0.8596613,0.8699468771616617
LG_BraTS20_Training_291,0.8992772,0.68926656,0.037145242,0.037145242,0.5418963432312012
LG_BraTS20_Training_292,0.79527193,0.53276414,0.3537392,0.3537392,0.5605917771657308
LG_BraTS20_Training_294,0.83721906,0.5048209,3.076923e-12,3.076923e-12,0.44734664758046466
LG_BraTS20_Training_297,0.6169461,0.4137952,6.7567566e-12,6.7567566e-12,0.3435804446538289
LG_BraTS20_Training_310,0.8424875,0.20167719,7.4498995e-13,7.4498995e-13,0.3480548858642578
LG_BraTS20_Training_324,0.7954504,0.012334637,3.057169e-12,3.057169e-12,0.2692616780598958
flairt2
HG_BraTS20_Training_010,0.7334811,0.63728213,0.3098616,0.3098616,0.5602083206176758
HG_BraTS20_Training_012,0.85408103,0.612162,0.35636997,0.35636997,0.6075376669565836
HG_BraTS20_Training_020,0.8858145,0.7832391,0.3763185,0.3763185,0.6817906697591146
HG_BraTS20_Training_070,0.88472915,0.7114156,0.28481337,0.28481337,0.626986026763916
HG_BraTS20_Training_089,0.8355764,0.37363043,0.25256673,0.25256673,0.48725783824920654
HG_BraTS20_Training_119,0.7785409,0.7201246,0.3963076,0.3963076,0.6316577196121216
HG_BraTS20_Training_124,0.92317903,0.7756704,0.45969543,0.45969543,0.7195149262746176
HG_BraTS20_Training_128,0.83913666,0.13368097,0.117888965,0.117888965,0.36356886227925617
HG_BraTS20_Training_134,0.82518905,0.70982337,0.39284906,0.39284906,0.6426205237706503
HG_BraTS20_Training_140,0.9257514,0.7697686,0.33639336,0.33639336,0.6773044268290201
HG_BraTS20_Training_150,0.912807,0.7477659,0.48517486,0.48517486,0.715249220530192
HG_BraTS20_Training_180,0.69166,0.6031582,0.47654808,0.47654808,0.5904554128646851
HG_BraTS20_Training_188,0.77389675,0.56200624,0.38941994,0.38941994,0.5751076141993204
HG_BraTS20_Training_191,0.9335652,0.6600791,0.34964362,0.34964362,0.647762656211853
HG_BraTS20_Training_201,0.9237037,0.87175494,0.68266094,0.68266094,0.8260397911071777
HG_BraTS20_Training_211,0.85312134,0.79309416,0.5129747,0.5129747,0.7197300593058268
HG_BraTS20_Training_212,0.83755493,0.70613146,0.33481264,0.33481264,0.6261663436889648
HG_BraTS20_Training_226,0.8724418,0.8452223,0.40886742,0.40886742,0.7088438669840494
HG_BraTS20_Training_232,0.8100911,0.58559525,0.4276825,0.4276825,0.6077896356582642
HG_BraTS20_Training_241,0.86708623,0.5049258,0.4730543,0.4730543,0.6150221029917399
HG_BraTS20_Training_245,0.71346736,0.7505069,0.53389376,0.53389376,0.6659560203552246
HG_BraTS20_Training_246,0.8471067,0.66504127,0.5149614,0.5149614,0.6757031281789144
HG_BraTS20_Training_336,0.9289393,0.880136,0.63388324,0.63388324,0.8143195311228434
HG_BraTS20_Training_338,0.90123,0.80470175,0.55244446,0.55244446,0.7527920405069987
HG_BraTS20_Training_344,0.8827295,0.7585353,0.36531946,0.36531946,0.6688613891601562
HG_BraTS20_Training_352,0.7940189,0.43172517,0.40111277,0.40111277,0.5422856410344442
LG_BraTS20_Training_262,0.85638934,0.23238192,4.6114826e-13,4.6114826e-13,0.3629237413406372
LG_BraTS20_Training_275,0.8004671,0.26516417,3.17662e-12,3.17662e-12,0.35521042346954346
LG_BraTS20_Training_278,0.8599344,0.72269976,6.103888e-13,6.103888e-13,0.5275447368621826
LG_BraTS20_Training_283,0.9115976,0.38157666,0.34508884,0.34508884,0.5460877021153768
LG_BraTS20_Training_291,0.9509084,0.6813739,0.0062113674,0.0062113674,0.5461645523707072
LG_BraTS20_Training_292,0.9081405,0.7704377,0.1656403,0.1656403,0.6147394975026449
LG_BraTS20_Training_294,0.9070171,0.7240616,5.676013e-13,5.676013e-13,0.5436929066975912
LG_BraTS20_Training_297,0.77026594,0.69510686,1.0161569e-12,1.0161569e-12,0.4884576002756755
LG_BraTS20_Training_310,0.9133733,0.74979204,4.5607956e-13,4.5607956e-13,0.5543884436289469
LG_BraTS20_Training_324,0.87178355,0.3780969,1.0204082e-12,1.0204082e-12,0.41662681102752686
t1t2
HG_BraTS20_Training_010,0.7022767,0.572154,0.24412681,0.24412681,0.5061858495076498
HG_BraTS20_Training_012,0.856402,0.69792587,0.52211326,0.52211326,0.6921470165252686
HG_BraTS20_Training_020,0.87257624,0.794894,0.36683336,0.36683336,0.6781012217203776
HG_BraTS20_Training_070,0.83497876,0.7125638,0.3162782,0.3162782,0.6212735970815023
HG_BraTS20_Training_089,0.8212782,0.38891435,0.35964033,0.35964033,0.5232776403427124
HG_BraTS20_Training_119,0.6082116,0.74657905,0.3858618,0.3858618,0.5802175203959147
HG_BraTS20_Training_124,0.90534437,0.732288,0.44259512,0.44259512,0.6934091250101725
HG_BraTS20_Training_128,0.8356677,0.16728507,0.15254621,0.15254621,0.38516632715861004
HG_BraTS20_Training_134,0.8394791,0.7896033,0.44224966,0.44224966,0.6904439926147461
HG_BraTS20_Training_140,0.8995211,0.8064826,0.3195116,0.3195116,0.6751717726389567
HG_BraTS20_Training_150,0.8691128,0.7407909,0.550323,0.550323,0.7200756072998047
HG_BraTS20_Training_180,0.676389,0.48716426,0.40435532,0.40435532,0.5226361751556396
HG_BraTS20_Training_188,0.68846506,0.713179,0.57459414,0.57459414,0.6587460438410441
HG_BraTS20_Training_191,0.9132711,0.47608683,0.31814378,0.31814378,0.5691672166188558
HG_BraTS20_Training_201,0.88146794,0.8692137,0.7392221,0.7392221,0.8299678961435953
HG_BraTS20_Training_211,0.80928993,0.79768753,0.54900104,0.54900104,0.7186594804128011
HG_BraTS20_Training_212,0.8704335,0.7723722,0.4172677,0.4172677,0.6866911252339681
HG_BraTS20_Training_226,0.8493546,0.8335108,0.45018825,0.45018825,0.7110178470611572
HG_BraTS20_Training_232,0.7644561,0.47229356,0.35002947,0.35002947,0.5289263725280762
HG_BraTS20_Training_241,0.87554806,0.58557236,0.511066,0.511066,0.6573954423268636
HG_BraTS20_Training_245,0.87419546,0.824277,0.6473993,0.6473993,0.7819573084513346
HG_BraTS20_Training_246,0.8631851,0.7718685,0.55478716,0.55478716,0.7299469312032064
HG_BraTS20_Training_336,0.9148138,0.857168,0.5977161,0.5977161,0.7898993492126465
HG_BraTS20_Training_338,0.9129253,0.8038349,0.5439701,0.5439701,0.7535767555236816
HG_BraTS20_Training_344,0.8696285,0.7677683,0.41377214,0.41377214,0.683722972869873
HG_BraTS20_Training_352,0.88276106,0.32799006,0.45592335,0.45592335,0.5555581251780192
LG_BraTS20_Training_262,0.8345851,0.27575758,4.919565e-13,4.919565e-13,0.37011420726776123
LG_BraTS20_Training_275,0.69085,0.21668312,3.5523977e-12,3.5523977e-12,0.3025110562642415
LG_BraTS20_Training_278,0.81950486,0.5812091,5.2709253e-13,5.2709253e-13,0.4669046401977539
LG_BraTS20_Training_283,0.91474575,0.38334626,0.43484032,0.43484032,0.5776441097259521
LG_BraTS20_Training_291,0.9455029,0.6705252,0.004698407,0.004698407,0.5402421553929647
LG_BraTS20_Training_292,0.8568113,0.79944444,0.21761967,0.21761967,0.6246251265207926
LG_BraTS20_Training_294,0.855337,0.6990988,6.496459e-13,6.496459e-13,0.5181452830632528
LG_BraTS20_Training_297,0.74801564,0.6717135,8.256275e-13,8.256275e-13,0.4732430378595988
LG_BraTS20_Training_310,0.86392975,0.78022087,4.6961583e-13,4.6961583e-13,0.5480502049128214
LG_BraTS20_Training_324,0.7860448,0.29179564,1.3260841e-12,1.3260841e-12,0.35928014914194745
flairt1
HG_BraTS20_Training_010,0.7325523,0.6254265,0.39656115,0.39656115,0.5848466555277506
HG_BraTS20_Training_012,0.8496391,0.6961316,0.43583056,0.43583056,0.6605337460835775
HG_BraTS20_Training_020,0.8885319,0.7703286,0.31778437,0.31778437,0.6588815848032633
HG_BraTS20_Training_070,0.89726174,0.74738437,0.34656525,0.34656525,0.6637371381123861
HG_BraTS20_Training_089,0.8388675,0.40958023,0.32809785,0.32809785,0.5255151589711508
HG_BraTS20_Training_119,0.78511816,0.7258856,0.2986205,0.2986205,0.603208065032959
HG_BraTS20_Training_124,0.9254189,0.73570436,0.4162753,0.4162753,0.6924661795298258
HG_BraTS20_Training_128,0.82262206,0.15963116,0.1493474,0.1493474,0.3772002061208089
HG_BraTS20_Training_134,0.8161985,0.6723471,0.38229728,0.38229728,0.6236143112182617
HG_BraTS20_Training_140,0.9276127,0.82722604,0.46777782,0.46777782,0.7408721446990967
HG_BraTS20_Training_150,0.88575333,0.71914554,0.6516556,0.6516556,0.7521848678588867
HG_BraTS20_Training_180,0.73362833,0.6710668,0.60569113,0.60569113,0.6701287428538004
HG_BraTS20_Training_188,0.6900871,0.51094127,0.40702245,0.40702245,0.5360169410705566
HG_BraTS20_Training_191,0.92106926,0.60901827,0.52410334,0.52410334,0.6847302913665771
HG_BraTS20_Training_201,0.9188271,0.7860291,0.75434214,0.75434214,0.8197327454884847
HG_BraTS20_Training_211,0.8602257,0.7631681,0.5381659,0.5381659,0.7205198605855306
HG_BraTS20_Training_212,0.7114686,0.44007534,0.24970637,0.24970637,0.4670834143956502
HG_BraTS20_Training_226,0.86775684,0.80418754,0.61264306,0.61264306,0.7615291277567545
HG_BraTS20_Training_232,0.8892795,0.49002218,0.35907015,0.35907015,0.5794572830200195
HG_BraTS20_Training_241,0.8827882,0.5072328,0.43502644,0.43502644,0.6083491245905558
HG_BraTS20_Training_245,0.8429375,0.7317217,0.5610924,0.5610924,0.7119172414143881
HG_BraTS20_Training_246,0.86981326,0.5816014,0.4470567,0.4470567,0.6328237851460775
HG_BraTS20_Training_336,0.9233839,0.87003094,0.6381329,0.6381329,0.8105158805847168
HG_BraTS20_Training_338,0.8747498,0.7759669,0.5898348,0.5898348,0.7468504905700684
HG_BraTS20_Training_344,0.89953333,0.69047433,0.41888455,0.41888455,0.669630765914917
HG_BraTS20_Training_352,0.6407097,0.35632998,0.4025772,0.4025772,0.466538945833842
LG_BraTS20_Training_262,0.85825926,0.34356204,5.0880226e-13,5.0880226e-13,0.4006071090698242
LG_BraTS20_Training_275,0.6832451,0.3366999,2.15378e-12,2.15378e-12,0.33998167514801025
LG_BraTS20_Training_278,0.84935004,0.6230298,3.3923604e-13,3.3923604e-13,0.49079330762227374
LG_BraTS20_Training_283,0.9040961,0.4164253,0.42647704,0.42647704,0.5823328097661337
LG_BraTS20_Training_291,0.9316852,0.7376156,0.0048335125,0.0048335125,0.5580447514851888
LG_BraTS20_Training_292,0.8306129,0.74636173,0.17121814,0.17121814,0.5827309290568033
LG_BraTS20_Training_294,0.89028394,0.6916638,2.903769e-13,2.903769e-13,0.5273159344991049
LG_BraTS20_Training_297,0.65186083,0.63850355,9.160025e-13,9.160025e-13,0.4301214615503947
LG_BraTS20_Training_310,0.91281736,0.7303726,2.4911564e-13,2.4911564e-13,0.5477299690246582
LG_BraTS20_Training_324,0.85336024,0.42266086,9.805844e-13,9.805844e-13,0.42534037431081134
t1cet1
HG_BraTS20_Training_010,0.45632747,0.77971745,0.83067185,0.83067185,0.6889055569966634
HG_BraTS20_Training_012,0.6769035,0.77635753,0.72540706,0.72540706,0.7262226740519205
HG_BraTS20_Training_020,0.7901519,0.66704935,0.6125819,0.6125819,0.6899277369181315
HG_BraTS20_Training_070,0.6999336,0.78288877,0.6604503,0.6604503,0.714424212773641
HG_BraTS20_Training_089,0.76940656,0.7793444,0.9143865,0.9143865,0.8210457960764567
HG_BraTS20_Training_119,0.57123965,0.8578704,0.75647366,0.75647366,0.7285278638203939
HG_BraTS20_Training_124,0.81052667,0.8711893,0.8064512,0.8064512,0.8293890953063965
HG_BraTS20_Training_128,0.1798725,0.47430408,0.49282023,7.836991e-12,0.3823322852452596
HG_BraTS20_Training_134,0.7110838,0.76174104,0.6932738,0.6932738,0.7220328648885092
HG_BraTS20_Training_140,0.874424,0.90116954,0.81154174,0.81154174,0.8623784383138021
HG_BraTS20_Training_150,0.8148823,0.9119231,0.91411304,0.91411304,0.8803061644236246
HG_BraTS20_Training_180,0.7072294,0.83516616,0.8327418,0.8327418,0.7917124430338541
HG_BraTS20_Training_188,0.4950972,0.7829436,0.7061097,0.7061097,0.6613834698994955
HG_BraTS20_Training_191,0.69030654,0.72806835,0.72659963,0.72659963,0.7149914900461832
HG_BraTS20_Training_201,0.8008664,0.9360565,0.8413333,0.8413333,0.859418789545695
HG_BraTS20_Training_211,0.7520742,0.91597754,0.83259934,0.83259934,0.8335503737131754
HG_BraTS20_Training_212,0.617394,0.59011286,0.6473182,0.6473182,0.618275006612142
HG_BraTS20_Training_226,0.7622938,0.91342825,0.88651115,0.88651115,0.8540777365366617
HG_BraTS20_Training_232,0.66129416,0.8201085,0.7351182,0.7351182,0.7388402620951334
HG_BraTS20_Training_241,0.7014809,0.78314734,0.7846376,0.7846376,0.7564218839009603
HG_BraTS20_Training_245,0.8160304,0.75127274,0.753108,0.753108,0.773470401763916
HG_BraTS20_Training_246,0.7460105,0.71949667,0.85121775,0.85121775,0.7722415924072266
HG_BraTS20_Training_336,0.81466824,0.8717036,0.80866265,0.80866265,0.8316781520843506
HG_BraTS20_Training_338,0.84124583,0.9446164,0.891835,0.891835,0.8925657272338867
HG_BraTS20_Training_344,0.8119753,0.68723804,0.588796,0.588796,0.6960031191507975
HG_BraTS20_Training_352,0.76839644,0.78683066,0.86534715,0.86534715,0.8068580627441406
LG_BraTS20_Training_262,0.7468343,0.45026892,3.6416608e-12,3.6416608e-12,0.39903442064921063
LG_BraTS20_Training_275,0.24808788,0.124925844,9.551099e-12,9.551099e-12,0.12433791160583496
LG_BraTS20_Training_278,0.2587304,0.0028798599,2.800336e-12,2.800336e-12,0.0872034231821696
LG_BraTS20_Training_283,0.5062449,0.82164174,0.8191558,0.8191558,0.7156807581583658
LG_BraTS20_Training_291,0.75109464,0.64038974,0.028310789,0.028310789,0.47326505184173584
LG_BraTS20_Training_292,0.7958738,0.55141747,0.41819847,0.41819847,0.5884965658187866
LG_BraTS20_Training_294,0.7012989,0.34103286,1.923077e-12,1.923077e-12,0.3474438985188802
LG_BraTS20_Training_297,0.26442242,0.19187152,1.06382975e-11,1.06382975e-11,0.15209798018137613
LG_BraTS20_Training_310,0.68455267,0.24854586,1.036162e-12,1.036162e-12,0.31103285153706867
LG_BraTS20_Training_324,0.554171,0.022309022,3.68053e-12,3.68053e-12,0.1921600103378296
t1cet2
HG_BraTS20_Training_010,0.63017744,0.72038907,0.76003265,0.76003265,0.7035330136617025
HG_BraTS20_Training_012,0.78159773,0.742798,0.6868021,0.6868021,0.7370659510294596
HG_BraTS20_Training_020,0.8395256,0.76790684,0.57703686,0.57703686,0.7281564076741537
HG_BraTS20_Training_070,0.7808096,0.86414635,0.64967346,0.64967346,0.7648764451344808
HG_BraTS20_Training_089,0.85006183,0.6167781,0.8651685,0.8651685,0.7773361206054688
HG_BraTS20_Training_119,0.6343321,0.81808186,0.69410044,0.69410044,0.7155048052469889
HG_BraTS20_Training_124,0.90658724,0.87969303,0.84265774,0.84265774,0.8763126532236735
HG_BraTS20_Training_128,0.8243125,0.3380352,0.37945879,0.37945879,0.5139354864756266
HG_BraTS20_Training_134,0.80483353,0.799748,0.6871027,0.6871027,0.7638947168986002
HG_BraTS20_Training_140,0.9262431,0.9010555,0.7985771,0.7985771,0.87529190381368
HG_BraTS20_Training_150,0.9027117,0.92796034,0.9218058,0.9218058,0.9174926280975342
HG_BraTS20_Training_180,0.65534484,0.6993631,0.7953435,0.7953435,0.7166838645935059
HG_BraTS20_Training_188,0.63800603,0.7430092,0.65133137,0.65133137,0.6774489084879557
HG_BraTS20_Training_191,0.88581383,0.8166889,0.805685,0.805685,0.8360625902811686
HG_BraTS20_Training_201,0.8634789,0.90551716,0.85541415,0.85541415,0.874803384145101
HG_BraTS20_Training_211,0.8240537,0.9150698,0.81827754,0.81827754,0.8524670600891113
HG_BraTS20_Training_212,0.8294438,0.80038214,0.6675813,0.6675813,0.7658023834228516
HG_BraTS20_Training_226,0.85041517,0.9256174,0.89027697,0.89027697,0.8887698650360107
HG_BraTS20_Training_232,0.7120409,0.8037465,0.7152548,0.7152548,0.7436807155609131
HG_BraTS20_Training_241,0.8256355,0.7272714,0.7463616,0.7463616,0.7664228280385336
HG_BraTS20_Training_245,0.8388108,0.7733412,0.7619009,0.7619009,0.7913510004679362
HG_BraTS20_Training_246,0.8035263,0.7814718,0.8141049,0.8141049,0.7997010548909506
HG_BraTS20_Training_336,0.9000042,0.92941105,0.86455494,0.86455494,0.8979900677998861
HG_BraTS20_Training_338,0.90102893,0.94564277,0.89784503,0.89784503,0.914838949839274
HG_BraTS20_Training_344,0.85471386,0.7351246,0.6174648,0.6174648,0.7357677618662516
HG_BraTS20_Training_352,0.87993336,0.6759762,0.85597324,0.85597324,0.8039609591166178
LG_BraTS20_Training_262,0.85987175,0.34110767,1.6189089e-12,1.6189089e-12,0.4003264904022217
LG_BraTS20_Training_275,0.660927,0.25661215,1.9504582e-12,1.9504582e-12,0.305846373240153
LG_BraTS20_Training_278,0.7031042,0.03972168,2.0855058e-12,2.0855058e-12,0.2476086219151815
LG_BraTS20_Training_283,0.8872755,0.7403739,0.85045826,0.85045826,0.8260358969370524
LG_BraTS20_Training_291,0.9293722,0.74030715,0.008970219,0.008970219,0.559549887975057
LG_BraTS20_Training_292,0.88004553,0.7085953,0.36975542,0.36975542,0.6527987321217855
LG_BraTS20_Training_294,0.87432563,0.5321145,2.2036138e-12,2.2036138e-12,0.46881337960561115
LG_BraTS20_Training_297,0.69750553,0.57537895,1.4046917e-12,1.4046917e-12,0.4242948293685913
LG_BraTS20_Training_310,0.8538853,0.53277683,1.2459506e-12,1.2459506e-12,0.4622207085291545
LG_BraTS20_Training_324,0.6878619,0.055189427,2.1417863e-12,2.1417863e-12,0.24768378337224325
flair
HG_BraTS20_Training_010,0.72731227,0.6161753,0.40664694,0.40664694,0.5833781560262045
HG_BraTS20_Training_012,0.83640534,0.62078106,0.31382352,0.31382352,0.5903366406758627
HG_BraTS20_Training_020,0.882463,0.7551793,0.34177342,0.34177342,0.6598052183787028
HG_BraTS20_Training_070,0.8778798,0.57622606,0.21529026,0.21529026,0.5564653873443604
HG_BraTS20_Training_089,0.8134395,0.47519678,0.254885,0.254885,0.5145070552825928
HG_BraTS20_Training_119,0.7913296,0.79675996,0.4986178,0.4986178,0.695569117863973
HG_BraTS20_Training_124,0.92003614,0.81542563,0.39058486,0.39058486,0.7086822191874186
HG_BraTS20_Training_128,0.82785594,0.14189662,0.06026322,0.06026322,0.34333860874176025
HG_BraTS20_Training_134,0.75010055,0.4869536,0.22836243,0.22836243,0.4884721835454305
HG_BraTS20_Training_140,0.93305236,0.8271749,0.56408036,0.56408036,0.774769147237142
HG_BraTS20_Training_150,0.79761547,0.54909366,0.39455333,0.39455333,0.5804208119710287
HG_BraTS20_Training_180,0.74937505,0.730487,0.56004876,0.56004876,0.6799702644348145
HG_BraTS20_Training_188,0.6027153,0.20380703,0.1269124,0.1269124,0.31114492813746136
HG_BraTS20_Training_191,0.9306327,0.6328488,0.41437235,0.41437235,0.6592846314112345
HG_BraTS20_Training_201,0.9342702,0.8193234,0.5285627,0.5285627,0.760718822479248
HG_BraTS20_Training_211,0.85233593,0.7753932,0.47677705,0.47677705,0.7015020847320557
HG_BraTS20_Training_212,0.69348943,0.36734384,0.18963988,0.18963988,0.41682438055674237
HG_BraTS20_Training_226,0.8631873,0.69411874,0.42362502,0.42362502,0.6603103478749593
HG_BraTS20_Training_232,0.8655597,0.5559803,0.39225656,0.39225656,0.6045988400777181
HG_BraTS20_Training_241,0.8531736,0.31407347,0.2937423,0.2937423,0.48699645201365155
HG_BraTS20_Training_245,0.7548058,0.6454501,0.42554328,0.42554328,0.6085997422536215
HG_BraTS20_Training_246,0.7921378,0.33947647,0.27164727,0.27164727,0.467753807703654
HG_BraTS20_Training_336,0.9246401,0.8141677,0.5736561,0.5736561,0.7708212534586588
HG_BraTS20_Training_338,0.8293481,0.6605901,0.4827678,0.4827678,0.6575686931610107
HG_BraTS20_Training_344,0.86055857,0.7508297,0.5114373,0.5114373,0.7076085408528646
HG_BraTS20_Training_352,0.54708356,0.33460784,0.26780388,0.26780388,0.38316508134206134
LG_BraTS20_Training_262,0.8625062,0.2504081,6.0797667e-13,6.0797667e-13,0.3709714412689209
LG_BraTS20_Training_275,0.7308596,0.2997151,3.834356e-12,3.834356e-12,0.34352489312489826
LG_BraTS20_Training_278,0.8085669,0.53975344,1.0018032e-12,1.0018032e-12,0.4494401216506958
LG_BraTS20_Training_283,0.9214339,0.4905198,0.3547728,0.3547728,0.588908831278483
LG_BraTS20_Training_291,0.9296232,0.78613627,0.0034989917,0.0034989917,0.5730861822764078
LG_BraTS20_Training_292,0.6613295,0.30391362,0.22143698,0.22143698,0.39556002616882324
LG_BraTS20_Training_294,0.8759343,0.6117176,4.8285854e-13,4.8285854e-13,0.4958839416503906
LG_BraTS20_Training_297,0.31944397,0.00073400483,1.1111111e-09,1.0,0.10672599077224731
LG_BraTS20_Training_310,0.87530494,0.65669495,3.218746e-13,3.218746e-13,0.5106666088104248
LG_BraTS20_Training_324,0.7949267,0.32774076,8.6340874e-13,8.6340874e-13,0.37422247727711994
t1
HG_BraTS20_Training_010,0.46739,0.6625422,0.36861935,0.36861935,0.49951716264088947
HG_BraTS20_Training_012,0.69255674,0.6953886,0.5801141,0.5801141,0.6560198465983073
HG_BraTS20_Training_020,0.8214292,0.6733441,0.27984446,0.27984446,0.591539223988851
HG_BraTS20_Training_070,0.7798141,0.7072384,0.30200756,0.30200756,0.5963533322016398
HG_BraTS20_Training_089,0.76139444,0.41218102,0.45859668,0.45859668,0.5440573692321777
HG_BraTS20_Training_119,0.5476186,0.6224026,0.35156322,0.35156322,0.5071948369344076
HG_BraTS20_Training_124,0.79491335,0.6419806,0.36289567,0.36289567,0.5999298890431722
HG_BraTS20_Training_128,0.102735974,0.0010571523,0.00093209057,0.00093209057,0.03490840643644333
HG_BraTS20_Training_134,0.5308771,0.5702383,0.19921026,0.19921026,0.4334419171015422
HG_BraTS20_Training_140,0.8446801,0.85887927,0.19792499,0.19792499,0.6338281234105428
HG_BraTS20_Training_150,0.7781279,0.57611966,0.46225974,0.46225974,0.6055024464925131
HG_BraTS20_Training_180,0.59083456,0.38241425,0.25881547,0.25881547,0.4106880823771159
HG_BraTS20_Training_188,0.49787915,0.754333,0.63539547,0.63539547,0.6292025248209635
HG_BraTS20_Training_191,0.5388481,0.24628916,0.24556541,0.24556541,0.34356757005055744
HG_BraTS20_Training_201,0.7072633,0.5306545,0.44838107,0.44838107,0.5620996157328287
HG_BraTS20_Training_211,0.70317554,0.76658016,0.53080386,0.53080386,0.6668531894683838
HG_BraTS20_Training_212,0.65292096,0.40770173,0.22495808,0.22495808,0.42852691809336346
HG_BraTS20_Training_226,0.77143127,0.67951596,0.2164317,0.2164317,0.5557930072148641
HG_BraTS20_Training_232,0.5997394,0.24037927,0.15446362,0.15446362,0.33152743180592853
HG_BraTS20_Training_241,0.80717283,0.5104539,0.28564543,0.28564543,0.5344240665435791
HG_BraTS20_Training_245,0.7307758,0.5663562,0.4022361,0.4022361,0.5664560397466024
HG_BraTS20_Training_246,0.8180205,0.59238875,0.30859146,0.30859146,0.5730002323786417
HG_BraTS20_Training_336,0.8163445,0.8291295,0.5640846,0.5640846,0.7365194956461588
HG_BraTS20_Training_338,0.7828779,0.68030787,0.4139356,0.4139356,0.6257071495056152
HG_BraTS20_Training_344,0.8224248,0.66475064,0.38306138,0.38306138,0.623412291208903
HG_BraTS20_Training_352,0.7556403,0.18409692,0.27946788,0.27946788,0.4064017136891683
LG_BraTS20_Training_262,0.5686403,0.6121152,2.0052135e-12,2.0052135e-12,0.39358516534169513
LG_BraTS20_Training_275,0.15385488,5.5620444e-13,1.3758943e-12,1.3758943e-12,0.051284958918889366
LG_BraTS20_Training_278,0.5291386,0.37773153,9.482268e-13,9.482268e-13,0.30229004224141437
LG_BraTS20_Training_283,2.150029e-13,8.7504374e-13,8.865248e-13,8.865248e-13,6.588571557543851e-13
LG_BraTS20_Training_291,0.81640804,0.67612445,0.0069500133,0.0069500133,0.49982750415802
LG_BraTS20_Training_292,0.78914195,0.7899774,0.18984158,0.18984158,0.5896536509195963
LG_BraTS20_Training_294,0.7318433,0.60197616,6.164468e-13,6.164468e-13,0.4446064631144206
LG_BraTS20_Training_297,0.40217215,0.61435133,2.5367833e-12,2.5367833e-12,0.33884116013844806
LG_BraTS20_Training_310,0.7636742,0.6451919,5.8264873e-13,5.8264873e-13,0.46962205568949383
LG_BraTS20_Training_324,0.5289075,0.18484204,3.699593e-12,3.699593e-12,0.23791650931040445
t1c
HG_BraTS20_Training_010,0.43292463,0.7473387,0.8259214,0.8259214,0.6687281926472982
HG_BraTS20_Training_012,0.5255911,0.502761,0.48646536,0.48646536,0.5049391190210978
HG_BraTS20_Training_020,0.6587219,0.5873337,0.5804129,0.5804129,0.6088228225708008
HG_BraTS20_Training_070,0.5412714,0.6927714,0.6069579,0.6069579,0.6136668920516968
HG_BraTS20_Training_089,0.7314198,0.71776867,0.9392676,0.9392676,0.7961520353953043
HG_BraTS20_Training_119,0.54250634,0.8338379,0.7324579,0.7324579,0.7029340267181396
HG_BraTS20_Training_124,0.57014066,0.55803967,0.6025688,0.6025688,0.5769163767496744
HG_BraTS20_Training_128,2.7050421e-13,7.1890727e-12,7.836991e-12,7.836991e-12,5.098855943945028e-12
HG_BraTS20_Training_134,0.643315,0.6435329,0.64232063,0.64232063,0.6430561542510986
HG_BraTS20_Training_140,0.83399576,0.8509483,0.79109067,0.79109067,0.8253448804219564
HG_BraTS20_Training_150,0.7648463,0.919209,0.9209763,0.9209763,0.8683438301086426
HG_BraTS20_Training_180,0.6061008,0.69624984,0.7620829,0.7620829,0.6881445248921713
HG_BraTS20_Training_188,0.48122057,0.77604336,0.7092127,0.7092127,0.6554922262827555
HG_BraTS20_Training_191,0.6738948,0.772384,0.7522334,0.7522334,0.7328373591105143
HG_BraTS20_Training_201,0.7424908,0.89198804,0.8384092,0.8384092,0.8242959976196289
HG_BraTS20_Training_211,0.73728764,0.90708464,0.82836545,0.82836545,0.8242459297180176
HG_BraTS20_Training_212,0.52153635,0.49043697,0.6089091,0.6089091,0.5402941703796387
HG_BraTS20_Training_226,0.7486138,0.9142833,0.89359087,0.89359087,0.8521626790364584
HG_BraTS20_Training_232,0.61170536,0.78514427,0.7639381,0.7639381,0.72026260693868
HG_BraTS20_Training_241,0.5424081,0.69208723,0.692805,0.692805,0.6424334843953451
HG_BraTS20_Training_245,0.69493896,0.6843753,0.7048555,0.7048555,0.6947232087453207
HG_BraTS20_Training_246,0.57762104,0.72378,0.84934217,0.84934217,0.7169144153594971
HG_BraTS20_Training_336,0.7633793,0.82840765,0.8051856,0.8051856,0.798990805943807
HG_BraTS20_Training_338,0.8105573,0.92470837,0.88165426,0.88165426,0.8723066647847494
HG_BraTS20_Training_344,0.7179102,0.63550335,0.50088686,0.50088686,0.6181001663208008
HG_BraTS20_Training_352,0.7870054,0.66971815,0.8557319,0.8557319,0.7708184719085693
LG_BraTS20_Training_262,0.7312826,0.4921008,3.3112582e-12,3.3112582e-12,0.4077944755554199
LG_BraTS20_Training_275,0.090240605,0.03169308,4.273504e-11,1.0,0.04064456125100454
LG_BraTS20_Training_278,0.111738205,0.0014435222,1.6900457e-12,1.6900457e-12,0.03772724171479543
LG_BraTS20_Training_283,0.52262294,0.8585297,0.8620283,0.8620283,0.7477269967397054
LG_BraTS20_Training_291,0.60718393,0.61158067,0.0055737705,0.0055737705,0.4081127643585205
LG_BraTS20_Training_292,0.6645518,0.5893861,0.31441247,0.31441247,0.5227834781010946
LG_BraTS20_Training_294,0.44165766,0.23806168,1.572327e-12,1.572327e-12,0.22657310962677002
LG_BraTS20_Training_297,0.3107119,0.36903596,2.7210883e-12,2.7210883e-12,0.22658260663350424
LG_BraTS20_Training_310,0.56083137,0.2538506,6.4205455e-13,6.4205455e-13,0.2715606689453125
LG_BraTS20_Training_324,0.46411783,0.033244584,2.3402762e-12,2.3402762e-12,0.16578746835390726
t2
HG_BraTS20_Training_010,0.6676542,0.60259324,0.3113216,0.3113216,0.5271896918614706
HG_BraTS20_Training_012,0.83316284,0.6711276,0.4431038,0.4431038,0.6491314172744751
HG_BraTS20_Training_020,0.86907923,0.75045526,0.35657078,0.35657078,0.6587017377217611
HG_BraTS20_Training_070,0.7755367,0.64436114,0.25429213,0.25429213,0.5580633083979288
HG_BraTS20_Training_089,0.8131673,0.42494777,0.34883934,0.34883934,0.528984785079956
HG_BraTS20_Training_119,0.61688673,0.75460124,0.3715301,0.3715301,0.5810060103734335
HG_BraTS20_Training_124,0.89177114,0.7487206,0.37576076,0.37576076,0.6720841725667318
HG_BraTS20_Training_128,0.81498027,0.18205844,0.18782772,0.18782772,0.39495547612508136
HG_BraTS20_Training_134,0.7978868,0.692261,0.34947532,0.34947532,0.613207737604777
HG_BraTS20_Training_140,0.9024735,0.79630786,0.2833982,0.2833982,0.6607265472412109
HG_BraTS20_Training_150,0.8728855,0.73741907,0.52169997,0.52169997,0.710668166478475
HG_BraTS20_Training_180,0.64577496,0.4635682,0.23300418,0.23300418,0.4474491278330485
HG_BraTS20_Training_188,0.6747174,0.7564752,0.5800932,0.5800932,0.6704285939534506
HG_BraTS20_Training_191,0.91731703,0.5329361,0.25979775,0.25979775,0.5700169404347738
HG_BraTS20_Training_201,0.8696145,0.8468743,0.6265321,0.6265321,0.7810069719950358
HG_BraTS20_Training_211,0.805988,0.80630964,0.57727295,0.57727295,0.7298568884531657
HG_BraTS20_Training_212,0.8472524,0.670394,0.33099487,0.33099487,0.6162137587865194
HG_BraTS20_Training_226,0.8517679,0.81345254,0.36701435,0.36701435,0.6774116357167562
HG_BraTS20_Training_232,0.73784125,0.5809836,0.3950578,0.3950578,0.5712941884994507
HG_BraTS20_Training_241,0.814555,0.47126058,0.42219862,0.42219862,0.5693380832672119
HG_BraTS20_Training_245,0.7998559,0.8040907,0.5284586,0.5284586,0.7108017603556315
HG_BraTS20_Training_246,0.8028876,0.6808532,0.43406886,0.43406886,0.6392699082692465
HG_BraTS20_Training_336,0.93222415,0.7719093,0.4993597,0.4993597,0.7344977060953776
HG_BraTS20_Training_338,0.89880675,0.7694127,0.4807333,0.4807333,0.7163175741831461
HG_BraTS20_Training_344,0.8542368,0.7633514,0.34137434,0.34137434,0.6529874801635742
HG_BraTS20_Training_352,0.8896937,0.46715906,0.39134333,0.39134333,0.5827320416768392
LG_BraTS20_Training_262,0.8365474,0.23740456,6.642753e-13,6.642753e-13,0.3579839865366618
LG_BraTS20_Training_275,0.72204983,0.21586022,4.761905e-12,4.761905e-12,0.3126366933186849
LG_BraTS20_Training_278,0.8093312,0.5437302,8.707767e-13,8.707767e-13,0.4510204792022705
LG_BraTS20_Training_283,0.8850604,0.39006454,0.3612423,0.3612423,0.5454557736714681
LG_BraTS20_Training_291,0.94164264,0.6893427,0.008428219,0.008428219,0.5464711586634318
LG_BraTS20_Training_292,0.874457,0.52008885,0.24022347,0.24022347,0.5449230670928955
LG_BraTS20_Training_294,0.87599885,0.6202773,8.56311e-13,8.56311e-13,0.4987587134043376
LG_BraTS20_Training_297,0.7007492,0.5144643,1.1791062e-12,1.1791062e-12,0.4050711790720622
LG_BraTS20_Training_310,0.8249976,0.692102,1.1784115e-12,1.1784115e-12,0.505699872970581
LG_BraTS20_Training_324,0.7517999,0.2749522,1.0792143e-12,1.0792143e-12,0.3422507047653198
WT Dice,TC Dice,ET Dice,ETPro Dice,WT HD95,TC HD95,ET HD95ETPro HD95
flairt1cet1t2
HG_BraTS20_Training_010,0.78680027,0.7560099,0.80462575,0.80462575,0.7824786504109701
HG_BraTS20_Training_012,0.8566082,0.8682479,0.76323646,0.76323646,0.8293642203013102
HG_BraTS20_Training_020,0.88923365,0.803152,0.6005088,0.6005088,0.7642981211344401
HG_BraTS20_Training_070,0.8985372,0.8375801,0.65759355,0.65759355,0.7979036172231039
HG_BraTS20_Training_089,0.84416914,0.56166613,0.85079473,0.85079473,0.7522099812825521
HG_BraTS20_Training_119,0.8040749,0.8525559,0.7061164,0.7061164,0.7875823974609375
HG_BraTS20_Training_124,0.91934144,0.9039859,0.8629184,0.8629184,0.8954152266184489
HG_BraTS20_Training_128,0.85226935,0.3923921,0.4311041,0.4311041,0.5585885047912598
HG_BraTS20_Training_134,0.84713656,0.81900513,0.7157044,0.7157044,0.7939487298329672
HG_BraTS20_Training_140,0.9315727,0.8981002,0.80041903,0.80041903,0.876697301864624
HG_BraTS20_Training_150,0.9307348,0.8979057,0.90745825,0.90745825,0.9120329221089681
HG_BraTS20_Training_180,0.69972575,0.76018757,0.8325808,0.8325808,0.7641646862030029
HG_BraTS20_Training_188,0.732738,0.77481663,0.68727297,0.68727297,0.7316091855367025
HG_BraTS20_Training_191,0.9233432,0.80025756,0.75750595,0.75750595,0.8270355860392252
HG_BraTS20_Training_201,0.9151187,0.9280256,0.8494244,0.8494244,0.8975229263305664
HG_BraTS20_Training_211,0.87193555,0.9081335,0.82242715,0.82242715,0.8674987157185873
HG_BraTS20_Training_212,0.84246075,0.7536549,0.64832366,0.64832366,0.7481463750203451
HG_BraTS20_Training_226,0.89435685,0.9308489,0.89112437,0.89112437,0.9054433504740397
HG_BraTS20_Training_232,0.82983947,0.7818764,0.69530094,0.69530094,0.7690056165059408
HG_BraTS20_Training_241,0.87085694,0.75688547,0.7568892,0.7568892,0.7948772112528483
HG_BraTS20_Training_245,0.8862082,0.81204075,0.77554995,0.77554995,0.8245995839436849
HG_BraTS20_Training_246,0.88177013,0.75199234,0.8239558,0.8239558,0.8192394574483236
HG_BraTS20_Training_336,0.9140028,0.93027925,0.8617217,0.8617217,0.9020012219746908
HG_BraTS20_Training_338,0.9279779,0.9432855,0.8966975,0.8966975,0.9226536750793457
HG_BraTS20_Training_344,0.8775247,0.7719298,0.5904009,0.5904009,0.7466184298197428
HG_BraTS20_Training_352,0.8590995,0.64265615,0.83739674,0.83739674,0.7797174453735352
LG_BraTS20_Training_262,0.86820525,0.3754762,1.9565643e-12,1.9565643e-12,0.4145604769388835
LG_BraTS20_Training_275,0.76765376,0.17850126,3.4458994e-12,3.4458994e-12,0.31538500388463336
LG_BraTS20_Training_278,0.815074,0.1738138,3.7551633e-12,3.7551633e-12,0.3296292821566264
LG_BraTS20_Training_283,0.9390857,0.7358775,0.80329204,0.80329204,0.826085090637207
LG_BraTS20_Training_291,0.9415098,0.7556747,0.022495274,0.022495274,0.5732266108194987
LG_BraTS20_Training_292,0.8890533,0.7495724,0.41200197,0.41200197,0.6835425694783529
LG_BraTS20_Training_294,0.9025545,0.6985921,1.6110842e-12,1.6110842e-12,0.533715565999349
LG_BraTS20_Training_297,0.716375,0.51513404,2.5471218e-12,2.5471218e-12,0.41050299008687335
LG_BraTS20_Training_310,0.8902275,0.5965723,6.86766e-13,6.86766e-13,0.495599905649821
LG_BraTS20_Training_324,0.9044017,0.13334034,4.0783032e-12,4.0783032e-12,0.34591400623321533
t1cet1t2
HG_BraTS20_Training_010,0.7000849,0.7222694,0.7967729,0.7967729,0.7397090593973795
HG_BraTS20_Training_012,0.82703424,0.84259653,0.7569662,0.7569662,0.8088656266530355
HG_BraTS20_Training_020,0.8561917,0.7745798,0.5881792,0.5881792,0.7396502494812012
HG_BraTS20_Training_070,0.8095985,0.8493436,0.67107797,0.67107797,0.7766733169555664
HG_BraTS20_Training_089,0.82228744,0.6318443,0.8831259,0.8831259,0.7790858745574951
HG_BraTS20_Training_119,0.6376264,0.86746573,0.7320447,0.7320447,0.7457122802734375
HG_BraTS20_Training_124,0.90629923,0.9058443,0.8462709,0.8462709,0.886138121287028
HG_BraTS20_Training_128,0.8272432,0.36274084,0.36985213,0.36985213,0.5199453830718994
HG_BraTS20_Training_134,0.7878672,0.7897818,0.6947225,0.6947225,0.7574571768442789
HG_BraTS20_Training_140,0.920113,0.90470463,0.8156206,0.8156206,0.8801461060841879
HG_BraTS20_Training_150,0.8915663,0.9176551,0.9151179,0.9151179,0.9081130822499593
HG_BraTS20_Training_180,0.6710012,0.72547823,0.8032537,0.8032537,0.7332443396250407
HG_BraTS20_Training_188,0.65752757,0.76652265,0.674161,0.674161,0.6994037628173828
HG_BraTS20_Training_191,0.8908962,0.75821084,0.7607269,0.7607269,0.8032779693603516
HG_BraTS20_Training_201,0.8929031,0.93974197,0.8675352,0.8675352,0.9000600973765055
HG_BraTS20_Training_211,0.82272744,0.9213294,0.82773596,0.82773596,0.8572642803192139
HG_BraTS20_Training_212,0.8197984,0.7501292,0.66242504,0.66242504,0.7441175778706869
HG_BraTS20_Training_226,0.8527032,0.9275843,0.8846468,0.8846468,0.8883113861083984
HG_BraTS20_Training_232,0.75941014,0.79496795,0.6997182,0.6997182,0.7513654232025146
HG_BraTS20_Training_241,0.8473268,0.7915358,0.766722,0.766722,0.8018615245819092
HG_BraTS20_Training_245,0.8535342,0.80950946,0.7812198,0.7812198,0.8147544860839844
HG_BraTS20_Training_246,0.8504477,0.78769755,0.8257497,0.8257497,0.8212982813517252
HG_BraTS20_Training_336,0.9068245,0.9362354,0.86759716,0.86759716,0.9035523732503256
HG_BraTS20_Training_338,0.9094164,0.95277923,0.90509635,0.90509635,0.922430674235026
HG_BraTS20_Training_344,0.8634184,0.74427783,0.6147968,0.6147968,0.7408310572306315
HG_BraTS20_Training_352,0.8880275,0.73194003,0.8506725,0.8506725,0.8235466480255127
LG_BraTS20_Training_262,0.8445239,0.411076,2.9533372e-12,2.9533372e-12,0.4185333251953125
LG_BraTS20_Training_275,0.6500511,0.20129421,2.2396416e-12,2.2396416e-12,0.2837817668914795
LG_BraTS20_Training_278,0.7474465,0.054594833,2.5879917e-12,2.5879917e-12,0.2673470973968506
LG_BraTS20_Training_283,0.90495455,0.83108294,0.8408332,0.8408332,0.8589568932851156
LG_BraTS20_Training_291,0.9273085,0.75280535,0.026781444,0.026781444,0.5689650774002075
LG_BraTS20_Training_292,0.8577532,0.7007905,0.3827312,0.3827312,0.6470916271209717
LG_BraTS20_Training_294,0.8547925,0.56551427,2.5900026e-12,2.5900026e-12,0.4734355608622233
LG_BraTS20_Training_297,0.7569883,0.5032839,1.5600624e-12,1.5600624e-12,0.4200907548268636
LG_BraTS20_Training_310,0.7820306,0.5048695,6.626905e-13,6.626905e-13,0.4289666811625163
LG_BraTS20_Training_324,0.7320137,0.015770473,6.203474e-12,6.203474e-12,0.2492613991101583
flairt1cet2
HG_BraTS20_Training_010,0.77417237,0.7771388,0.81152153,0.81152153,0.78761092821757
HG_BraTS20_Training_012,0.8582222,0.81940985,0.7239434,0.7239434,0.8005251884460449
HG_BraTS20_Training_020,0.87849563,0.78693485,0.60014033,0.60014033,0.7551902929941813
HG_BraTS20_Training_070,0.8834838,0.8270033,0.62842095,0.62842095,0.7796360651652018
HG_BraTS20_Training_089,0.85088843,0.51797473,0.837078,0.837078,0.7353137334187826
HG_BraTS20_Training_119,0.7997902,0.85085106,0.69146657,0.69146657,0.7807025909423828
HG_BraTS20_Training_124,0.9141043,0.8814626,0.84973013,0.84973013,0.8817656834920248
HG_BraTS20_Training_128,0.8657854,0.35446453,0.41968533,0.41968533,0.5466450850168864
HG_BraTS20_Training_134,0.8332332,0.79386383,0.69190246,0.69190246,0.7729998429616293
HG_BraTS20_Training_140,0.9331826,0.9018988,0.8107973,0.8107973,0.8819595177968343
HG_BraTS20_Training_150,0.9323059,0.8884189,0.9063632,0.9063632,0.9090293248494467
HG_BraTS20_Training_180,0.686952,0.7437421,0.82195,0.82195,0.7508813540140787
HG_BraTS20_Training_188,0.73949933,0.78376216,0.6953686,0.6953686,0.7395433584849039
HG_BraTS20_Training_191,0.9200373,0.83987087,0.7458229,0.7458229,0.8352437019348145
HG_BraTS20_Training_201,0.9182489,0.929392,0.8373482,0.8373482,0.8949963251749674
HG_BraTS20_Training_211,0.8766009,0.9040146,0.8255935,0.8255935,0.8687363465627035
HG_BraTS20_Training_212,0.84839827,0.7674726,0.6527727,0.6527727,0.7562145392100016
HG_BraTS20_Training_226,0.88995755,0.92005193,0.88680756,0.88680756,0.8989389737447103
HG_BraTS20_Training_232,0.82495356,0.7790813,0.69027203,0.69027203,0.7647689978281657
HG_BraTS20_Training_241,0.867068,0.7249667,0.7108046,0.7108046,0.7676130930582682
HG_BraTS20_Training_245,0.8439778,0.7564915,0.7388824,0.7388824,0.7797838846842448
HG_BraTS20_Training_246,0.85479736,0.73721004,0.79550797,0.79550797,0.7958384354909261
HG_BraTS20_Training_336,0.917666,0.9262716,0.85390943,0.85390943,0.8992823759714762
HG_BraTS20_Training_338,0.9210189,0.9413862,0.8889787,0.8889787,0.9171279271443685
HG_BraTS20_Training_344,0.8743827,0.7873847,0.578423,0.578423,0.7467301686604818
HG_BraTS20_Training_352,0.8082446,0.59640956,0.8395115,0.8395115,0.7480552196502686
LG_BraTS20_Training_262,0.85294324,0.2869789,2.020202e-12,2.020202e-12,0.3799740473429362
LG_BraTS20_Training_275,0.7832643,0.15590993,4.1771096e-12,4.1771096e-12,0.3130580584208171
LG_BraTS20_Training_278,0.80826455,0.14450987,4.214075e-12,4.214075e-12,0.31759146849314374
LG_BraTS20_Training_283,0.9343096,0.6532258,0.7795622,0.7795622,0.7890325387318929
LG_BraTS20_Training_291,0.935529,0.7525418,0.024137152,0.024137152,0.5707359711329142
LG_BraTS20_Training_292,0.8546718,0.7276814,0.410797,0.410797,0.6643833716710409
LG_BraTS20_Training_294,0.9077709,0.7326042,1.8188433e-12,1.8188433e-12,0.5467917124430338
LG_BraTS20_Training_297,0.7165304,0.5778277,2.552974e-12,2.552974e-12,0.4314526716868083
LG_BraTS20_Training_310,0.8873468,0.5942114,7.4738414e-13,7.4738414e-13,0.49385273456573486
LG_BraTS20_Training_324,0.8933082,0.13133137,3.5650623e-12,3.5650623e-12,0.34154653549194336
flairt1t2
HG_BraTS20_Training_010,0.8108096,0.6833458,0.25328815,0.25328815,0.5824811855951945
HG_BraTS20_Training_012,0.863372,0.79767454,0.4897156,0.4897156,0.7169206937154134
HG_BraTS20_Training_020,0.8943915,0.791709,0.3811553,0.3811553,0.6890852451324463
HG_BraTS20_Training_070,0.90055585,0.7009426,0.28021556,0.28021556,0.6272379557291666
HG_BraTS20_Training_089,0.84490305,0.39901048,0.26047245,0.26047245,0.5014619827270508
HG_BraTS20_Training_119,0.80327076,0.7749663,0.44611186,0.44611186,0.6747829914093018
HG_BraTS20_Training_124,0.9309307,0.78575784,0.4655583,0.4655583,0.7274155616760254
HG_BraTS20_Training_128,0.8466167,0.19560316,0.21959896,0.21959896,0.4206062952677409
HG_BraTS20_Training_134,0.86075455,0.73898286,0.35609996,0.35609996,0.6519457896550497
HG_BraTS20_Training_140,0.93015814,0.8171279,0.3084749,0.3084749,0.6852536201477051
HG_BraTS20_Training_150,0.9088309,0.7422049,0.37879938,0.37879938,0.6766117413838705
HG_BraTS20_Training_180,0.6852909,0.5819663,0.48048723,0.48048723,0.5825814803441366
HG_BraTS20_Training_188,0.7459552,0.6730551,0.46433613,0.46433613,0.6277821858723959
HG_BraTS20_Training_191,0.9373448,0.5525779,0.32150868,0.32150868,0.6038104693094889
HG_BraTS20_Training_201,0.93645394,0.87494236,0.6692139,0.6692139,0.8268701235453287
HG_BraTS20_Training_211,0.8537193,0.7960819,0.41125703,0.41125703,0.687019427617391
HG_BraTS20_Training_212,0.8515083,0.73052156,0.29941052,0.29941052,0.6271468003590902
HG_BraTS20_Training_226,0.89694005,0.8566967,0.3589479,0.3589479,0.7041949431101481
HG_BraTS20_Training_232,0.8419362,0.50495124,0.387014,0.387014,0.577967127164205
HG_BraTS20_Training_241,0.8832313,0.5664046,0.49261016,0.49261016,0.6474153200785319
HG_BraTS20_Training_245,0.8521373,0.8231504,0.635101,0.635101,0.7701296011606852
HG_BraTS20_Training_246,0.8676274,0.6690782,0.5105404,0.5105404,0.6824153264363607
HG_BraTS20_Training_336,0.92132014,0.87804955,0.5563334,0.5563334,0.7852343718210856
HG_BraTS20_Training_338,0.91798514,0.8417829,0.49469304,0.49469304,0.7514870166778564
HG_BraTS20_Training_344,0.89538896,0.81321067,0.4274242,0.4274242,0.7120079199473063
HG_BraTS20_Training_352,0.853103,0.2966397,0.4494618,0.4494618,0.5330681800842285
LG_BraTS20_Training_262,0.873296,0.31753498,7.2421783e-13,7.2421783e-13,0.3969436486562093
LG_BraTS20_Training_275,0.7829555,0.16327186,1.2642225e-11,1.2642225e-11,0.3154091238975525
LG_BraTS20_Training_278,0.8522293,0.6145799,6.9851915e-13,6.9851915e-13,0.4889364242553711
LG_BraTS20_Training_283,0.92713577,0.42862433,0.45825368,0.45825368,0.6046712398529053
LG_BraTS20_Training_291,0.9509758,0.7074471,0.007752545,0.007752545,0.5553918282190958
LG_BraTS20_Training_292,0.8955976,0.80329984,0.21830344,0.21830344,0.6390669345855713
LG_BraTS20_Training_294,0.91401833,0.7427632,6.902264e-13,6.902264e-13,0.5522605180740356
LG_BraTS20_Training_297,0.78375345,0.75953597,1.2833675e-12,1.2833675e-12,0.5144298076629639
LG_BraTS20_Training_310,0.9125488,0.7779998,7.5568653e-13,7.5568653e-13,0.5635162194569906
LG_BraTS20_Training_324,0.90236485,0.24504946,6.775068e-12,6.775068e-12,0.3824714422225952
flairt1cet1
HG_BraTS20_Training_010,0.74044037,0.7363206,0.8204436,0.8204436,0.7657348314921061
HG_BraTS20_Training_012,0.8429781,0.8100196,0.73093116,0.73093116,0.7946429252624512
HG_BraTS20_Training_020,0.8809488,0.804594,0.6126174,0.6126174,0.7660533587137858
HG_BraTS20_Training_070,0.89994407,0.8621923,0.6489301,0.6489301,0.8036888440450033
HG_BraTS20_Training_089,0.8655626,0.591121,0.86352444,0.86352444,0.7734026908874512
HG_BraTS20_Training_119,0.76172215,0.8331269,0.7286517,0.7286517,0.774500290552775
HG_BraTS20_Training_124,0.92601407,0.9091207,0.8510974,0.8510974,0.8954106966654459
HG_BraTS20_Training_128,0.8358396,0.42293298,0.41479573,0.41479573,0.5578561226526896
HG_BraTS20_Training_134,0.8145011,0.77688074,0.7168635,0.7168635,0.7694150606791178
HG_BraTS20_Training_140,0.93334043,0.90364516,0.82163805,0.82163805,0.8862078984578451
HG_BraTS20_Training_150,0.90294427,0.8931976,0.8961203,0.8961203,0.8974207242329916
HG_BraTS20_Training_180,0.74399817,0.8119988,0.8431029,0.8431029,0.7996999422709147
HG_BraTS20_Training_188,0.7040648,0.72426915,0.66756994,0.66756994,0.6986346244812012
HG_BraTS20_Training_191,0.9103119,0.80888045,0.7798454,0.7798454,0.833012580871582
HG_BraTS20_Training_201,0.9068816,0.92887133,0.8483223,0.8483223,0.8946917851765951
HG_BraTS20_Training_211,0.8879598,0.89615846,0.81492656,0.81492656,0.8663482666015625
HG_BraTS20_Training_212,0.76763976,0.6051485,0.6271784,0.6271784,0.6666555404663086
HG_BraTS20_Training_226,0.8640176,0.91976935,0.89139277,0.89139277,0.891726573308309
HG_BraTS20_Training_232,0.87929875,0.71574235,0.5753494,0.5753494,0.7234634558359782
HG_BraTS20_Training_241,0.8746274,0.78360224,0.77785844,0.77785844,0.8120293617248535
HG_BraTS20_Training_245,0.84202975,0.80701596,0.7769836,0.7769836,0.8086764017740885
HG_BraTS20_Training_246,0.8679746,0.7416996,0.85506463,0.85506463,0.8215796152750651
HG_BraTS20_Training_336,0.92060393,0.9373164,0.8663845,0.8663845,0.9081016381581625
HG_BraTS20_Training_338,0.905144,0.9281354,0.88746744,0.88746744,0.9069155851999918
HG_BraTS20_Training_344,0.8897963,0.79223603,0.612547,0.612547,0.7648597558339437
HG_BraTS20_Training_352,0.76304626,0.6091004,0.83796227,0.83796227,0.7367029190063477
LG_BraTS20_Training_262,0.86642975,0.4296737,1.9474197e-12,1.9474197e-12,0.4320344924926758
LG_BraTS20_Training_275,0.7146305,0.13223282,8.568981e-12,8.568981e-12,0.2822877566019694
LG_BraTS20_Training_278,0.80023235,0.02500864,3.2594524e-12,3.2594524e-12,0.2750803232192993
LG_BraTS20_Training_283,0.928724,0.80893993,0.8515161,0.8515161,0.8630599975585938
LG_BraTS20_Training_291,0.9071163,0.70437056,0.020476509,0.020476509,0.5439877907435099
LG_BraTS20_Training_292,0.7799355,0.56794757,0.41995743,0.41995743,0.5892801284790039
LG_BraTS20_Training_294,0.84986705,0.5702619,1.6294607e-12,1.6294607e-12,0.4733763138453166
LG_BraTS20_Training_297,0.5013785,0.34273148,1.3245033e-11,1.3245033e-11,0.28136998414993286
LG_BraTS20_Training_310,0.86948305,0.48325735,5.692492e-13,5.692492e-13,0.4509134689966838
LG_BraTS20_Training_324,0.89018565,0.053453006,2.683123e-12,2.683123e-12,0.31454622745513916
flairt1ce
HG_BraTS20_Training_010,0.7481521,0.805588,0.8490869,0.8490869,0.8009422620137533
HG_BraTS20_Training_012,0.82011956,0.8376143,0.75012004,0.75012004,0.8026180267333984
HG_BraTS20_Training_020,0.8713953,0.7390526,0.62192893,0.62192893,0.7441256046295166
HG_BraTS20_Training_070,0.8638321,0.75606185,0.6330187,0.6330187,0.7509709199269613
HG_BraTS20_Training_089,0.8538433,0.68586683,0.912346,0.912346,0.8173519770304362
HG_BraTS20_Training_119,0.7901637,0.8610379,0.7641275,0.7641275,0.8051096598307291
HG_BraTS20_Training_124,0.9191636,0.9002087,0.8309173,0.8309173,0.8834298451741537
HG_BraTS20_Training_128,0.87497145,0.5360345,0.5405983,0.5405983,0.6505347490310669
HG_BraTS20_Training_134,0.80634,0.7625747,0.6804529,0.6804529,0.7497891585032145
HG_BraTS20_Training_140,0.93720466,0.91210777,0.84504706,0.84504706,0.898119846979777
HG_BraTS20_Training_150,0.87607366,0.8942491,0.89483786,0.89483786,0.8883868853251139
HG_BraTS20_Training_180,0.7274817,0.81187934,0.8154635,0.8154635,0.7849415143330892
HG_BraTS20_Training_188,0.67419523,0.7674948,0.7191566,0.7191566,0.720282236735026
HG_BraTS20_Training_191,0.8926714,0.8245991,0.7786361,0.7786361,0.8319688638051351
HG_BraTS20_Training_201,0.89442635,0.94062823,0.8432667,0.8432667,0.8927737871805826
HG_BraTS20_Training_211,0.8939483,0.9107352,0.8324461,0.8324461,0.879043181737264
HG_BraTS20_Training_212,0.72765714,0.5311124,0.647897,0.647897,0.6355555057525635
HG_BraTS20_Training_226,0.8589085,0.90691566,0.8895206,0.8895206,0.8851149082183838
HG_BraTS20_Training_232,0.86095667,0.74815387,0.651819,0.651819,0.7536431948343912
HG_BraTS20_Training_241,0.85634845,0.7273181,0.7111545,0.7111545,0.76494034131368
HG_BraTS20_Training_245,0.8300539,0.7511601,0.74163836,0.74163836,0.7742841243743896
HG_BraTS20_Training_246,0.82979053,0.6712068,0.8057608,0.8057608,0.7689193884531657
HG_BraTS20_Training_336,0.91367203,0.91189355,0.850101,0.850101,0.8918888568878174
HG_BraTS20_Training_338,0.89553404,0.9328172,0.87779874,0.87779874,0.9020500183105469
HG_BraTS20_Training_344,0.84974784,0.75545186,0.62327576,0.62327576,0.7428251902262369
HG_BraTS20_Training_352,0.6547561,0.6390341,0.8428925,0.8428925,0.7122275829315186
LG_BraTS20_Training_262,0.8531386,0.3657871,3.1948881e-12,3.1948881e-12,0.4063085714975993
LG_BraTS20_Training_275,0.7555241,0.031411678,3.7453183e-11,1.0,0.2623119354248047
LG_BraTS20_Training_278,0.7896075,0.001936508,3.7721614e-12,3.7721614e-12,0.2638480067253113
LG_BraTS20_Training_283,0.94390756,0.81864446,0.8385063,0.8385063,0.8670194149017334
LG_BraTS20_Training_291,0.8896044,0.688397,0.058303308,0.058303308,0.5454349120457967
LG_BraTS20_Training_292,0.7800697,0.5192937,0.38329238,0.38329238,0.5608852704366049
LG_BraTS20_Training_294,0.82178074,0.45655003,3.2216495e-12,3.2216495e-12,0.42611026763916016
LG_BraTS20_Training_297,0.52682006,0.30800042,2.4271845e-11,1.0,0.2782735029856364
LG_BraTS20_Training_310,0.8185084,0.28121004,5.38387e-13,5.38387e-13,0.3665728171666463
LG_BraTS20_Training_324,0.8788089,0.009189056,3.929273e-12,3.929273e-12,0.29599932829538983
flairt2
HG_BraTS20_Training_010,0.77998006,0.6890511,0.35727543,0.35727543,0.6087688604990641
HG_BraTS20_Training_012,0.8602563,0.69004714,0.42548046,0.42548046,0.6585946480433146
HG_BraTS20_Training_020,0.88514996,0.78999937,0.3780732,0.3780732,0.6844074726104736
HG_BraTS20_Training_070,0.88976854,0.6786306,0.27216202,0.27216202,0.6135203838348389
HG_BraTS20_Training_089,0.8647095,0.38495442,0.28071702,0.28071702,0.5101269880930582
HG_BraTS20_Training_119,0.8080424,0.77771455,0.47027344,0.47027344,0.6853435039520264
HG_BraTS20_Training_124,0.92752224,0.7809361,0.4655751,0.4655751,0.7246778806050619
HG_BraTS20_Training_128,0.8481276,0.17545654,0.17003484,0.17003484,0.3978730042775472
HG_BraTS20_Training_134,0.8216819,0.6988262,0.37772903,0.37772903,0.6327457030614217
HG_BraTS20_Training_140,0.93422395,0.7710731,0.35534674,0.35534674,0.6868812243143717
HG_BraTS20_Training_150,0.91556877,0.7236056,0.4313815,0.4313815,0.6901853084564209
HG_BraTS20_Training_180,0.6973421,0.5931499,0.4696234,0.4696234,0.5867051283518473
HG_BraTS20_Training_188,0.75068927,0.6711201,0.4512478,0.4512478,0.6243524154027303
HG_BraTS20_Training_191,0.9359854,0.6460971,0.38013414,0.38013414,0.6540722052256266
HG_BraTS20_Training_201,0.92592806,0.87693906,0.68049294,0.68049294,0.8277866840362549
HG_BraTS20_Training_211,0.86950636,0.79266506,0.4798983,0.4798983,0.7140231927235922
HG_BraTS20_Training_212,0.85062575,0.71347827,0.33675736,0.33675736,0.6336205005645752
HG_BraTS20_Training_226,0.88521606,0.82893044,0.38765427,0.38765427,0.7006002267201742
HG_BraTS20_Training_232,0.84055614,0.55207294,0.4028488,0.4028488,0.5984926621119181
HG_BraTS20_Training_241,0.8712897,0.51899606,0.47596753,0.47596753,0.6220844189325968
HG_BraTS20_Training_245,0.7132561,0.74500084,0.52232254,0.52232254,0.6601931651433309
HG_BraTS20_Training_246,0.8106465,0.655286,0.51812446,0.51812446,0.6613523165384928
HG_BraTS20_Training_336,0.93611705,0.8835034,0.63981223,0.63981223,0.8198108673095703
HG_BraTS20_Training_338,0.9116401,0.82183814,0.54671586,0.54671586,0.7600647608439127
HG_BraTS20_Training_344,0.89832586,0.7948823,0.37672055,0.37672055,0.6899762153625488
HG_BraTS20_Training_352,0.7709924,0.3907951,0.40063092,0.40063092,0.5208061536153158
LG_BraTS20_Training_262,0.8755674,0.24467504,4.762358e-13,4.762358e-13,0.3734141190846761
LG_BraTS20_Training_275,0.811188,0.21553715,5.8858153e-12,5.8858153e-12,0.34224172433217365
LG_BraTS20_Training_278,0.83806217,0.66819024,6.5368023e-13,6.5368023e-13,0.5020841360092163
LG_BraTS20_Training_283,0.9270829,0.40915173,0.37710825,0.37710825,0.5711142619450887
LG_BraTS20_Training_291,0.94829535,0.6847533,0.0065176007,0.0065176007,0.5465221007664999
LG_BraTS20_Training_292,0.90704435,0.71715045,0.1857215,0.1857215,0.603305459022522
LG_BraTS20_Training_294,0.91637856,0.7267639,6.0547346e-13,6.0547346e-13,0.5477141539255778
LG_BraTS20_Training_297,0.7693202,0.69983536,1.1652296e-12,1.1652296e-12,0.4897185166676839
LG_BraTS20_Training_310,0.9045026,0.75233483,5.028916e-13,5.028916e-13,0.5522791544596354
LG_BraTS20_Training_324,0.8933321,0.3456494,1.7727353e-12,1.7727353e-12,0.4129938284556071
t1t2
HG_BraTS20_Training_010,0.73159987,0.6230475,0.2660861,0.2660861,0.5402444998423258
HG_BraTS20_Training_012,0.86603236,0.75880414,0.62119657,0.62119657,0.748677651087443
HG_BraTS20_Training_020,0.8725651,0.8062193,0.36616755,0.36616755,0.6816506385803223
HG_BraTS20_Training_070,0.840856,0.7172642,0.32378128,0.32378128,0.627300500869751
HG_BraTS20_Training_089,0.8287539,0.4217135,0.40133086,0.40133086,0.5505994160970052
HG_BraTS20_Training_119,0.61793303,0.78017116,0.44529563,0.44529563,0.6144665877024332
HG_BraTS20_Training_124,0.9118661,0.75758976,0.454507,0.454507,0.7079876263936361
HG_BraTS20_Training_128,0.8118422,0.19871743,0.19502285,0.19502285,0.4018608331680298
HG_BraTS20_Training_134,0.8513351,0.79636806,0.44744,0.44744,0.6983810265858968
HG_BraTS20_Training_140,0.9154361,0.8375257,0.33618757,0.33618757,0.6963831583658854
HG_BraTS20_Training_150,0.8740653,0.758426,0.53559524,0.53559524,0.722695509592692
HG_BraTS20_Training_180,0.67081445,0.45741332,0.3393692,0.3393692,0.4891989628473918
HG_BraTS20_Training_188,0.661703,0.7602264,0.6022441,0.6022441,0.6747244993845621
HG_BraTS20_Training_191,0.90049905,0.36280432,0.25437,0.25437,0.5058911244074503
HG_BraTS20_Training_201,0.8908151,0.90364283,0.7426364,0.7426364,0.8456981182098389
HG_BraTS20_Training_211,0.8093896,0.7989176,0.49884918,0.49884918,0.702385425567627
HG_BraTS20_Training_212,0.8662748,0.7859209,0.42083815,0.42083815,0.6910112698872884
HG_BraTS20_Training_226,0.8587865,0.83770066,0.43173856,0.43173856,0.7094086011250814
HG_BraTS20_Training_232,0.7394066,0.4819218,0.38815516,0.38815516,0.5364944934844971
HG_BraTS20_Training_241,0.862732,0.6045314,0.4914802,0.4914802,0.652914563814799
HG_BraTS20_Training_245,0.84481454,0.81892055,0.6173733,0.6173733,0.7603694597880045
HG_BraTS20_Training_246,0.8718939,0.73285544,0.5120721,0.5120721,0.7056070963541666
HG_BraTS20_Training_336,0.91768134,0.86259913,0.6058221,0.6058221,0.7953675587972006
HG_BraTS20_Training_338,0.9125563,0.79071057,0.5041486,0.5041486,0.7358051935831705
HG_BraTS20_Training_344,0.8829894,0.81613433,0.43066025,0.43066025,0.709928035736084
HG_BraTS20_Training_352,0.8984808,0.29302534,0.39224964,0.39224964,0.5279185771942139
LG_BraTS20_Training_262,0.8526218,0.35216644,6.942998e-13,6.942998e-13,0.4015960693359375
LG_BraTS20_Training_275,0.6714666,0.14217933,1.2886598e-11,1.2886598e-11,0.271215299765269
LG_BraTS20_Training_278,0.787087,0.5319842,5.895531e-13,5.895531e-13,0.43969043095906574
LG_BraTS20_Training_283,0.91137064,0.43638337,0.45664385,0.45664385,0.6014659404754639
LG_BraTS20_Training_291,0.9472562,0.6882435,0.005365081,0.005365081,0.5469549496968588
LG_BraTS20_Training_292,0.853033,0.7748511,0.22629829,0.22629829,0.618060827255249
LG_BraTS20_Training_294,0.84897166,0.6883266,6.935294e-13,6.935294e-13,0.5124327341715494
LG_BraTS20_Training_297,0.78183717,0.7102437,8.570449e-13,8.570449e-13,0.4973603089650472
LG_BraTS20_Training_310,0.84170514,0.7809926,5.417118e-13,5.417118e-13,0.5408992767333984
LG_BraTS20_Training_324,0.76591057,0.26277912,1.3833172e-12,1.3833172e-12,0.3428965409596761
flairt1
HG_BraTS20_Training_010,0.71459156,0.7036892,0.44640025,0.44640025,0.6215603748957316
HG_BraTS20_Training_012,0.8475292,0.71581227,0.4303779,0.4303779,0.6645731131235758
HG_BraTS20_Training_020,0.88852495,0.79315114,0.325345,0.325345,0.6690070629119873
HG_BraTS20_Training_070,0.9032825,0.74428165,0.3410465,0.3410465,0.6628702481587728
HG_BraTS20_Training_089,0.85678345,0.42585227,0.3383417,0.3383417,0.5403258005777994
HG_BraTS20_Training_119,0.7733455,0.7715664,0.31739888,0.31739888,0.620770255724589
HG_BraTS20_Training_124,0.93099195,0.75528276,0.43563706,0.43563706,0.7073039213816324
HG_BraTS20_Training_128,0.8270656,0.18588197,0.17067026,0.17067026,0.39453927675882977
HG_BraTS20_Training_134,0.8268411,0.7075753,0.39361218,0.39361218,0.6426761945088705
HG_BraTS20_Training_140,0.940319,0.85588926,0.45208994,0.45208994,0.7494327227274576
HG_BraTS20_Training_150,0.85833156,0.6628766,0.58966774,0.58966774,0.7036252816518148
HG_BraTS20_Training_180,0.72326505,0.6353379,0.5655447,0.5655447,0.6413825750350952
HG_BraTS20_Training_188,0.6136385,0.5591333,0.44235155,0.44235155,0.5383744637171427
HG_BraTS20_Training_191,0.92449486,0.5645413,0.4981374,0.4981374,0.662391185760498
HG_BraTS20_Training_201,0.923055,0.80040336,0.74701977,0.74701977,0.823492685953776
HG_BraTS20_Training_211,0.8666766,0.74724144,0.5117394,0.5117394,0.7085525194803873
HG_BraTS20_Training_212,0.72160524,0.45593596,0.22811922,0.22811922,0.46855350335439044
HG_BraTS20_Training_226,0.8767532,0.80432004,0.57642764,0.57642764,0.7525002956390381
HG_BraTS20_Training_232,0.87526876,0.49060884,0.36596093,0.36596093,0.577279527982076
HG_BraTS20_Training_241,0.8884845,0.5046926,0.44355816,0.44355816,0.6122450828552246
HG_BraTS20_Training_245,0.8542729,0.7829147,0.58402765,0.58402765,0.7404050827026367
HG_BraTS20_Training_246,0.8391134,0.5876153,0.42728525,0.42728525,0.6180046399434408
HG_BraTS20_Training_336,0.9289522,0.8787104,0.66591066,0.66591066,0.8245244026184082
HG_BraTS20_Training_338,0.88156176,0.78734225,0.6000327,0.6000327,0.7563122113545736
HG_BraTS20_Training_344,0.9090985,0.7271085,0.46455914,0.46455914,0.7002553939819336
HG_BraTS20_Training_352,0.7068402,0.38281903,0.4443499,0.4443499,0.5113363663355509
LG_BraTS20_Training_262,0.87921685,0.36564934,5.8750953e-13,5.8750953e-13,0.41495537757873535
LG_BraTS20_Training_275,0.67371345,0.32017416,3.1816735e-12,3.1816735e-12,0.33129586776097614
LG_BraTS20_Training_278,0.82919765,0.612371,3.6292372e-13,3.6292372e-13,0.48052287101745605
LG_BraTS20_Training_283,0.9152117,0.4375603,0.45043665,0.45043665,0.6010695298512777
LG_BraTS20_Training_291,0.92970204,0.7531715,0.0052409708,0.0052409708,0.5627048015594482
LG_BraTS20_Training_292,0.8111791,0.7165111,0.17536025,0.17536025,0.5676834583282471
LG_BraTS20_Training_294,0.8808154,0.7024954,3.095113e-13,3.095113e-13,0.5277702808380127
LG_BraTS20_Training_297,0.55455023,0.56973356,1.045369e-12,1.045369e-12,0.37476126352945965
LG_BraTS20_Training_310,0.90332204,0.75927335,2.585115e-13,2.585115e-13,0.5541984637578329
LG_BraTS20_Training_324,0.8842063,0.41126472,1.3070187e-12,1.3070187e-12,0.4318236509958903
t1cet1
HG_BraTS20_Training_010,0.45854193,0.7720517,0.83578414,0.83578414,0.6887926260630289
HG_BraTS20_Training_012,0.6596055,0.75516254,0.7105903,0.7105903,0.7084527810414633
HG_BraTS20_Training_020,0.79006654,0.69000417,0.6242839,0.6242839,0.7014515399932861
HG_BraTS20_Training_070,0.66697466,0.77025235,0.64148945,0.64148945,0.6929055054982504
HG_BraTS20_Training_089,0.762095,0.7480136,0.90344775,0.90344775,0.8045187791188558
HG_BraTS20_Training_119,0.5503193,0.87321645,0.7661431,0.7661431,0.7298929691314697
HG_BraTS20_Training_124,0.8424395,0.8840921,0.8185457,0.8185457,0.8483591079711914
HG_BraTS20_Training_128,0.12779728,0.30442274,0.31975308,7.836991e-12,0.25065769751866657
HG_BraTS20_Training_134,0.7332178,0.78067994,0.7226308,0.7226308,0.7455094655354818
HG_BraTS20_Training_140,0.87129265,0.90846956,0.82505155,0.82505155,0.868271271387736
HG_BraTS20_Training_150,0.81176704,0.9112431,0.91009724,0.91009724,0.8777023951212565
HG_BraTS20_Training_180,0.6936018,0.8093799,0.80318725,0.80318725,0.7687230110168457
HG_BraTS20_Training_188,0.5008477,0.7934875,0.71729517,0.71729517,0.6705434322357178
HG_BraTS20_Training_191,0.6611447,0.6930986,0.69027996,0.69027996,0.6815077463785807
HG_BraTS20_Training_201,0.7931283,0.94081926,0.84285235,0.84285235,0.8589332898457845
HG_BraTS20_Training_211,0.7371806,0.9134855,0.8280677,0.8280677,0.826244592666626
HG_BraTS20_Training_212,0.6674949,0.64237726,0.6676646,0.6676646,0.659178892771403
HG_BraTS20_Training_226,0.75269574,0.8984304,0.8724963,0.8724963,0.8412075042724609
HG_BraTS20_Training_232,0.65791804,0.8148795,0.7324646,0.7324646,0.7350873947143555
HG_BraTS20_Training_241,0.6905245,0.7768922,0.76825476,0.76825476,0.7452238400777181
HG_BraTS20_Training_245,0.81976575,0.74288833,0.74629056,0.74629056,0.7696482340494791
HG_BraTS20_Training_246,0.738365,0.7444173,0.8497248,0.8497248,0.7775023778279623
HG_BraTS20_Training_336,0.83376074,0.8916465,0.83677495,0.83677495,0.8540607293446859
HG_BraTS20_Training_338,0.8392839,0.93545645,0.88982344,0.88982344,0.8881878852844238
HG_BraTS20_Training_344,0.79444695,0.6994635,0.61147475,0.61147475,0.7017951011657715
HG_BraTS20_Training_352,0.7748073,0.7293418,0.8742247,0.8742247,0.7927912871042887
LG_BraTS20_Training_262,0.7322318,0.41436464,4.1753653e-12,4.1753653e-12,0.3821988105773926
LG_BraTS20_Training_275,0.2530754,0.06721623,2.096436e-11,1.0,0.10676387945810954
LG_BraTS20_Training_278,0.20754513,0.0014956007,3.800836e-12,3.800836e-12,0.06968024373054504
LG_BraTS20_Training_283,0.53186804,0.8180411,0.8153643,0.8153643,0.7217578093210856
LG_BraTS20_Training_291,0.7731428,0.63505816,0.034515217,0.034515217,0.4809054136276245
LG_BraTS20_Training_292,0.7995908,0.662077,0.41900793,0.41900793,0.6268918911616007
LG_BraTS20_Training_294,0.70574355,0.3273285,3.7750094e-12,3.7750094e-12,0.34435733159383136
LG_BraTS20_Training_297,0.26752856,0.23597464,1.8552876e-11,1.8552876e-11,0.16783440113067627
LG_BraTS20_Training_310,0.66503733,0.3081748,5.7019043e-13,5.7019043e-13,0.3244040409723918
LG_BraTS20_Training_324,0.5492815,0.028032102,4.6794573e-12,4.6794573e-12,0.19243786732355753
t1cet2
HG_BraTS20_Training_010,0.65010375,0.77173233,0.8155553,0.8155553,0.7457971572875977
HG_BraTS20_Training_012,0.81043947,0.7995916,0.7284558,0.7284558,0.779495636622111
HG_BraTS20_Training_020,0.82720906,0.7394365,0.57279086,0.57279086,0.7131454944610596
HG_BraTS20_Training_070,0.809561,0.84799504,0.65534335,0.65534335,0.7709664503733317
HG_BraTS20_Training_089,0.84854025,0.63152444,0.88483405,0.88483405,0.788299560546875
HG_BraTS20_Training_119,0.6384919,0.85214883,0.71386373,0.71386373,0.7348348299662272
HG_BraTS20_Training_124,0.9072201,0.87663287,0.8384185,0.8384185,0.8740905125935873
HG_BraTS20_Training_128,0.79514426,0.41670844,0.44273636,0.44273636,0.5515296856562296
HG_BraTS20_Training_134,0.82127106,0.8313715,0.70760125,0.70760125,0.786747932434082
HG_BraTS20_Training_140,0.93121666,0.90495217,0.8145495,0.8145495,0.8835727373758951
HG_BraTS20_Training_150,0.90253574,0.9283769,0.9229485,0.9229485,0.9179536501566569
HG_BraTS20_Training_180,0.659845,0.7042625,0.7866656,0.7866656,0.7169243494669596
HG_BraTS20_Training_188,0.6031148,0.7927317,0.70196617,0.70196617,0.6992708841959635
HG_BraTS20_Training_191,0.8852693,0.80205446,0.79241955,0.79241955,0.8265811602274576
HG_BraTS20_Training_201,0.88412106,0.9295752,0.8617926,0.8617926,0.8918296496073405
HG_BraTS20_Training_211,0.831157,0.9242679,0.8323451,0.8323451,0.8625899950663248
HG_BraTS20_Training_212,0.8110841,0.76513845,0.6668746,0.6668746,0.7476990222930908
HG_BraTS20_Training_226,0.86475486,0.9166951,0.8842291,0.8842291,0.8885597387949625
HG_BraTS20_Training_232,0.7201514,0.81347895,0.7257977,0.7257977,0.7531426747639974
HG_BraTS20_Training_241,0.83150667,0.74072117,0.73957556,0.73957556,0.7706011136372884
HG_BraTS20_Training_245,0.8123198,0.7496783,0.74573946,0.74573946,0.7692458629608154
HG_BraTS20_Training_246,0.8288047,0.7669045,0.82689667,0.82689667,0.8075352509816488
HG_BraTS20_Training_336,0.9086472,0.9213512,0.8577893,0.8577893,0.8959291776021322
HG_BraTS20_Training_338,0.8931867,0.939628,0.8931717,0.8931717,0.9086621602376302
HG_BraTS20_Training_344,0.86263835,0.72064924,0.622088,0.622088,0.7351252237955729
HG_BraTS20_Training_352,0.89918244,0.7014273,0.86826926,0.86826926,0.8229596614837646
LG_BraTS20_Training_262,0.85163707,0.373299,1.9681164e-12,1.9681164e-12,0.40831200281778973
LG_BraTS20_Training_275,0.6245786,0.1744726,2.8296547e-12,2.8296547e-12,0.2663503885269165
LG_BraTS20_Training_278,0.66977924,0.03006307,3.187759e-12,3.187759e-12,0.23328077793121338
LG_BraTS20_Training_283,0.88973695,0.78451127,0.85828364,0.85828364,0.84417724609375
LG_BraTS20_Training_291,0.9209743,0.76261055,0.012769629,0.012769629,0.5654515027999878
LG_BraTS20_Training_292,0.8751254,0.70356566,0.4043546,0.4043546,0.6610151926676432
LG_BraTS20_Training_294,0.8717246,0.517291,2.906132e-12,2.906132e-12,0.46300522486368817
LG_BraTS20_Training_297,0.72290033,0.55919635,1.5309247e-12,1.5309247e-12,0.4273655414581299
LG_BraTS20_Training_310,0.79510355,0.5203603,7.5397723e-13,7.5397723e-13,0.4384879271189372
LG_BraTS20_Training_324,0.6340305,0.02365328,3.07031e-12,3.07031e-12,0.21922792991002402
flair
HG_BraTS20_Training_010,0.6786293,0.6727303,0.47728416,0.47728416,0.6095479329427084
HG_BraTS20_Training_012,0.83061665,0.6330622,0.26130882,0.26130882,0.5749958753585815
HG_BraTS20_Training_020,0.8848004,0.7617134,0.3472809,0.3472809,0.6645981868108114
HG_BraTS20_Training_070,0.8906699,0.54426086,0.20607159,0.20607159,0.5470008055369059
HG_BraTS20_Training_089,0.844158,0.47714475,0.27658552,0.27658552,0.5326294104258219
HG_BraTS20_Training_119,0.80317307,0.81047606,0.49126637,0.49126637,0.7016385396321615
HG_BraTS20_Training_124,0.92130065,0.79115826,0.3362631,0.3362631,0.6829073429107666
HG_BraTS20_Training_128,0.87016606,0.1791293,0.12317025,0.12317025,0.390821894009908
HG_BraTS20_Training_134,0.7535944,0.50791234,0.2873929,0.2873929,0.5162998835245768
HG_BraTS20_Training_140,0.9392271,0.82497716,0.5215797,0.5215797,0.7619280020395914
HG_BraTS20_Training_150,0.7387791,0.4232407,0.21734047,0.21734047,0.4597867727279663
HG_BraTS20_Training_180,0.74620855,0.70143807,0.4807683,0.4807683,0.6428049802780151
HG_BraTS20_Training_188,0.49411362,0.0014779235,0.0017568903,0.0017568903,0.16578280925750732
HG_BraTS20_Training_191,0.9371059,0.635758,0.39097118,0.39097118,0.6546116669972738
HG_BraTS20_Training_201,0.93503517,0.83312756,0.54730076,0.54730076,0.7718211809794108
HG_BraTS20_Training_211,0.8061227,0.65210944,0.35418257,0.35418257,0.6041382551193237
HG_BraTS20_Training_212,0.6247711,0.26667172,0.09033387,0.09033387,0.3272589047749837
HG_BraTS20_Training_226,0.8719926,0.6807703,0.38149956,0.38149956,0.6447541316350301
HG_BraTS20_Training_232,0.89938176,0.5034493,0.36994842,0.36994842,0.5909264882405599
HG_BraTS20_Training_241,0.8724911,0.31437856,0.26850316,0.26850316,0.48512427012125653
HG_BraTS20_Training_245,0.76115805,0.7108204,0.4782204,0.4782204,0.6500662962595621
HG_BraTS20_Training_246,0.7817622,0.3499532,0.28017202,0.28017202,0.47062913576761883
HG_BraTS20_Training_336,0.9307208,0.8268209,0.55948514,0.55948514,0.7723422845204672
HG_BraTS20_Training_338,0.8490477,0.6967466,0.44726956,0.44726956,0.6643546024958292
HG_BraTS20_Training_344,0.88237906,0.73807245,0.5104135,0.5104135,0.7102883656819662
HG_BraTS20_Training_352,0.5757827,0.41823265,0.39698714,0.39698714,0.4636674722035726
LG_BraTS20_Training_262,0.8708628,0.22481823,6.4846636e-13,6.4846636e-13,0.36522698402404785
LG_BraTS20_Training_275,0.753733,0.13834868,8.9206064e-12,8.9206064e-12,0.29736055930455524
LG_BraTS20_Training_278,0.8233131,0.51009667,8.3451556e-13,8.3451556e-13,0.4444699287414551
LG_BraTS20_Training_283,0.93235546,0.49779925,0.32005337,0.32005337,0.583402673403422
LG_BraTS20_Training_291,0.9299835,0.7835985,0.004400657,0.004400657,0.5726608832677206
LG_BraTS20_Training_292,0.5763952,0.18566167,0.26952624,0.26952624,0.34386102358500165
LG_BraTS20_Training_294,0.8222965,0.5078596,6.7024126e-13,6.7024126e-13,0.44338536262512207
LG_BraTS20_Training_297,0.1393895,4.0793017e-13,1.0,1.0,0.37979650497436523
LG_BraTS20_Training_310,0.8757639,0.6646151,4.0523563e-13,4.0523563e-13,0.5134596824645996
LG_BraTS20_Training_324,0.8788649,0.3002713,1.7458101e-12,1.7458101e-12,0.3930453856786092
t1
HG_BraTS20_Training_010,0.45461702,0.53502977,0.3263921,0.3263921,0.43867961565653485
HG_BraTS20_Training_012,0.7025251,0.74767315,0.6234128,0.6234128,0.6912036736806234
HG_BraTS20_Training_020,0.8258074,0.72169816,0.29485083,0.29485083,0.6141188144683838
HG_BraTS20_Training_070,0.7767471,0.73186946,0.31190705,0.31190705,0.6068412065505981
HG_BraTS20_Training_089,0.7536171,0.42457515,0.46707836,0.46707836,0.5484235286712646
HG_BraTS20_Training_119,0.5728409,0.7231836,0.3507652,0.3507652,0.5489299297332764
HG_BraTS20_Training_124,0.82045776,0.6973727,0.4056288,0.4056288,0.6411530574162801
HG_BraTS20_Training_128,0.027926806,7.1890727e-12,7.836991e-12,7.836991e-12,0.00930893545349439
HG_BraTS20_Training_134,0.5667008,0.59204453,0.27626953,0.27626953,0.4783382813135783
HG_BraTS20_Training_140,0.86138767,0.85709757,0.18154448,0.18154448,0.6333432197570801
HG_BraTS20_Training_150,0.79218715,0.6216954,0.45598158,0.45598158,0.6232880353927612
HG_BraTS20_Training_180,0.5273087,0.37072477,0.25400388,0.25400388,0.38401246070861816
HG_BraTS20_Training_188,0.49311346,0.7121063,0.5861446,0.5861446,0.5971214771270752
HG_BraTS20_Training_191,0.43149185,0.2299425,0.23318039,0.23318039,0.2982049187024434
HG_BraTS20_Training_201,0.6827576,0.61071587,0.5129505,0.5129505,0.6021413008371989
HG_BraTS20_Training_211,0.69340116,0.7666759,0.49850205,0.49850205,0.6528596878051758
HG_BraTS20_Training_212,0.6930964,0.5044854,0.28176412,0.28176412,0.49311530590057373
HG_BraTS20_Training_226,0.7923334,0.72093993,0.2411553,0.2411553,0.5848095417022705
HG_BraTS20_Training_232,0.55923414,0.25349295,0.1798466,0.1798466,0.33085789283116657
HG_BraTS20_Training_241,0.7881913,0.52106833,0.26465786,0.26465786,0.5246391693751017
HG_BraTS20_Training_245,0.73816544,0.58145523,0.4284093,0.4284093,0.5826766490936279
HG_BraTS20_Training_246,0.8127694,0.5897011,0.29773748,0.29773748,0.5667360226313273
HG_BraTS20_Training_336,0.8324858,0.848066,0.57445985,0.57445985,0.7516705195109049
HG_BraTS20_Training_338,0.7466455,0.66719383,0.42831406,0.42831406,0.6140511433283488
HG_BraTS20_Training_344,0.8128069,0.7378883,0.4573934,0.4573934,0.6693628629048666
HG_BraTS20_Training_352,0.80593693,0.29667115,0.42179793,0.42179793,0.5081353187561035
LG_BraTS20_Training_262,0.47973776,0.6324915,2.3320896e-12,2.3320896e-12,0.3707431157430013
LG_BraTS20_Training_275,0.12485163,9.466112e-13,1.4285714e-09,1.0,0.041617209712664284
LG_BraTS20_Training_278,0.5261176,0.40029147,7.851142e-13,7.851142e-13,0.3088030417760213
LG_BraTS20_Training_283,4.3069103e-05,8.7504374e-13,8.865248e-13,8.865248e-13,1.4356367804187661e-05
LG_BraTS20_Training_291,0.8235081,0.67115295,0.0054901713,0.0054901713,0.50005042552948
LG_BraTS20_Training_292,0.75996065,0.78804487,0.17077291,0.17077291,0.5729261636734009
LG_BraTS20_Training_294,0.7408181,0.6282781,5.926277e-13,5.926277e-13,0.4563653866449992
LG_BraTS20_Training_297,0.50153774,0.6929676,1.559819e-12,1.559819e-12,0.3981684446334839
LG_BraTS20_Training_310,0.7825994,0.70529,6.38896e-13,6.38896e-13,0.4959631363550822
LG_BraTS20_Training_324,0.5313775,0.23911798,2.4443902e-12,2.4443902e-12,0.2568318247795105
t1c
HG_BraTS20_Training_010,0.42430294,0.7668149,0.8502388,0.8502388,0.6804521878560384
HG_BraTS20_Training_012,0.5588451,0.585794,0.55978197,0.55978197,0.5681403477986654
HG_BraTS20_Training_020,0.664259,0.5820734,0.57848656,0.57848656,0.6082729895909628
HG_BraTS20_Training_070,0.5515501,0.6850214,0.59284073,0.59284073,0.6098040739695231
HG_BraTS20_Training_089,0.7386936,0.6611192,0.9257334,0.9257334,0.7751820882161459
HG_BraTS20_Training_119,0.5290655,0.8457326,0.74951655,0.74951655,0.7081048488616943
HG_BraTS20_Training_124,0.6778446,0.6976929,0.7343961,0.7343961,0.7033111254374186
HG_BraTS20_Training_128,0.08012032,0.025249869,0.119873814,7.836991e-12,0.07508133351802826
HG_BraTS20_Training_134,0.66498864,0.65225285,0.66759765,0.66759765,0.6616130272547404
HG_BraTS20_Training_140,0.8424369,0.8923218,0.82724434,0.82724434,0.8540010452270508
HG_BraTS20_Training_150,0.7683661,0.906865,0.91466486,0.91466486,0.8632986545562744
HG_BraTS20_Training_180,0.63732564,0.7259142,0.75853455,0.75853455,0.7072580655415853
HG_BraTS20_Training_188,0.4650722,0.8120149,0.7523224,0.7523224,0.6764698028564453
HG_BraTS20_Training_191,0.6739881,0.75934696,0.7345362,0.7345362,0.7226237456003824
HG_BraTS20_Training_201,0.7648622,0.89471936,0.82847464,0.82847464,0.829352060953776
HG_BraTS20_Training_211,0.7276078,0.9133829,0.8359279,0.8359279,0.825639565785726
HG_BraTS20_Training_212,0.5082291,0.4695702,0.5904974,0.5904974,0.5227655569712321
HG_BraTS20_Training_226,0.7351134,0.8800888,0.8584646,0.8584646,0.8245555559794108
HG_BraTS20_Training_232,0.60873246,0.7430286,0.74916303,0.74916303,0.7003080050150553
HG_BraTS20_Training_241,0.5603373,0.6835887,0.68535817,0.68535817,0.6430947383244833
HG_BraTS20_Training_245,0.67663836,0.6367802,0.6707988,0.6707988,0.6614058017730713
HG_BraTS20_Training_246,0.6286624,0.73247385,0.85264885,0.85264885,0.7379283905029297
HG_BraTS20_Training_336,0.7910781,0.8596272,0.8305195,0.8305195,0.827074925104777
HG_BraTS20_Training_338,0.8120754,0.9262485,0.8809455,0.8809455,0.8730897903442383
HG_BraTS20_Training_344,0.7115339,0.6636623,0.5467653,0.5467653,0.6406538486480713
HG_BraTS20_Training_352,0.77539444,0.6420243,0.8799836,0.8799836,0.7658007939656576
LG_BraTS20_Training_262,0.72311556,0.47633588,2.9620852e-12,2.9620852e-12,0.39981714884440106
LG_BraTS20_Training_275,0.059822503,0.011174208,2.7700831e-11,1.0,0.023665569722652435
LG_BraTS20_Training_278,0.10802377,0.0011706896,2.212879e-12,2.212879e-12,0.03639815251032511
LG_BraTS20_Training_283,0.5985043,0.8617865,0.8659136,0.8659136,0.7754014333089193
LG_BraTS20_Training_291,0.53172386,0.56501144,0.019203413,0.019203413,0.371979554494222
LG_BraTS20_Training_292,0.6385512,0.6361929,0.3219537,0.3219537,0.5322326024373373
LG_BraTS20_Training_294,0.40810645,0.2212805,2.7027026e-12,2.7027026e-12,0.20979565382003784
LG_BraTS20_Training_297,0.26861817,0.3438349,2.5100401e-12,2.5100401e-12,0.20415103435516357
LG_BraTS20_Training_310,0.46550778,0.31885898,3.8089434e-13,3.8089434e-13,0.26145557562510174
LG_BraTS20_Training_324,0.44046763,0.11078053,1.9952115e-12,1.9952115e-12,0.18374937772750854
t2
HG_BraTS20_Training_010,0.7158718,0.67576903,0.32576165,0.32576165,0.5724675258000692
HG_BraTS20_Training_012,0.84192497,0.73801917,0.5815803,0.5815803,0.7205080986022949
HG_BraTS20_Training_020,0.8690541,0.73488206,0.33762085,0.33762085,0.6471856832504272
HG_BraTS20_Training_070,0.8006222,0.55951536,0.22560203,0.22560203,0.5285798708597819
HG_BraTS20_Training_089,0.82590854,0.46260473,0.40107527,0.40107527,0.5631961822509766
HG_BraTS20_Training_119,0.6236804,0.6230119,0.26449618,0.26449618,0.503729502360026
HG_BraTS20_Training_124,0.8963206,0.7677146,0.37986666,0.37986666,0.6813006401062012
HG_BraTS20_Training_128,0.779664,0.18465815,0.196932,0.196932,0.3870847225189209
HG_BraTS20_Training_134,0.7786625,0.6261153,0.30691165,0.30691165,0.5705631573994955
HG_BraTS20_Training_140,0.9095063,0.82576925,0.29013392,0.29013392,0.6751364866892496
HG_BraTS20_Training_150,0.87757325,0.74494123,0.51428497,0.51428497,0.7122664451599121
HG_BraTS20_Training_180,0.6570273,0.44509163,0.21659724,0.21659724,0.4395720561345418
HG_BraTS20_Training_188,0.6318654,0.7387188,0.5652206,0.5652206,0.6452682813008627
HG_BraTS20_Training_191,0.91500163,0.4758205,0.25355375,0.25355375,0.5481253067652384
HG_BraTS20_Training_201,0.8821123,0.8793203,0.6299871,0.6299871,0.7971399625142416
HG_BraTS20_Training_211,0.811185,0.7979248,0.5481278,0.5481278,0.7190791765848795
HG_BraTS20_Training_212,0.8730446,0.70087445,0.38212568,0.38212568,0.6520148913065592
HG_BraTS20_Training_226,0.8712685,0.80188864,0.3354087,0.3354087,0.6695219675699869
HG_BraTS20_Training_232,0.72905123,0.5956907,0.43042284,0.43042284,0.5850549538930258
HG_BraTS20_Training_241,0.81634825,0.49241933,0.43303552,0.43303552,0.5806010166803995
HG_BraTS20_Training_245,0.765137,0.78244466,0.47254694,0.47254694,0.6733762423197428
HG_BraTS20_Training_246,0.79703194,0.6408269,0.4128445,0.4128445,0.6169011195500692
HG_BraTS20_Training_336,0.94017625,0.6856535,0.46487436,0.46487436,0.6969013214111328
HG_BraTS20_Training_338,0.89948684,0.7468891,0.44381714,0.44381714,0.6967310110727946
HG_BraTS20_Training_344,0.8726352,0.7560597,0.35562837,0.35562837,0.6614410877227783
HG_BraTS20_Training_352,0.88792264,0.5061994,0.45203498,0.45203498,0.6153856913248698
LG_BraTS20_Training_262,0.8549678,0.2645624,7.265858e-13,7.265858e-13,0.37317673365275067
LG_BraTS20_Training_275,0.67608255,0.018260792,6.0975607e-11,1.0,0.23144777615865073
LG_BraTS20_Training_278,0.76900417,0.40437987,9.520183e-13,9.520183e-13,0.39112802346547443
LG_BraTS20_Training_283,0.88249725,0.39275673,0.3576683,0.3576683,0.5443074305852255
LG_BraTS20_Training_291,0.9410689,0.70747465,0.009989816,0.009989816,0.5528444846471151
LG_BraTS20_Training_292,0.87437314,0.46914974,0.24677986,0.24677986,0.5301009019215902
LG_BraTS20_Training_294,0.8723504,0.5908367,8.430282e-13,8.430282e-13,0.4877290328343709
LG_BraTS20_Training_297,0.68161,0.37739444,1.0599957e-12,1.0599957e-12,0.3530014753341675
LG_BraTS20_Training_310,0.83628947,0.66015714,1.3941168e-12,1.3941168e-12,0.49881553649902344
LG_BraTS20_Training_324,0.7367666,0.22507073,1.5444015e-12,1.5444015e-12,0.32061243057250977
WT Dice,TC Dice,ET Dice,ETPro Dice,WT HD95,TC HD95,ET HD95ETPro HD95
flairt1cet1t2
HG_BraTS20_Training_010,0.8014888,0.8003593,0.8251881,0.8251881,0.8090120951334635
HG_BraTS20_Training_012,0.86275774,0.8952392,0.79266804,0.79266804,0.8502216339111328
HG_BraTS20_Training_020,0.8956426,0.7952858,0.60460234,0.60460234,0.7651769320170084
HG_BraTS20_Training_070,0.9069777,0.82053727,0.6673896,0.6673896,0.7983015378316244
HG_BraTS20_Training_089,0.84847635,0.6196983,0.8814501,0.8814501,0.7832082907358805
HG_BraTS20_Training_119,0.8013707,0.8880462,0.7495795,0.7495795,0.8129987716674805
HG_BraTS20_Training_124,0.9249259,0.91742855,0.86570674,0.86570674,0.9026870727539062
HG_BraTS20_Training_128,0.8580889,0.3938178,0.41258502,0.41258502,0.5548305908838908
HG_BraTS20_Training_134,0.8204029,0.77397907,0.6981154,0.6981154,0.7641657988230387
HG_BraTS20_Training_140,0.937258,0.90917635,0.81512475,0.81512475,0.8871863683064779
HG_BraTS20_Training_150,0.9259799,0.8925774,0.89973456,0.89973456,0.9060972531636556
HG_BraTS20_Training_180,0.7227582,0.8078812,0.84008914,0.84008914,0.7902428309122721
HG_BraTS20_Training_188,0.7505296,0.79509497,0.7066588,0.7066588,0.7507611115773519
HG_BraTS20_Training_191,0.92528605,0.8076343,0.76473296,0.76473296,0.8325511614481608
HG_BraTS20_Training_201,0.914983,0.9425703,0.85919553,0.85919553,0.9055829048156738
HG_BraTS20_Training_211,0.8750817,0.91187996,0.8238769,0.8238769,0.8702795505523682
HG_BraTS20_Training_212,0.8351392,0.71738356,0.6405613,0.6405613,0.7310280005137125
HG_BraTS20_Training_226,0.88115394,0.9286934,0.8920842,0.8920842,0.9006438255310059
HG_BraTS20_Training_232,0.86646086,0.77132815,0.68906623,0.68906623,0.7756183942159017
HG_BraTS20_Training_241,0.86987823,0.78457326,0.76462257,0.76462257,0.8063580195109049
HG_BraTS20_Training_245,0.90089023,0.8168063,0.78130335,0.78130335,0.8329999446868896
HG_BraTS20_Training_246,0.8854494,0.75918734,0.835459,0.835459,0.8266986211140951
HG_BraTS20_Training_336,0.9169888,0.9355436,0.8698306,0.8698306,0.9074543317159017
HG_BraTS20_Training_338,0.9298967,0.94029146,0.8967472,0.8967472,0.9223117828369141
HG_BraTS20_Training_344,0.88515097,0.75451875,0.61686593,0.61686593,0.7521785100301107
HG_BraTS20_Training_352,0.86941063,0.7095136,0.8264257,0.8264257,0.8017832438151041
LG_BraTS20_Training_262,0.86129373,0.3961811,2.070822e-12,2.070822e-12,0.4191582997639974
LG_BraTS20_Training_275,0.7596924,0.15923567,3.6643457e-12,3.6643457e-12,0.3063093423843384
LG_BraTS20_Training_278,0.8234561,0.17690308,3.8022814e-12,3.8022814e-12,0.33345305919647217
LG_BraTS20_Training_283,0.9262903,0.77804035,0.8250879,0.8250879,0.8431394894917806
LG_BraTS20_Training_291,0.9440265,0.7746808,0.026925271,0.026925271,0.5818775494893392
LG_BraTS20_Training_292,0.8737577,0.6805267,0.47132128,0.47132128,0.6752018928527832
LG_BraTS20_Training_294,0.9144895,0.6791359,1.8993353e-12,1.8993353e-12,0.5312084754308065
LG_BraTS20_Training_297,0.6481577,0.21281098,2.0140987e-12,2.0140987e-12,0.28698956966400146
LG_BraTS20_Training_310,0.9026109,0.5388745,1.0118385e-12,1.0118385e-12,0.4804951349894206
LG_BraTS20_Training_324,0.9131195,0.04355501,4.2319087e-12,4.2319087e-12,0.3188915054003398
t1cet1t2
HG_BraTS20_Training_010,0.70751595,0.7445759,0.804364,0.804364,0.7521519660949707
HG_BraTS20_Training_012,0.83903056,0.88748807,0.7869919,0.7869919,0.8378368218739828
HG_BraTS20_Training_020,0.8581084,0.7647844,0.58517283,0.58517283,0.7360219160715739
HG_BraTS20_Training_070,0.8268699,0.8475648,0.6860824,0.6860824,0.7868390083312988
HG_BraTS20_Training_089,0.8347389,0.6501827,0.89649576,0.89649576,0.7938058376312256
HG_BraTS20_Training_119,0.6352846,0.8865277,0.7581674,0.7581674,0.7599932352701823
HG_BraTS20_Training_124,0.8989002,0.8904361,0.8427385,0.8427385,0.8773582776387533
HG_BraTS20_Training_128,0.8489273,0.35599673,0.3616863,0.3616863,0.5222034454345703
HG_BraTS20_Training_134,0.82516396,0.8198983,0.7085969,0.7085969,0.784553050994873
HG_BraTS20_Training_140,0.9258627,0.91502845,0.831496,0.831496,0.8907957077026367
HG_BraTS20_Training_150,0.88055825,0.9034573,0.90591496,0.90591496,0.8966434796651205
HG_BraTS20_Training_180,0.6994577,0.77847856,0.81709063,0.81709063,0.7650089263916016
HG_BraTS20_Training_188,0.6754865,0.7758668,0.68693244,0.68693244,0.7127618789672852
HG_BraTS20_Training_191,0.8919791,0.7636712,0.76947385,0.76947385,0.8083747227986654
HG_BraTS20_Training_201,0.89139163,0.93956155,0.8673753,0.8673753,0.8994428316752116
HG_BraTS20_Training_211,0.8225103,0.9238922,0.82899827,0.82899827,0.8584669431050619
HG_BraTS20_Training_212,0.821099,0.72511077,0.68269,0.68269,0.7429666519165039
HG_BraTS20_Training_226,0.82708925,0.93102044,0.88943106,0.88943106,0.8825136025746664
HG_BraTS20_Training_232,0.7804691,0.7638794,0.6770967,0.6770967,0.7404816945393881
HG_BraTS20_Training_241,0.86011785,0.81686974,0.7793951,0.7793951,0.8187942504882812
HG_BraTS20_Training_245,0.87256426,0.82042944,0.7878711,0.7878711,0.8269549210866293
HG_BraTS20_Training_246,0.8548193,0.8075699,0.8349986,0.8349986,0.8324626286824545
HG_BraTS20_Training_336,0.90091455,0.9242523,0.8711054,0.8711054,0.8987573782602946
HG_BraTS20_Training_338,0.9087317,0.95149255,0.90591425,0.90591425,0.9220461845397949
HG_BraTS20_Training_344,0.8662939,0.71636486,0.6201327,0.6201327,0.7342638174692789
HG_BraTS20_Training_352,0.8850936,0.76623726,0.8551862,0.8551862,0.8355057239532471
LG_BraTS20_Training_262,0.8286755,0.41187385,2.9044438e-12,2.9044438e-12,0.41351644198099774
LG_BraTS20_Training_275,0.645776,0.21230182,1.9908422e-12,1.9908422e-12,0.2860259215037028
LG_BraTS20_Training_278,0.78602916,0.09069335,2.3441162e-12,2.3441162e-12,0.292240838209788
LG_BraTS20_Training_283,0.90227544,0.8326754,0.84768873,0.84768873,0.8608798185984293
LG_BraTS20_Training_291,0.9267252,0.7203668,0.017666044,0.017666044,0.5549193620681763
LG_BraTS20_Training_292,0.86067325,0.6422321,0.41498217,0.41498217,0.6392958561579386
LG_BraTS20_Training_294,0.8564161,0.47293133,3.8714674e-12,3.8714674e-12,0.4431157906850179
LG_BraTS20_Training_297,0.73303574,0.2161591,1.2578617e-12,1.2578617e-12,0.316398282845815
LG_BraTS20_Training_310,0.7686942,0.44452187,6.073489e-13,6.073489e-13,0.4044053554534912
LG_BraTS20_Training_324,0.80161554,0.013675669,5.6211355e-12,5.6211355e-12,0.27176374197006226
flairt1cet2
HG_BraTS20_Training_010,0.7918386,0.8004835,0.8348548,0.8348548,0.8090589841206869
HG_BraTS20_Training_012,0.8607525,0.84690946,0.75294507,0.75294507,0.8202023506164551
HG_BraTS20_Training_020,0.8812154,0.79618895,0.59614795,0.59614795,0.7578508059183756
HG_BraTS20_Training_070,0.8852391,0.8363462,0.63967973,0.63967973,0.7870883146921793
HG_BraTS20_Training_089,0.8515171,0.5511837,0.8541542,0.8541542,0.7522850036621094
HG_BraTS20_Training_119,0.8061251,0.87396514,0.72922033,0.72922033,0.803103526433309
HG_BraTS20_Training_124,0.91465837,0.8820971,0.8543582,0.8543582,0.8837045828501383
HG_BraTS20_Training_128,0.8747773,0.4005529,0.44027048,0.44027048,0.5718669096628824
HG_BraTS20_Training_134,0.81911874,0.7772445,0.6810603,0.6810603,0.759141206741333
HG_BraTS20_Training_140,0.9337342,0.9065586,0.8197255,0.8197255,0.8866727352142334
HG_BraTS20_Training_150,0.9269649,0.8830993,0.899356,0.899356,0.9031400680541992
HG_BraTS20_Training_180,0.6898512,0.7469949,0.81434566,0.81434566,0.7503972848256429
HG_BraTS20_Training_188,0.7447076,0.8069934,0.71556723,0.71556723,0.7557560602823893
HG_BraTS20_Training_191,0.9239903,0.8436107,0.75385773,0.75385773,0.840486208597819
HG_BraTS20_Training_201,0.9184475,0.94096535,0.84535164,0.84535164,0.9015882015228271
HG_BraTS20_Training_211,0.8754941,0.9116223,0.82771003,0.82771003,0.8716088136037191
HG_BraTS20_Training_212,0.86180705,0.792345,0.6423294,0.6423294,0.7654937903086344
HG_BraTS20_Training_226,0.88125885,0.9187528,0.887254,0.887254,0.8957552115122477
HG_BraTS20_Training_232,0.85332876,0.7807465,0.683559,0.683559,0.772544781366984
HG_BraTS20_Training_241,0.8657549,0.7399605,0.72175705,0.72175705,0.7758241494496664
HG_BraTS20_Training_245,0.8747939,0.76811457,0.7492334,0.7492334,0.7973806063334147
HG_BraTS20_Training_246,0.8608553,0.746611,0.80817974,0.80817974,0.8052153587341309
HG_BraTS20_Training_336,0.9187359,0.93303776,0.8571838,0.8571838,0.9029858907063802
HG_BraTS20_Training_338,0.9232318,0.9344856,0.88660246,0.88660246,0.9147733052571615
HG_BraTS20_Training_344,0.8760655,0.803832,0.6087011,0.6087011,0.7628661791483561
HG_BraTS20_Training_352,0.8149285,0.62253,0.8418494,0.8418494,0.7597692807515463
LG_BraTS20_Training_262,0.84705085,0.30127653,1.601794e-12,1.601794e-12,0.38277578353881836
LG_BraTS20_Training_275,0.7809413,0.14019293,4.5045044e-12,4.5045044e-12,0.30704474449157715
LG_BraTS20_Training_278,0.8189193,0.16408047,4.0355124e-12,4.0355124e-12,0.3276666005452474
LG_BraTS20_Training_283,0.93906736,0.6853172,0.80486894,0.80486894,0.8097511927286783
LG_BraTS20_Training_291,0.9379146,0.76858,0.024923583,0.024923583,0.5771393775939941
LG_BraTS20_Training_292,0.85332596,0.7120599,0.41688344,0.41688344,0.6607564290364584
LG_BraTS20_Training_294,0.9105506,0.7190697,1.9223375e-12,1.9223375e-12,0.5432067712148031
LG_BraTS20_Training_297,0.68429965,0.4498167,2.1181954e-12,2.1181954e-12,0.37803880373636883
LG_BraTS20_Training_310,0.90224785,0.60364896,1.0161569e-12,1.0161569e-12,0.501965602238973
LG_BraTS20_Training_324,0.9048632,0.10850374,3.040438e-12,3.040438e-12,0.33778897921244305
flairt1t2
HG_BraTS20_Training_010,0.8199432,0.69394654,0.275791,0.275791,0.5965602397918701
HG_BraTS20_Training_012,0.87049824,0.81778646,0.5489222,0.5489222,0.7457356452941895
HG_BraTS20_Training_020,0.89505076,0.78777725,0.3782096,0.3782096,0.687012513478597
HG_BraTS20_Training_070,0.8988831,0.7040645,0.29272193,0.29272193,0.631889820098877
HG_BraTS20_Training_089,0.8400265,0.42129552,0.2897259,0.2897259,0.5170159737269083
HG_BraTS20_Training_119,0.7975163,0.7970463,0.5179869,0.5179869,0.7041831016540527
HG_BraTS20_Training_124,0.9326586,0.7607597,0.44497612,0.44497612,0.7127981185913086
HG_BraTS20_Training_128,0.85238725,0.24367242,0.19804402,0.19804402,0.4313679138819377
HG_BraTS20_Training_134,0.84704655,0.71120614,0.33832422,0.33832422,0.6321922938028971
HG_BraTS20_Training_140,0.9342809,0.8430271,0.32842368,0.32842368,0.7019105752309164
HG_BraTS20_Training_150,0.904739,0.7436022,0.39430276,0.39430276,0.6808813412984213
HG_BraTS20_Training_180,0.692041,0.57299757,0.46645308,0.46645308,0.5771638552347819
HG_BraTS20_Training_188,0.7587923,0.6984755,0.50266063,0.50266063,0.6533094644546509
HG_BraTS20_Training_191,0.93440896,0.53850925,0.33238044,0.33238044,0.6017662286758423
HG_BraTS20_Training_201,0.9358084,0.8958293,0.7128462,0.7128462,0.8481613000233968
HG_BraTS20_Training_211,0.85762346,0.80500233,0.4401551,0.4401551,0.700926939646403
HG_BraTS20_Training_212,0.84988797,0.7205685,0.3250428,0.3250428,0.6318331162134806
HG_BraTS20_Training_226,0.8864373,0.8509433,0.37151948,0.37151948,0.7029666900634766
HG_BraTS20_Training_232,0.87910515,0.4979149,0.33063373,0.33063373,0.5692179600397745
HG_BraTS20_Training_241,0.88803333,0.55032605,0.47376534,0.47376534,0.6373749176661173
HG_BraTS20_Training_245,0.86565447,0.8251924,0.6286331,0.6286331,0.7731599807739258
HG_BraTS20_Training_246,0.87164116,0.6660016,0.515399,0.515399,0.6843472321828207
HG_BraTS20_Training_336,0.9150431,0.8692995,0.5747184,0.5747184,0.7863536675771078
HG_BraTS20_Training_338,0.91253406,0.83834404,0.5105683,0.5105683,0.753815491994222
HG_BraTS20_Training_344,0.8942391,0.8088352,0.44202322,0.44202322,0.7150324980417887
HG_BraTS20_Training_352,0.8649089,0.28402135,0.43878412,0.43878412,0.5292381048202515
LG_BraTS20_Training_262,0.87000126,0.32650033,7.2563673e-13,7.2563673e-13,0.39883387088775635
LG_BraTS20_Training_275,0.772263,0.1117157,2.1978022e-11,1.0,0.2946595549583435
LG_BraTS20_Training_278,0.8579664,0.5964316,7.5267196e-13,7.5267196e-13,0.4847993453343709
LG_BraTS20_Training_283,0.92212874,0.41589063,0.45308158,0.45308158,0.5970336596171061
LG_BraTS20_Training_291,0.9478956,0.7178961,0.008353124,0.008353124,0.5580482880274454
LG_BraTS20_Training_292,0.8953584,0.8016988,0.2573139,0.2573139,0.6514570713043213
LG_BraTS20_Training_294,0.91665035,0.7201938,6.818027e-13,6.818027e-13,0.5456147193908691
LG_BraTS20_Training_297,0.7714548,0.7268794,1.2841916e-12,1.2841916e-12,0.49944472312927246
LG_BraTS20_Training_310,0.9199518,0.7560676,8.038585e-13,8.038585e-13,0.5586731433868408
LG_BraTS20_Training_324,0.91291094,0.22845098,5.2438383e-12,5.2438383e-12,0.38045398394266766
flairt1cet1
HG_BraTS20_Training_010,0.7805071,0.7308565,0.8116104,0.8116104,0.7743246555328369
HG_BraTS20_Training_012,0.8457001,0.82298565,0.73700947,0.73700947,0.8018983999888102
HG_BraTS20_Training_020,0.8854134,0.80150604,0.61924815,0.61924815,0.7687225341796875
HG_BraTS20_Training_070,0.90616703,0.8557094,0.6610346,0.6610346,0.8076369762420654
HG_BraTS20_Training_089,0.86017746,0.67144895,0.8764304,0.8764304,0.8026855786641439
HG_BraTS20_Training_119,0.7996408,0.84016925,0.73287606,0.73287606,0.7908953825632731
HG_BraTS20_Training_124,0.9342993,0.92170984,0.8582057,0.8582057,0.9047382672627767
HG_BraTS20_Training_128,0.8115828,0.3600713,0.34959942,0.34959942,0.5070845286051432
HG_BraTS20_Training_134,0.77983,0.7053445,0.69408417,0.69408417,0.7264195283253988
HG_BraTS20_Training_140,0.93450654,0.9158836,0.8329081,0.8329081,0.894432783126831
HG_BraTS20_Training_150,0.9024518,0.87054634,0.87695444,0.87695444,0.8833174705505371
HG_BraTS20_Training_180,0.75284857,0.8310314,0.8351977,0.8351977,0.8063592116038004
HG_BraTS20_Training_188,0.7323766,0.7276507,0.66469926,0.66469926,0.7082421779632568
HG_BraTS20_Training_191,0.9131562,0.83241326,0.7964639,0.7964639,0.8473444779713949
HG_BraTS20_Training_201,0.9015618,0.9353341,0.85085374,0.85085374,0.8959165414174398
HG_BraTS20_Training_211,0.88940483,0.9009683,0.8178081,0.8178081,0.8693937460581461
HG_BraTS20_Training_212,0.7804106,0.62437123,0.61815673,0.61815673,0.6743128299713135
HG_BraTS20_Training_226,0.84304017,0.92378914,0.89482373,0.89482373,0.8872176806131998
HG_BraTS20_Training_232,0.90081733,0.68790555,0.5429832,0.5429832,0.7105687459309896
HG_BraTS20_Training_241,0.87431,0.8080688,0.7907448,0.7907448,0.8243745168050131
HG_BraTS20_Training_245,0.8746952,0.81519645,0.7882808,0.7882808,0.8260574340820312
HG_BraTS20_Training_246,0.8815704,0.740645,0.86400795,0.86400795,0.8287410736083984
HG_BraTS20_Training_336,0.92351824,0.93918,0.8723334,0.8723334,0.9116772015889486
HG_BraTS20_Training_338,0.91154814,0.9308972,0.8928663,0.8928663,0.9117705821990967
HG_BraTS20_Training_344,0.893661,0.77336025,0.6300754,0.6300754,0.7656989097595215
HG_BraTS20_Training_352,0.66527706,0.6721394,0.83364266,0.83364266,0.7236863772074381
LG_BraTS20_Training_262,0.85214794,0.3998829,1.8308313e-12,1.8308313e-12,0.4173436164855957
LG_BraTS20_Training_275,0.7115667,0.15837847,6.4102564e-12,6.4102564e-12,0.2899817228317261
LG_BraTS20_Training_278,0.83977723,0.112484604,1.823819e-12,1.823819e-12,0.3174206018447876
LG_BraTS20_Training_283,0.9105346,0.84877235,0.8675272,0.8675272,0.8756113847096761
LG_BraTS20_Training_291,0.900706,0.60150546,0.016887186,0.016887186,0.5063662131627401
LG_BraTS20_Training_292,0.74005806,0.46116716,0.44680852,0.44680852,0.5493446191151937
LG_BraTS20_Training_294,0.8418776,0.51117295,1.5264845e-12,1.5264845e-12,0.4510168234507243
LG_BraTS20_Training_297,0.47458723,0.17812546,1.1415525e-11,1.1415525e-11,0.21757090091705322
LG_BraTS20_Training_310,0.8573086,0.3131481,5.3183e-13,5.3183e-13,0.39015225569407147
LG_BraTS20_Training_324,0.89629525,0.04352116,1.9550342e-12,1.9550342e-12,0.3132721384366353
flairt1ce
HG_BraTS20_Training_010,0.77428335,0.8290458,0.8547139,0.8547139,0.8193476994832357
HG_BraTS20_Training_012,0.83172774,0.8670999,0.7710485,0.7710485,0.8232920169830322
HG_BraTS20_Training_020,0.8783603,0.7206778,0.6093052,0.6093052,0.7361144224802653
HG_BraTS20_Training_070,0.8815153,0.71267843,0.6429858,0.6429858,0.7457265059153239
HG_BraTS20_Training_089,0.85568553,0.8278261,0.93135035,0.93135035,0.8716206550598145
HG_BraTS20_Training_119,0.79738784,0.885978,0.7796987,0.7796987,0.821021556854248
HG_BraTS20_Training_124,0.9289117,0.9100594,0.8441766,0.8441766,0.8943825562795004
HG_BraTS20_Training_128,0.87188524,0.51983124,0.52530867,0.52530867,0.639008363087972
HG_BraTS20_Training_134,0.78318,0.72305834,0.66401637,0.66401637,0.7234182357788086
HG_BraTS20_Training_140,0.93673474,0.9159744,0.85199296,0.85199296,0.901567300160726
HG_BraTS20_Training_150,0.8932611,0.8843636,0.88960236,0.88960236,0.8890756766001383
HG_BraTS20_Training_180,0.73853344,0.82949173,0.82176614,0.82176614,0.7965970834096273
HG_BraTS20_Training_188,0.7116489,0.776466,0.7142323,0.7142323,0.7341157595316569
HG_BraTS20_Training_191,0.90789026,0.83709884,0.7872269,0.7872269,0.8440720240275065
HG_BraTS20_Training_201,0.8892704,0.9453549,0.846041,0.846041,0.8935554027557373
HG_BraTS20_Training_211,0.8904252,0.91382176,0.83858836,0.83858836,0.8809450467427572
HG_BraTS20_Training_212,0.7774215,0.6098244,0.6535988,0.6535988,0.6802815596262614
HG_BraTS20_Training_226,0.8464711,0.9084575,0.8927017,0.8927017,0.8825434048970541
HG_BraTS20_Training_232,0.8686626,0.7209862,0.6213443,0.6213443,0.7369976838429769
HG_BraTS20_Training_241,0.8564102,0.74554235,0.73175883,0.73175883,0.7779037952423096
HG_BraTS20_Training_245,0.860692,0.76518065,0.754898,0.754898,0.793590227762858
HG_BraTS20_Training_246,0.8462086,0.650056,0.81430274,0.81430274,0.770189126332601
HG_BraTS20_Training_336,0.915211,0.9321732,0.85713834,0.85713834,0.9015075365702311
HG_BraTS20_Training_338,0.9084179,0.9400868,0.88707525,0.88707525,0.9118599891662598
HG_BraTS20_Training_344,0.8590397,0.71905357,0.6360302,0.6360302,0.7380411624908447
HG_BraTS20_Training_352,0.59632045,0.69334936,0.8377679,0.8377679,0.7091458638509115
LG_BraTS20_Training_262,0.8474516,0.40587914,5.1626225e-12,5.1626225e-12,0.4177769025166829
LG_BraTS20_Training_275,0.75782835,0.022315202,5.050505e-11,1.0,0.2600478529930115
LG_BraTS20_Training_278,0.79806703,0.0049051614,3.960396e-12,3.960396e-12,0.26765739917755127
LG_BraTS20_Training_283,0.94040364,0.8344377,0.8366459,0.8366459,0.8704957167307535
LG_BraTS20_Training_291,0.88264936,0.60407,0.04696214,0.04696214,0.5112271706263224
LG_BraTS20_Training_292,0.76835465,0.420804,0.41204765,0.41204765,0.533735434214274
LG_BraTS20_Training_294,0.83020365,0.3910987,3.003905e-12,3.003905e-12,0.4071007966995239
LG_BraTS20_Training_297,0.50462186,0.08073654,8.123477e-12,8.123477e-12,0.19511946042378744
LG_BraTS20_Training_310,0.80290204,0.15475494,4.843084e-13,4.843084e-13,0.3192189931869507
LG_BraTS20_Training_324,0.8572638,0.009887911,3.7950663e-12,3.7950663e-12,0.2890505790710449
flairt2
HG_BraTS20_Training_010,0.79579365,0.72276807,0.49382067,0.49382067,0.6707941691080729
HG_BraTS20_Training_012,0.8655124,0.7321323,0.5098874,0.5098874,0.702510674794515
HG_BraTS20_Training_020,0.8829807,0.785596,0.36649624,0.36649624,0.6783576806386312
HG_BraTS20_Training_070,0.89677054,0.69726664,0.28958204,0.28958204,0.6278730630874634
HG_BraTS20_Training_089,0.8590592,0.39552447,0.30978876,0.30978876,0.5214575131734213
HG_BraTS20_Training_119,0.7926045,0.8144562,0.54994905,0.54994905,0.7190032005310059
HG_BraTS20_Training_124,0.9317232,0.764854,0.46024737,0.46024737,0.7189415295918783
HG_BraTS20_Training_128,0.8644231,0.19680274,0.19904803,0.19904803,0.42009131113688153
HG_BraTS20_Training_134,0.81283545,0.6959106,0.39828053,0.39828053,0.6356755097707113
HG_BraTS20_Training_140,0.9370518,0.78880334,0.40687558,0.40687558,0.7109102408091227
HG_BraTS20_Training_150,0.91748387,0.7491644,0.453156,0.453156,0.7066014607747396
HG_BraTS20_Training_180,0.70097506,0.57543385,0.4664179,0.4664179,0.5809422731399536
HG_BraTS20_Training_188,0.7431405,0.7078636,0.5069257,0.5069257,0.6526432832082113
HG_BraTS20_Training_191,0.9363418,0.6488693,0.4101677,0.4101677,0.6651262442270914
HG_BraTS20_Training_201,0.91764694,0.90300494,0.718881,0.718881,0.8465109666188558
HG_BraTS20_Training_211,0.8669885,0.7936466,0.49037078,0.49037078,0.7170019149780273
HG_BraTS20_Training_212,0.8581385,0.734913,0.32837233,0.32837233,0.6404745976130167
HG_BraTS20_Training_226,0.86951673,0.827729,0.42468578,0.42468578,0.7073105176289877
HG_BraTS20_Training_232,0.87704563,0.56139594,0.38275197,0.38275197,0.6070644855499268
HG_BraTS20_Training_241,0.8749616,0.49064305,0.43326885,0.43326885,0.5996244748433431
HG_BraTS20_Training_245,0.7301759,0.73307395,0.5071013,0.5071013,0.6567837397257487
HG_BraTS20_Training_246,0.81607616,0.63314164,0.5066648,0.5066648,0.6519608497619629
HG_BraTS20_Training_336,0.92723507,0.8774099,0.6421019,0.6421019,0.815582275390625
HG_BraTS20_Training_338,0.91618025,0.82238674,0.5631249,0.5631249,0.7672306696573893
HG_BraTS20_Training_344,0.8998533,0.79297805,0.4150532,0.4150532,0.7026281356811523
HG_BraTS20_Training_352,0.818007,0.42743742,0.4550054,0.4550054,0.5668166081110636
LG_BraTS20_Training_262,0.8779529,0.24595293,4.589893e-13,4.589893e-13,0.3746352593104045
LG_BraTS20_Training_275,0.8128485,0.2232973,8.818342e-12,8.818342e-12,0.3453819354375203
LG_BraTS20_Training_278,0.83430266,0.65039706,6.1724584e-13,6.1724584e-13,0.4948999087015788
LG_BraTS20_Training_283,0.9279687,0.39349464,0.40159926,0.40159926,0.5743542114893595
LG_BraTS20_Training_291,0.9405661,0.6942348,0.0068523656,0.0068523656,0.5472177664438883
LG_BraTS20_Training_292,0.910282,0.7315378,0.21748036,0.21748036,0.6197667121887207
LG_BraTS20_Training_294,0.91669714,0.7118388,6.1214494e-13,6.1214494e-13,0.5428453286488851
LG_BraTS20_Training_297,0.75881547,0.689747,9.801039e-13,9.801039e-13,0.48285412788391113
LG_BraTS20_Training_310,0.9188182,0.7527685,5.4788514e-13,5.4788514e-13,0.5571955839792887
LG_BraTS20_Training_324,0.8997613,0.37894228,1.1698643e-12,1.1698643e-12,0.42623452345530194
t1t2
HG_BraTS20_Training_010,0.7316147,0.60992765,0.2805848,0.2805848,0.5407090584437052
HG_BraTS20_Training_012,0.8668177,0.772475,0.62340987,0.62340987,0.7542341550191244
HG_BraTS20_Training_020,0.86980027,0.8055441,0.36153072,0.36153072,0.6789583365122477
HG_BraTS20_Training_070,0.86138856,0.74086833,0.35381612,0.35381612,0.6520243485768636
HG_BraTS20_Training_089,0.83087873,0.4093916,0.40108564,0.40108564,0.5471186637878418
HG_BraTS20_Training_119,0.6195485,0.77792805,0.46266988,0.46266988,0.6200488011042277
HG_BraTS20_Training_124,0.90716916,0.7277964,0.44193873,0.44193873,0.6923014322916666
HG_BraTS20_Training_128,0.8442299,0.20043704,0.17074458,0.17074458,0.4051371415456136
HG_BraTS20_Training_134,0.84723395,0.75900275,0.41212428,0.41212428,0.6727870305379232
HG_BraTS20_Training_140,0.9155228,0.83740234,0.37246138,0.37246138,0.7084621588389078
HG_BraTS20_Training_150,0.86848366,0.75624704,0.56058097,0.56058097,0.7284372647603353
HG_BraTS20_Training_180,0.6848799,0.48402402,0.38535485,0.38535485,0.5180862744649252
HG_BraTS20_Training_188,0.67299676,0.76141894,0.6026733,0.6026733,0.679029623667399
HG_BraTS20_Training_191,0.9043308,0.36487696,0.2631738,0.2631738,0.5107938448588053
HG_BraTS20_Training_201,0.8889012,0.9067966,0.76967555,0.76967555,0.8551243940989176
HG_BraTS20_Training_211,0.81675905,0.7910133,0.50746924,0.50746924,0.705080509185791
HG_BraTS20_Training_212,0.86781764,0.77303076,0.4193397,0.4193397,0.686729351679484
HG_BraTS20_Training_226,0.8463297,0.8360092,0.43430114,0.43430114,0.7055466969807943
HG_BraTS20_Training_232,0.76278424,0.49641296,0.36253884,0.36253884,0.5405786832173666
HG_BraTS20_Training_241,0.87102437,0.58200353,0.49434608,0.49434608,0.6491247018178304
HG_BraTS20_Training_245,0.86577785,0.82456833,0.63529736,0.63529736,0.7752145131429037
HG_BraTS20_Training_246,0.8783416,0.76746935,0.5383347,0.5383347,0.72804856300354
HG_BraTS20_Training_336,0.91233575,0.85584146,0.6162927,0.6162927,0.7948233286539713
HG_BraTS20_Training_338,0.9123155,0.8258612,0.5507119,0.5507119,0.7629628976186117
HG_BraTS20_Training_344,0.8796758,0.8057773,0.42218104,0.42218104,0.7025447686513265
HG_BraTS20_Training_352,0.9025639,0.24044108,0.32979804,0.32979804,0.4909343719482422
LG_BraTS20_Training_262,0.8452602,0.30287325,5.1564997e-13,5.1564997e-13,0.38271117210388184
LG_BraTS20_Training_275,0.67514175,0.192288,6.702413e-12,6.702413e-12,0.28914324442545575
LG_BraTS20_Training_278,0.8033399,0.55075616,5.6028684e-13,5.6028684e-13,0.4513653516769409
LG_BraTS20_Training_283,0.90898746,0.35945144,0.40016937,0.40016937,0.55620276927948
LG_BraTS20_Training_291,0.94485873,0.682337,0.004947176,0.004947176,0.5440476338068644
LG_BraTS20_Training_292,0.8540176,0.80863285,0.22001477,0.22001477,0.6275550921758016
LG_BraTS20_Training_294,0.8566863,0.68239665,7.895152e-13,7.895152e-13,0.5130276679992676
LG_BraTS20_Training_297,0.79762214,0.6925092,8.118201e-13,8.118201e-13,0.49671045939127606
LG_BraTS20_Training_310,0.84204304,0.7573201,4.878763e-13,4.878763e-13,0.5331210295359293
LG_BraTS20_Training_324,0.8133135,0.28917724,1.3260841e-12,1.3260841e-12,0.36749688784281415
flairt1
HG_BraTS20_Training_010,0.75614095,0.70001644,0.50609934,0.50609934,0.6540855964024862
HG_BraTS20_Training_012,0.8453532,0.72519594,0.44228804,0.44228804,0.6709457238515218
HG_BraTS20_Training_020,0.88728744,0.786447,0.33108997,0.33108997,0.6682747999827067
HG_BraTS20_Training_070,0.8977781,0.7756961,0.38200754,0.38200754,0.6851605574289957
HG_BraTS20_Training_089,0.8366104,0.42222035,0.3556905,0.3556905,0.5381737550099691
HG_BraTS20_Training_119,0.8163447,0.7263025,0.31441495,0.31441495,0.6190207004547119
HG_BraTS20_Training_124,0.9273532,0.7426122,0.43607414,0.43607414,0.7020131746927897
HG_BraTS20_Training_128,0.8068534,0.19390462,0.18410295,0.18410295,0.3949536482493083
HG_BraTS20_Training_134,0.8177235,0.6918076,0.40688798,0.40688798,0.6388063828150431
HG_BraTS20_Training_140,0.93766016,0.8578037,0.48599806,0.48599806,0.7604873180389404
HG_BraTS20_Training_150,0.90166545,0.6956126,0.60752016,0.60752016,0.7349327405293783
HG_BraTS20_Training_180,0.727576,0.65417105,0.5715177,0.5715177,0.6510882377624512
HG_BraTS20_Training_188,0.7093573,0.5560958,0.43950945,0.43950945,0.5683208306630453
HG_BraTS20_Training_191,0.9273155,0.6164016,0.5553111,0.5553111,0.6996760368347168
HG_BraTS20_Training_201,0.92078716,0.7727839,0.7295934,0.7295934,0.8077214558919271
HG_BraTS20_Training_211,0.86135095,0.74819285,0.5177609,0.5177609,0.7091015179951986
HG_BraTS20_Training_212,0.73728937,0.4746983,0.2548593,0.2548593,0.4889490207036336
HG_BraTS20_Training_226,0.8740999,0.8052834,0.57328516,0.57328516,0.7508894602457682
HG_BraTS20_Training_232,0.9001594,0.5087037,0.35677966,0.35677966,0.5885475873947144
HG_BraTS20_Training_241,0.8892946,0.5581236,0.47780088,0.47780088,0.6417396863301595
HG_BraTS20_Training_245,0.8620213,0.7905845,0.5346236,0.5346236,0.7290764649709066
HG_BraTS20_Training_246,0.88048655,0.608791,0.3982882,0.3982882,0.629188617070516
HG_BraTS20_Training_336,0.92753345,0.8794938,0.6671554,0.6671554,0.8247275352478027
HG_BraTS20_Training_338,0.88627636,0.79847014,0.6176149,0.6176149,0.7674538294474283
HG_BraTS20_Training_344,0.9068323,0.7165465,0.4502068,0.4502068,0.6911951700846354
HG_BraTS20_Training_352,0.52943546,0.3385345,0.40118304,0.40118304,0.42305099964141846
LG_BraTS20_Training_262,0.85948074,0.30885977,4.8120877e-13,4.8120877e-13,0.38944681485493976
LG_BraTS20_Training_275,0.68735045,0.16990489,5.8445354e-12,5.8445354e-12,0.28575177987416583
LG_BraTS20_Training_278,0.86296123,0.6246693,3.5128394e-13,3.5128394e-13,0.49587686856587726
LG_BraTS20_Training_283,0.89541703,0.4156387,0.43203112,0.43203112,0.581028938293457
LG_BraTS20_Training_291,0.92349416,0.7380491,0.0050043142,0.0050043142,0.5555158456166586
LG_BraTS20_Training_292,0.7896296,0.68428844,0.18734194,0.18734194,0.5537532965342203
LG_BraTS20_Training_294,0.8872082,0.6836928,2.909091e-13,2.909091e-13,0.5236336787541708
LG_BraTS20_Training_297,0.64583725,0.62820876,8.478169e-13,8.478169e-13,0.4246819814046224
LG_BraTS20_Training_310,0.9150608,0.7565106,2.6122618e-13,2.6122618e-13,0.5571904977162679
LG_BraTS20_Training_324,0.87589836,0.4386078,1.07689e-12,1.07689e-12,0.43816872437795
t1cet1
HG_BraTS20_Training_010,0.4727602,0.76595503,0.8257874,0.8257874,0.6881675720214844
HG_BraTS20_Training_012,0.67921585,0.8512174,0.75988877,0.75988877,0.7634406089782715
HG_BraTS20_Training_020,0.79372996,0.647293,0.6124886,0.6124886,0.6845038731892904
HG_BraTS20_Training_070,0.6501975,0.7572746,0.64821213,0.64821213,0.6852281093597412
HG_BraTS20_Training_089,0.76459813,0.7888362,0.9098102,0.9098102,0.8210814793904623
HG_BraTS20_Training_119,0.5469974,0.871843,0.7614846,0.7614846,0.7267750104268392
HG_BraTS20_Training_124,0.8146999,0.8503062,0.7940013,0.7940013,0.8196691672007242
HG_BraTS20_Training_128,0.35621703,0.57559526,0.55604815,0.55604815,0.4959534804026286
HG_BraTS20_Training_134,0.75656885,0.7972698,0.71948296,0.71948296,0.7577738761901855
HG_BraTS20_Training_140,0.8735249,0.9116813,0.82506984,0.82506984,0.870091994603475
HG_BraTS20_Training_150,0.82080233,0.90044504,0.9016881,0.9016881,0.8743118445078532
HG_BraTS20_Training_180,0.7130573,0.8468689,0.8037383,0.8037383,0.7878881295522054
HG_BraTS20_Training_188,0.51688814,0.7837011,0.70611507,0.70611507,0.6689014434814453
HG_BraTS20_Training_191,0.6966214,0.7198607,0.7171563,0.7171563,0.7112127939860026
HG_BraTS20_Training_201,0.7975334,0.94205844,0.84791243,0.84791243,0.8625014623006185
HG_BraTS20_Training_211,0.7349749,0.908229,0.82357615,0.82357615,0.8222600618998209
HG_BraTS20_Training_212,0.6627322,0.6022563,0.6532233,0.6532233,0.6394038995107015
HG_BraTS20_Training_226,0.7033472,0.89745474,0.86872727,0.86872727,0.823176383972168
HG_BraTS20_Training_232,0.67434555,0.78625137,0.6962651,0.6962651,0.7189540068308512
HG_BraTS20_Training_241,0.7259039,0.8115404,0.79800695,0.79800695,0.7784837881724039
HG_BraTS20_Training_245,0.8234646,0.7688881,0.7642973,0.7642973,0.7855499585469564
HG_BraTS20_Training_246,0.7379973,0.7540959,0.8637249,0.8637249,0.7852726777394613
HG_BraTS20_Training_336,0.7941165,0.84739006,0.7943977,0.7943977,0.8119680881500244
HG_BraTS20_Training_338,0.8461665,0.9408935,0.89459425,0.89459425,0.8938847382863363
HG_BraTS20_Training_344,0.7930709,0.61588115,0.58557767,0.58557767,0.6648432413736979
HG_BraTS20_Training_352,0.7788791,0.80601555,0.85254174,0.85254174,0.81247878074646
LG_BraTS20_Training_262,0.7234208,0.4259072,2.7770063e-12,2.7770063e-12,0.38310933113098145
LG_BraTS20_Training_275,0.3482598,0.1462457,6.184292e-12,6.184292e-12,0.16483517487843832
LG_BraTS20_Training_278,0.43146804,0.02979778,2.0048115e-12,2.0048115e-12,0.1537552773952484
LG_BraTS20_Training_283,0.6072674,0.8615057,0.85903394,0.85903394,0.7759356498718262
LG_BraTS20_Training_291,0.7404752,0.5414599,0.035781223,0.035781223,0.4392387866973877
LG_BraTS20_Training_292,0.75440574,0.5550344,0.42620444,0.42620444,0.5785481929779053
LG_BraTS20_Training_294,0.63309824,0.14149454,2.9325513e-12,2.9325513e-12,0.2581975857416789
LG_BraTS20_Training_297,0.19389609,0.11172368,3.082614e-12,3.082614e-12,0.10187325874964397
LG_BraTS20_Training_310,0.6230002,0.22895865,4.944131e-13,4.944131e-13,0.28398629029591876
LG_BraTS20_Training_324,0.5855137,0.027323702,2.4497795e-12,2.4497795e-12,0.20427914460500082
t1cet2
HG_BraTS20_Training_010,0.66309434,0.774828,0.8187406,0.8187406,0.7522209485371908
HG_BraTS20_Training_012,0.8142698,0.80931,0.74385965,0.74385965,0.7891464233398438
HG_BraTS20_Training_020,0.8325682,0.751902,0.5745227,0.5745227,0.7196643352508545
HG_BraTS20_Training_070,0.8209471,0.8549106,0.66262263,0.66262263,0.779493490854899
HG_BraTS20_Training_089,0.8568087,0.6346059,0.8968808,0.8968808,0.7960984706878662
HG_BraTS20_Training_119,0.6493071,0.87096965,0.73743016,0.73743016,0.7525689601898193
HG_BraTS20_Training_124,0.901044,0.8522387,0.82927006,0.82927006,0.860850969950358
HG_BraTS20_Training_128,0.8144894,0.43803638,0.44340506,0.44340506,0.5653102795282999
HG_BraTS20_Training_134,0.8318923,0.8420213,0.71615964,0.71615964,0.796691099802653
HG_BraTS20_Training_140,0.93026376,0.912042,0.8229244,0.8229244,0.8884100914001465
HG_BraTS20_Training_150,0.8974865,0.922164,0.9145002,0.9145002,0.9113835493723551
HG_BraTS20_Training_180,0.6757936,0.7237025,0.7903849,0.7903849,0.7299602826436361
HG_BraTS20_Training_188,0.62230587,0.7947754,0.705916,0.705916,0.707665761311849
HG_BraTS20_Training_191,0.88589144,0.81189865,0.801606,0.801606,0.8331320285797119
HG_BraTS20_Training_201,0.8829949,0.9310858,0.86264515,0.86264515,0.8922419548034668
HG_BraTS20_Training_211,0.8298322,0.92646736,0.8298315,0.8298315,0.8620436986287435
HG_BraTS20_Training_212,0.83908045,0.78948486,0.6840989,0.6840989,0.770888090133667
HG_BraTS20_Training_226,0.85343134,0.9193846,0.886581,0.886581,0.8864656289418539
HG_BraTS20_Training_232,0.7296444,0.8117696,0.7313943,0.7313943,0.7576027711232504
HG_BraTS20_Training_241,0.82950926,0.76110697,0.7392698,0.7392698,0.7766286532084147
HG_BraTS20_Training_245,0.84670365,0.7723709,0.7624772,0.7624772,0.7938505808512369
HG_BraTS20_Training_246,0.8473542,0.7887034,0.8401155,0.8401155,0.8253910541534424
HG_BraTS20_Training_336,0.9028845,0.92242944,0.8647079,0.8647079,0.8966739177703857
HG_BraTS20_Training_338,0.8934051,0.93580663,0.8924948,0.8924948,0.9072354634602865
HG_BraTS20_Training_344,0.86324614,0.73545575,0.62864625,0.62864625,0.7424494425455729
HG_BraTS20_Training_352,0.8971405,0.70921594,0.8685329,0.8685329,0.8249630928039551
LG_BraTS20_Training_262,0.85986876,0.40240848,2.404424e-12,2.404424e-12,0.42075908184051514
LG_BraTS20_Training_275,0.63658905,0.20439062,2.535497e-12,2.535497e-12,0.2803265651067098
LG_BraTS20_Training_278,0.7079225,0.039289635,3.154574e-12,3.154574e-12,0.24907072385152182
LG_BraTS20_Training_283,0.8967861,0.7858748,0.87243706,0.87243706,0.8516992727915446
LG_BraTS20_Training_291,0.92174757,0.774235,0.0077745384,0.0077745384,0.5679190556208292
LG_BraTS20_Training_292,0.8681095,0.6946557,0.3768421,0.3768421,0.6465357939402262
LG_BraTS20_Training_294,0.8653554,0.4908088,4.329004e-12,4.329004e-12,0.4520547389984131
LG_BraTS20_Training_297,0.7141067,0.49554202,1.7516202e-12,1.7516202e-12,0.40321624279022217
LG_BraTS20_Training_310,0.80085,0.50658315,9.789525e-13,9.789525e-13,0.43581104278564453
LG_BraTS20_Training_324,0.6630269,0.042012025,2.4509804e-12,2.4509804e-12,0.23501298824946085
flair
HG_BraTS20_Training_010,0.72936785,0.68169963,0.53423077,0.53423077,0.648432731628418
HG_BraTS20_Training_012,0.8431004,0.66442287,0.31446028,0.31446028,0.6073278586069742
HG_BraTS20_Training_020,0.8859439,0.7595985,0.35134292,0.35134292,0.6656284332275391
HG_BraTS20_Training_070,0.89653975,0.5781359,0.22070691,0.22070691,0.5651275316874186
HG_BraTS20_Training_089,0.84522545,0.47890893,0.27987474,0.27987474,0.5346697171529134
HG_BraTS20_Training_119,0.8092792,0.78202325,0.49725738,0.49725738,0.6961866219838461
HG_BraTS20_Training_124,0.9271035,0.8017187,0.34108776,0.34108776,0.6899700164794922
HG_BraTS20_Training_128,0.8782373,0.20855778,0.17107943,0.17107943,0.41929149627685547
HG_BraTS20_Training_134,0.7804855,0.5562516,0.32249466,0.32249466,0.5530772606531779
HG_BraTS20_Training_140,0.94044787,0.85115373,0.5742248,0.5742248,0.7886088689168295
HG_BraTS20_Training_150,0.80376476,0.5548121,0.3317408,0.3317408,0.5634392102559408
HG_BraTS20_Training_180,0.74506783,0.68502057,0.4404183,0.4404183,0.623502254486084
HG_BraTS20_Training_188,0.586291,0.33509102,0.24708284,0.24708284,0.38948829968770343
HG_BraTS20_Training_191,0.93831694,0.64312255,0.4327931,0.4327931,0.671410878499349
HG_BraTS20_Training_201,0.93535066,0.8361365,0.54930055,0.54930055,0.7735959688822428
HG_BraTS20_Training_211,0.82500464,0.695886,0.42619774,0.42619774,0.6490294933319092
HG_BraTS20_Training_212,0.7385396,0.44344002,0.17767015,0.17767015,0.45321659247080487
HG_BraTS20_Training_226,0.87884337,0.67853105,0.38398382,0.38398382,0.6471194426218668
HG_BraTS20_Training_232,0.9096847,0.50689656,0.37543383,0.37543383,0.5973383585611979
HG_BraTS20_Training_241,0.870773,0.31012902,0.260214,0.260214,0.48037199179331463
HG_BraTS20_Training_245,0.7658903,0.7194945,0.4494407,0.4494407,0.6449418465296427
HG_BraTS20_Training_246,0.8132097,0.3512552,0.26746315,0.26746315,0.4773093859354655
HG_BraTS20_Training_336,0.9229959,0.8560248,0.5830608,0.5830608,0.7873605092366537
HG_BraTS20_Training_338,0.86027384,0.6958072,0.43390593,0.43390593,0.663329005241394
HG_BraTS20_Training_344,0.88366354,0.73495585,0.5311129,0.5311129,0.7165774504343668
HG_BraTS20_Training_352,0.48609275,0.28349793,0.28686467,0.28686467,0.3521517912546794
LG_BraTS20_Training_262,0.8684532,0.22070825,5.684402e-13,5.684402e-13,0.3630537986755371
LG_BraTS20_Training_275,0.72469264,0.08668454,1.5797788e-11,1.5797788e-11,0.27045905590057373
LG_BraTS20_Training_278,0.8313924,0.5008383,7.813721e-13,7.813721e-13,0.44407689571380615
LG_BraTS20_Training_283,0.9346947,0.500198,0.312017,0.312017,0.5823032061258951
LG_BraTS20_Training_291,0.9263409,0.7703713,0.003539322,0.003539322,0.5667505264282227
LG_BraTS20_Training_292,0.65402555,0.24758014,0.23950554,0.23950554,0.38037041823069256
LG_BraTS20_Training_294,0.8792754,0.618746,4.785147e-13,4.785147e-13,0.4993404547373454
LG_BraTS20_Training_297,0.32280952,0.045156937,1.457726e-11,1.457726e-11,0.1226554811000824
LG_BraTS20_Training_310,0.8880428,0.67122585,4.3395243e-13,4.3395243e-13,0.5197562376658121
LG_BraTS20_Training_324,0.81468904,0.32006097,1.0199918e-12,1.0199918e-12,0.37825000286102295
t1
HG_BraTS20_Training_010,0.5326784,0.6583931,0.33901462,0.33901462,0.5100287199020386
HG_BraTS20_Training_012,0.69960403,0.7438488,0.60475165,0.60475165,0.6827348073323568
HG_BraTS20_Training_020,0.8171081,0.693811,0.26623788,0.26623788,0.5923856496810913
HG_BraTS20_Training_070,0.7634226,0.743277,0.31970584,0.31970584,0.60880180199941
HG_BraTS20_Training_089,0.7547046,0.43469682,0.45469803,0.45469803,0.5480331579844157
HG_BraTS20_Training_119,0.58785737,0.6954184,0.28577083,0.28577083,0.52301557858785
HG_BraTS20_Training_124,0.81888604,0.69593614,0.39825624,0.39825624,0.6376928488413492
HG_BraTS20_Training_128,0.3193905,0.1855792,0.18721321,0.18721321,0.23072763284047446
HG_BraTS20_Training_134,0.69055486,0.64390546,0.24651638,0.24651638,0.5269922018051147
HG_BraTS20_Training_140,0.8320084,0.8514539,0.16247685,0.16247685,0.6153130928675333
HG_BraTS20_Training_150,0.76954436,0.5888638,0.44424823,0.44424823,0.6008854707082113
HG_BraTS20_Training_180,0.6035228,0.474989,0.33602658,0.33602658,0.47151275475819904
HG_BraTS20_Training_188,0.52197605,0.68545145,0.557982,0.557982,0.5884698232014974
HG_BraTS20_Training_191,0.58187765,0.2848956,0.2653503,0.2653503,0.377374529838562
HG_BraTS20_Training_201,0.74729747,0.5246169,0.4468527,0.4468527,0.5729223489761353
HG_BraTS20_Training_211,0.6883968,0.7724703,0.4694458,0.4694458,0.643437663714091
HG_BraTS20_Training_212,0.69263893,0.46401468,0.24830708,0.24830708,0.46832025051116943
HG_BraTS20_Training_226,0.73622537,0.708674,0.2120586,0.2120586,0.5523192882537842
HG_BraTS20_Training_232,0.67185575,0.3459165,0.23190778,0.23190778,0.41656001408894855
HG_BraTS20_Training_241,0.79444194,0.51377535,0.26469165,0.26469165,0.5243029594421387
HG_BraTS20_Training_245,0.74456054,0.63661325,0.45375285,0.45375285,0.6116422414779663
HG_BraTS20_Training_246,0.81893295,0.62077236,0.29906213,0.29906213,0.5795891682306925
HG_BraTS20_Training_336,0.8206324,0.8361702,0.55520666,0.55520666,0.7373364766438802
HG_BraTS20_Training_338,0.82808685,0.7755331,0.46737468,0.46737468,0.6903315385182699
HG_BraTS20_Training_344,0.80764234,0.75138986,0.4631008,0.4631008,0.6740442911783854
HG_BraTS20_Training_352,0.73903674,0.19963011,0.3172207,0.3172207,0.41862916946411133
LG_BraTS20_Training_262,0.58606184,0.5820671,1.8460402e-12,1.8460402e-12,0.38937632242838544
LG_BraTS20_Training_275,0.19164644,5.5426226e-13,1.4060743e-12,1.4060743e-12,0.06388214727242787
LG_BraTS20_Training_278,0.6757189,0.52052754,5.978716e-13,5.978716e-13,0.39874879519144696
LG_BraTS20_Training_283,0.009032394,8.742023e-13,8.856611e-13,8.865248e-13,0.003010797935227553
LG_BraTS20_Training_291,0.83753806,0.6729072,0.0056843585,0.0056843585,0.5053765376408895
LG_BraTS20_Training_292,0.7681353,0.7955988,0.19888836,0.19888836,0.5875407854715983
LG_BraTS20_Training_294,0.7177838,0.60291255,6.598918e-13,6.598918e-13,0.4402321179707845
LG_BraTS20_Training_297,0.47591355,0.65470785,1.62206e-12,1.62206e-12,0.37687381108601886
LG_BraTS20_Training_310,0.74543667,0.663985,6.0934737e-13,6.0934737e-13,0.469807227452596
LG_BraTS20_Training_324,0.5978626,0.2679611,1.7513135e-12,1.7513135e-12,0.288607915242513
t1c
HG_BraTS20_Training_010,0.44519165,0.7703895,0.84344244,0.84344244,0.6863412062327067
HG_BraTS20_Training_012,0.5481374,0.5973256,0.56216526,0.56216526,0.5692094167073568
HG_BraTS20_Training_020,0.62860936,0.5232577,0.555399,0.555399,0.5690886974334717
HG_BraTS20_Training_070,0.53921807,0.6885354,0.61225885,0.61225885,0.6133374373118082
HG_BraTS20_Training_089,0.704597,0.7179589,0.9325408,0.9325408,0.7850322723388672
HG_BraTS20_Training_119,0.49808666,0.82032835,0.7132789,0.7132789,0.6772313117980957
HG_BraTS20_Training_124,0.65252674,0.6711464,0.71854436,0.71854436,0.680739164352417
HG_BraTS20_Training_128,0.057819046,0.0050251256,0.00764526,7.836991e-12,0.023496476312478382
HG_BraTS20_Training_134,0.6972973,0.6994004,0.6955195,0.6955195,0.697405735651652
HG_BraTS20_Training_140,0.8342685,0.8683196,0.81658965,0.81658965,0.8397258917490641
HG_BraTS20_Training_150,0.76349276,0.9052853,0.9085085,0.9085085,0.8590954939524332
HG_BraTS20_Training_180,0.66809285,0.77431136,0.7733763,0.7733763,0.7385934988657633
HG_BraTS20_Training_188,0.48680714,0.8057408,0.74137723,0.74137723,0.6779750188191732
HG_BraTS20_Training_191,0.6977769,0.78118855,0.7538648,0.7538648,0.744276762008667
HG_BraTS20_Training_201,0.7731213,0.9278703,0.84060377,0.84060377,0.847198486328125
HG_BraTS20_Training_211,0.72176474,0.91294223,0.83182615,0.83182615,0.8221777280171713
HG_BraTS20_Training_212,0.50281906,0.45768413,0.6014881,0.6014881,0.5206637779871622
HG_BraTS20_Training_226,0.70508575,0.91961396,0.8930514,0.8930514,0.839250405629476
HG_BraTS20_Training_232,0.62942123,0.72031766,0.7413872,0.7413872,0.6970419883728027
HG_BraTS20_Training_241,0.5823456,0.7068177,0.703143,0.703143,0.6641021172205607
HG_BraTS20_Training_245,0.74831575,0.7059008,0.72296816,0.72296816,0.7257281939188639
HG_BraTS20_Training_246,0.6421328,0.7322831,0.8648394,0.8648394,0.7464183966318766
HG_BraTS20_Training_336,0.7508347,0.8393621,0.8203591,0.8203591,0.8035186131795248
HG_BraTS20_Training_338,0.8185515,0.931626,0.8859537,0.8859537,0.8787104288736979
HG_BraTS20_Training_344,0.68834484,0.59244734,0.5025838,0.5025838,0.5944586594899496
HG_BraTS20_Training_352,0.7739133,0.6566469,0.8794543,0.8794543,0.7700048287709554
LG_BraTS20_Training_262,0.6953325,0.5276897,2.9052876e-12,2.9052876e-12,0.40767407417297363
LG_BraTS20_Training_275,0.113281354,0.00056785916,1.1111111e-09,1.0,0.03794973840316137
LG_BraTS20_Training_278,0.14943998,0.0014473785,2.214349e-12,2.214349e-12,0.05029578506946564
LG_BraTS20_Training_283,0.6259784,0.8466242,0.84725463,0.84725463,0.773285706837972
LG_BraTS20_Training_291,0.53157103,0.4363313,4.1876047e-12,4.1876047e-12,0.32263410091400146
LG_BraTS20_Training_292,0.6290139,0.63844687,0.3480652,0.3480652,0.5385086536407471
LG_BraTS20_Training_294,0.37585923,0.17882717,1.9976028e-12,1.9976028e-12,0.1848954757054647
LG_BraTS20_Training_297,0.101975515,0.023015546,1.569366e-12,1.569366e-12,0.041663686434427895
LG_BraTS20_Training_310,0.48365036,0.25328633,3.8500038e-13,3.8500038e-13,0.2456455628077189
LG_BraTS20_Training_324,0.53109556,0.13858879,1.9766751e-12,1.9766751e-12,0.22322811683019003
t2
HG_BraTS20_Training_010,0.71848196,0.6881129,0.36404452,0.36404452,0.5902131398518881
HG_BraTS20_Training_012,0.84341556,0.752253,0.56146705,0.56146705,0.7190451622009277
HG_BraTS20_Training_020,0.87001866,0.7583408,0.34256473,0.34256473,0.656974713007609
HG_BraTS20_Training_070,0.82159925,0.6395762,0.25707474,0.25707474,0.5727500518163046
HG_BraTS20_Training_089,0.8309418,0.45789608,0.4046613,0.4046613,0.5644997358322144
HG_BraTS20_Training_119,0.6198912,0.73572963,0.39608747,0.39608747,0.5839027563730875
HG_BraTS20_Training_124,0.8913449,0.7320797,0.38400126,0.38400126,0.669141928354899
HG_BraTS20_Training_128,0.831778,0.23234892,0.23587164,0.23587164,0.433332880338033
HG_BraTS20_Training_134,0.7324954,0.5501657,0.33975577,0.33975577,0.5408056577046713
HG_BraTS20_Training_140,0.9096035,0.84105885,0.3373071,0.3373071,0.6959897677103678
HG_BraTS20_Training_150,0.8767411,0.75068295,0.57503027,0.57503027,0.7341514428456625
HG_BraTS20_Training_180,0.66908234,0.43017653,0.22913241,0.22913241,0.44279710451761883
HG_BraTS20_Training_188,0.64381355,0.75176066,0.5739385,0.5739385,0.656504233678182
HG_BraTS20_Training_191,0.9147279,0.4678459,0.26932308,0.26932308,0.5506323178609213
HG_BraTS20_Training_201,0.88450754,0.894611,0.67663604,0.67663604,0.8185848395029703
HG_BraTS20_Training_211,0.8164745,0.81118906,0.5721175,0.5721175,0.7332603931427002
HG_BraTS20_Training_212,0.85600406,0.69653106,0.33543202,0.33543202,0.629322369893392
HG_BraTS20_Training_226,0.8594403,0.82879716,0.37138838,0.37138838,0.6865419546763102
HG_BraTS20_Training_232,0.7242535,0.61809564,0.42968795,0.42968795,0.5906790097554525
HG_BraTS20_Training_241,0.81826234,0.46248862,0.39218113,0.39218113,0.5576440493265787
HG_BraTS20_Training_245,0.7893344,0.78411084,0.49552628,0.49552628,0.6896572113037109
HG_BraTS20_Training_246,0.82011235,0.6662586,0.4381906,0.4381906,0.6415205001831055
HG_BraTS20_Training_336,0.92255926,0.6994318,0.48858595,0.48858595,0.70352570215861
HG_BraTS20_Training_338,0.89601725,0.7706884,0.48235944,0.48235944,0.7163550059000651
HG_BraTS20_Training_344,0.8749707,0.7674718,0.3483834,0.3483834,0.6636086304982504
HG_BraTS20_Training_352,0.89494973,0.48748758,0.46126416,0.46126416,0.6145671606063843
LG_BraTS20_Training_262,0.84423494,0.26009476,6.24025e-13,6.24025e-13,0.3681099017461141
LG_BraTS20_Training_275,0.6716819,0.13736095,9.551099e-12,9.551099e-12,0.2696809371312459
LG_BraTS20_Training_278,0.77333647,0.415626,8.902341e-13,8.902341e-13,0.39632081985473633
LG_BraTS20_Training_283,0.8712148,0.3535524,0.3350589,0.3350589,0.519942045211792
LG_BraTS20_Training_291,0.9385193,0.705311,0.009388816,0.009388816,0.5510730346043905
LG_BraTS20_Training_292,0.8783318,0.47680235,0.24230331,0.24230331,0.5324791272481283
LG_BraTS20_Training_294,0.86850446,0.5398074,8.9261806e-13,8.9261806e-13,0.4694372812906901
LG_BraTS20_Training_297,0.7169257,0.47170943,1.0051261e-12,1.0051261e-12,0.3962117036183675
LG_BraTS20_Training_310,0.824802,0.67360616,1.4267371e-12,1.4267371e-12,0.4994693597157796
LG_BraTS20_Training_324,0.77738506,0.26826644,1.1882129e-12,1.1882129e-12,0.3485504786173503
WT Dice,TC Dice,ET Dice,ETPro Dice,WT HD95,TC HD95,ET HD95ETPro HD95
flairt1cet1t2
HG_BraTS20_Training_010,0.7985622,0.795617,0.8248197,0.8248197,0.8063329060872396
HG_BraTS20_Training_012,0.86746573,0.90066534,0.8000665,0.8000665,0.85606582959493
HG_BraTS20_Training_020,0.8937097,0.775276,0.60144794,0.60144794,0.7568112214406332
HG_BraTS20_Training_070,0.9058993,0.81392324,0.6664013,0.6664013,0.7954079310099283
HG_BraTS20_Training_089,0.85078686,0.63493055,0.89076066,0.89076066,0.7921593983968099
HG_BraTS20_Training_119,0.7770129,0.89584565,0.76210696,0.76210696,0.8116551240285238
HG_BraTS20_Training_124,0.92755616,0.9205739,0.86077005,0.86077005,0.9029666582743326
HG_BraTS20_Training_128,0.8712081,0.49558216,0.5092038,0.5092038,0.6253313620885214
HG_BraTS20_Training_134,0.8435023,0.81688696,0.708541,0.708541,0.7896433671315511
HG_BraTS20_Training_140,0.93762106,0.9126909,0.8191014,0.8191014,0.8898044427235922
HG_BraTS20_Training_150,0.9285802,0.8960148,0.900147,0.900147,0.9082473119099935
HG_BraTS20_Training_180,0.7050628,0.77447116,0.83598834,0.83598834,0.7718407313028971
HG_BraTS20_Training_188,0.7455668,0.8212022,0.7341451,0.7341451,0.7669713497161865
HG_BraTS20_Training_191,0.92856854,0.7955595,0.7483737,0.7483737,0.8241672515869141
HG_BraTS20_Training_201,0.9107457,0.94452715,0.8652431,0.8652431,0.906838575998942
HG_BraTS20_Training_211,0.87223107,0.9114461,0.8257366,0.8257366,0.8698045412699381
HG_BraTS20_Training_212,0.8366371,0.72531474,0.63389325,0.63389325,0.7319483757019043
HG_BraTS20_Training_226,0.88648725,0.9248387,0.89102495,0.89102495,0.9007836977640787
HG_BraTS20_Training_232,0.8471564,0.8019021,0.72912717,0.72912717,0.792728583017985
HG_BraTS20_Training_241,0.8761158,0.7975043,0.7713327,0.7713327,0.8149842421213785
HG_BraTS20_Training_245,0.8947614,0.8177538,0.7752149,0.7752149,0.8292433420817057
HG_BraTS20_Training_246,0.88381714,0.7425856,0.8231672,0.8231672,0.8165233135223389
HG_BraTS20_Training_336,0.9180955,0.9435934,0.87433034,0.87433034,0.9120063781738281
HG_BraTS20_Training_338,0.9300023,0.9452849,0.9010711,0.9010711,0.925452709197998
HG_BraTS20_Training_344,0.8827854,0.7537292,0.6185754,0.6185754,0.7516966660817465
HG_BraTS20_Training_352,0.89767563,0.71496904,0.8499872,0.8499872,0.8208773136138916
LG_BraTS20_Training_262,0.8718722,0.46696696,2.6546324e-12,2.6546324e-12,0.44627972443898517
LG_BraTS20_Training_275,0.7570521,0.119942084,4.4208665e-12,4.4208665e-12,0.29233139753341675
LG_BraTS20_Training_278,0.8074801,0.09629676,5.5463117e-12,5.5463117e-12,0.30125896135965985
LG_BraTS20_Training_283,0.93716425,0.7695782,0.8161466,0.8161466,0.8409630457560221
LG_BraTS20_Training_291,0.9479238,0.79414296,0.028331453,0.028331453,0.5901327133178711
LG_BraTS20_Training_292,0.88977104,0.7518083,0.46726766,0.46726766,0.702949047088623
LG_BraTS20_Training_294,0.9140497,0.6914541,2.0929259e-12,2.0929259e-12,0.535167932510376
LG_BraTS20_Training_297,0.69243616,0.34066242,4.840271e-12,4.840271e-12,0.344366192817688
LG_BraTS20_Training_310,0.8953454,0.5301466,9.0383224e-13,9.0383224e-13,0.4751640160878499
LG_BraTS20_Training_324,0.9143453,0.022801366,7.173601e-12,7.173601e-12,0.31238222122192383
t1cet1t2
HG_BraTS20_Training_010,0.7102637,0.7474033,0.8173804,0.8173804,0.7583491802215576
HG_BraTS20_Training_012,0.81894714,0.831967,0.76979935,0.76979935,0.8069044748942057
HG_BraTS20_Training_020,0.8591216,0.7600333,0.5866502,0.5866502,0.7352683544158936
HG_BraTS20_Training_070,0.8335326,0.8537392,0.68288344,0.68288344,0.7900517781575521
HG_BraTS20_Training_089,0.8348728,0.6514449,0.8982729,0.8982729,0.7948635419209799
HG_BraTS20_Training_119,0.64021635,0.8888758,0.76492864,0.76492864,0.7646735509236654
HG_BraTS20_Training_124,0.90531313,0.9005851,0.8379103,0.8379103,0.8812694549560547
HG_BraTS20_Training_128,0.85039157,0.44891304,0.44675526,0.44675526,0.5820199648539225
HG_BraTS20_Training_134,0.8402697,0.8475407,0.7190871,0.7190871,0.8022991816202799
HG_BraTS20_Training_140,0.92863244,0.9162405,0.83391374,0.83391374,0.8929289182027181
HG_BraTS20_Training_150,0.88269264,0.9002961,0.905703,0.905703,0.8962306181589762
HG_BraTS20_Training_180,0.6775272,0.7511005,0.81532437,0.81532437,0.7479840119679769
HG_BraTS20_Training_188,0.662469,0.8095539,0.72428274,0.72428274,0.7321019172668457
HG_BraTS20_Training_191,0.894283,0.74302554,0.75057435,0.75057435,0.7959609826405843
HG_BraTS20_Training_201,0.88989973,0.94083273,0.8744386,0.8744386,0.9017237027486166
HG_BraTS20_Training_211,0.8253197,0.9245248,0.83446276,0.83446276,0.8614357312520345
HG_BraTS20_Training_212,0.8249917,0.730937,0.68216825,0.68216825,0.7460323174794515
HG_BraTS20_Training_226,0.8442505,0.92923903,0.8888457,0.8888457,0.8874450524648031
HG_BraTS20_Training_232,0.7627391,0.800268,0.71270186,0.71270186,0.7585696379343668
HG_BraTS20_Training_241,0.86935014,0.8104681,0.7780054,0.7780054,0.8192745049794515
HG_BraTS20_Training_245,0.8743946,0.8341167,0.79660386,0.79660386,0.835038423538208
HG_BraTS20_Training_246,0.8606585,0.7874006,0.8346023,0.8346023,0.8275538285573324
HG_BraTS20_Training_336,0.909238,0.93640286,0.87524265,0.87524265,0.90696120262146
HG_BraTS20_Training_338,0.90608317,0.9520548,0.90792954,0.90792954,0.9220225016276041
HG_BraTS20_Training_344,0.8651578,0.7072442,0.61443955,0.61443955,0.7289471626281738
HG_BraTS20_Training_352,0.89613456,0.7618924,0.8579102,0.8579102,0.8386456966400146
LG_BraTS20_Training_262,0.84881675,0.51032037,4.743833e-12,4.743833e-12,0.45304568608601886
LG_BraTS20_Training_275,0.657426,0.17142096,2.5766555e-12,2.5766555e-12,0.27628231048583984
LG_BraTS20_Training_278,0.7519371,0.072944276,3.1436654e-12,3.1436654e-12,0.274960458278656
LG_BraTS20_Training_283,0.9074086,0.8281494,0.83246195,0.83246195,0.8560066223144531
LG_BraTS20_Training_291,0.9313152,0.7645703,0.02503682,0.02503682,0.5736407438913981
LG_BraTS20_Training_292,0.8508383,0.7222245,0.4184413,0.4184413,0.6638346910476685
LG_BraTS20_Training_294,0.8646611,0.5673036,4.965243e-12,4.965243e-12,0.4773215452829997
LG_BraTS20_Training_297,0.76779234,0.38687098,3.652301e-12,3.652301e-12,0.3848877747853597
LG_BraTS20_Training_310,0.800889,0.46294445,8.6625086e-13,8.6625086e-13,0.42127784093221027
LG_BraTS20_Training_324,0.7998069,0.0031611607,1.1709602e-11,1.1709602e-11,0.26765600840250653
flairt1cet2
HG_BraTS20_Training_010,0.7810222,0.77855504,0.83483255,0.83483255,0.7981365521748861
HG_BraTS20_Training_012,0.86492896,0.849435,0.759222,0.759222,0.8245286146799723
HG_BraTS20_Training_020,0.88071364,0.7860431,0.59421575,0.59421575,0.7536574999491373
HG_BraTS20_Training_070,0.88779855,0.83862305,0.6393628,0.6393628,0.7885948022206625
HG_BraTS20_Training_089,0.84274364,0.53433883,0.8472212,0.8472212,0.7414345741271973
HG_BraTS20_Training_119,0.8201735,0.87552446,0.7358313,0.7358313,0.8105097611745199
HG_BraTS20_Training_124,0.9190204,0.8827131,0.85000914,0.85000914,0.8839142322540283
HG_BraTS20_Training_128,0.8807355,0.3884468,0.43832558,0.43832558,0.569169282913208
HG_BraTS20_Training_134,0.836105,0.80094534,0.68279874,0.68279874,0.7732830047607422
HG_BraTS20_Training_140,0.9343197,0.9114251,0.8261582,0.8261582,0.8906343777974447
HG_BraTS20_Training_150,0.926663,0.8731841,0.89985585,0.89985585,0.8999009927113851
HG_BraTS20_Training_180,0.6780826,0.72295415,0.8111828,0.8111828,0.7374064922332764
HG_BraTS20_Training_188,0.74003494,0.8233755,0.7304302,0.7304302,0.7646135489145914
HG_BraTS20_Training_191,0.92941856,0.8445333,0.7397514,0.7397514,0.8379011154174805
HG_BraTS20_Training_201,0.91604954,0.9381516,0.8504593,0.8504593,0.9015534718831381
HG_BraTS20_Training_211,0.8718979,0.8981994,0.82124823,0.82124823,0.8637818495432535
HG_BraTS20_Training_212,0.85703164,0.77999705,0.64166373,0.64166373,0.7595641613006592
HG_BraTS20_Training_226,0.8813027,0.9122627,0.8827829,0.8827829,0.8921160697937012
HG_BraTS20_Training_232,0.8344584,0.80346614,0.7360368,0.7360368,0.7913204828898112
HG_BraTS20_Training_241,0.87510824,0.7632129,0.73289204,0.73289204,0.7904043992360433
HG_BraTS20_Training_245,0.8545511,0.7729193,0.74164706,0.74164706,0.7897058327992758
HG_BraTS20_Training_246,0.844623,0.74164927,0.79802,0.79802,0.7947640419006348
HG_BraTS20_Training_336,0.9228799,0.94089377,0.86186427,0.86186427,0.908545970916748
HG_BraTS20_Training_338,0.92241484,0.93683106,0.88944256,0.88944256,0.9162294864654541
HG_BraTS20_Training_344,0.8732605,0.7981586,0.5932193,0.5932193,0.7548794746398926
HG_BraTS20_Training_352,0.8688972,0.60793734,0.8542246,0.8542246,0.777019739151001
LG_BraTS20_Training_262,0.85355127,0.29921207,1.5508685e-12,1.5508685e-12,0.38425445556640625
LG_BraTS20_Training_275,0.771538,0.11037819,5.170631e-12,5.170631e-12,0.29397207498550415
LG_BraTS20_Training_278,0.8034029,0.09219347,5.268704e-12,5.268704e-12,0.2985321283340454
LG_BraTS20_Training_283,0.9392126,0.66662,0.8013455,0.8013455,0.8023927211761475
LG_BraTS20_Training_291,0.9447042,0.77841854,0.024399081,0.024399081,0.5825072526931763
LG_BraTS20_Training_292,0.8613632,0.74386424,0.4184452,0.4184452,0.6745575269063314
LG_BraTS20_Training_294,0.9109295,0.7296743,2.0920503e-12,2.0920503e-12,0.5468679269154867
LG_BraTS20_Training_297,0.73157007,0.5946274,4.7460846e-12,4.7460846e-12,0.4420657952626546
LG_BraTS20_Training_310,0.8957071,0.60211,8.7435517e-13,8.7435517e-13,0.49927234649658203
LG_BraTS20_Training_324,0.9075622,0.09733241,4.1152264e-12,4.1152264e-12,0.3349648714065552
flairt1t2
HG_BraTS20_Training_010,0.8092621,0.70254576,0.27619347,0.27619347,0.5960004727045695
HG_BraTS20_Training_012,0.8703361,0.8274908,0.55968577,0.55968577,0.7525041898091634
HG_BraTS20_Training_020,0.89543855,0.7874186,0.3907316,0.3907316,0.6911962827046713
HG_BraTS20_Training_070,0.9040612,0.6762412,0.25672895,0.25672895,0.6123437881469727
HG_BraTS20_Training_089,0.8432855,0.4384235,0.27304628,0.27304628,0.5182517369588217
HG_BraTS20_Training_119,0.7795381,0.8180304,0.5239755,0.5239755,0.7071812947591146
HG_BraTS20_Training_124,0.93511903,0.7827867,0.44300836,0.44300836,0.7203047275543213
HG_BraTS20_Training_128,0.8672035,0.29542342,0.28009212,0.28009212,0.48090632756551105
HG_BraTS20_Training_134,0.8583362,0.7172509,0.314456,0.314456,0.6300143400828043
HG_BraTS20_Training_140,0.93537754,0.84793806,0.2807246,0.2807246,0.6880133946736654
HG_BraTS20_Training_150,0.9055267,0.7620751,0.34750623,0.34750623,0.6717027028401693
HG_BraTS20_Training_180,0.68946755,0.5597246,0.44348592,0.44348592,0.5642260710398356
HG_BraTS20_Training_188,0.7534738,0.7479974,0.5410243,0.5410243,0.6808319091796875
HG_BraTS20_Training_191,0.93487287,0.5039297,0.27280283,0.27280283,0.5705351034800211
HG_BraTS20_Training_201,0.93031645,0.8972208,0.7077878,0.7077878,0.8451083501180013
HG_BraTS20_Training_211,0.8580893,0.8080723,0.41446495,0.41446495,0.6935421625773112
HG_BraTS20_Training_212,0.8509764,0.70537025,0.30298778,0.30298778,0.6197781562805176
HG_BraTS20_Training_226,0.8942696,0.857627,0.32465416,0.32465416,0.6921835740407308
HG_BraTS20_Training_232,0.8634568,0.49809587,0.3418584,0.3418584,0.567803700764974
HG_BraTS20_Training_241,0.887272,0.55349004,0.4472535,0.4472535,0.6293385028839111
HG_BraTS20_Training_245,0.8700227,0.8292262,0.6096026,0.6096026,0.7696171601613363
HG_BraTS20_Training_246,0.8587595,0.6013392,0.45151657,0.45151657,0.6372051239013672
HG_BraTS20_Training_336,0.916017,0.86819994,0.5450047,0.5450047,0.7764072418212891
HG_BraTS20_Training_338,0.9161209,0.8238532,0.4716625,0.4716625,0.7372121810913086
HG_BraTS20_Training_344,0.89862347,0.80747163,0.42239574,0.42239574,0.7094969749450684
HG_BraTS20_Training_352,0.88165843,0.35579985,0.45309407,0.45309407,0.5635174115498861
LG_BraTS20_Training_262,0.8795741,0.3735795,9.175995e-13,9.175995e-13,0.4177178541819255
LG_BraTS20_Training_275,0.7734204,0.015562761,5.2631577e-10,1.0,0.262994388739268
LG_BraTS20_Training_278,0.8339443,0.50046,9.254974e-13,9.254974e-13,0.4448014497756958
LG_BraTS20_Training_283,0.9260475,0.43364325,0.4573016,0.4573016,0.6056641340255737
LG_BraTS20_Training_291,0.9515812,0.7519433,0.010587727,0.010587727,0.5713707208633423
LG_BraTS20_Training_292,0.9025455,0.79728043,0.24338624,0.24338624,0.6477374235788981
LG_BraTS20_Training_294,0.92258775,0.7405241,7.6728305e-13,7.6728305e-13,0.554370641708374
LG_BraTS20_Training_297,0.7661677,0.7443219,1.9588638e-12,1.9588638e-12,0.503496527671814
LG_BraTS20_Training_310,0.9183371,0.75212127,9.758002e-13,9.758002e-13,0.5568194389343262
LG_BraTS20_Training_324,0.9113799,0.19895957,7.309942e-12,7.309942e-12,0.3701131343841553
flairt1cet1
HG_BraTS20_Training_010,0.7728406,0.73782283,0.817074,0.817074,0.7759125232696533
HG_BraTS20_Training_012,0.8505167,0.8168727,0.7426005,0.7426005,0.8033299446105957
HG_BraTS20_Training_020,0.88284117,0.7910432,0.6226682,0.6226682,0.7655175526936849
HG_BraTS20_Training_070,0.906804,0.8652447,0.65725476,0.65725476,0.8097678025563558
HG_BraTS20_Training_089,0.85557085,0.67810273,0.8836974,0.8836974,0.8057902654012045
HG_BraTS20_Training_119,0.7756874,0.8255932,0.72872645,0.72872645,0.7766690254211426
HG_BraTS20_Training_124,0.93525213,0.92322737,0.8628356,0.8628356,0.9071050484975179
HG_BraTS20_Training_128,0.8308026,0.39390674,0.38907394,0.38907394,0.5379277865091959
HG_BraTS20_Training_134,0.81226766,0.77143365,0.70671844,0.70671844,0.7634732723236084
HG_BraTS20_Training_140,0.93542546,0.9138553,0.8348251,0.8348251,0.8947019577026367
HG_BraTS20_Training_150,0.8973658,0.86731976,0.87404585,0.87404585,0.8795771598815918
HG_BraTS20_Training_180,0.7481573,0.837403,0.84384525,0.84384525,0.8098018964131674
HG_BraTS20_Training_188,0.7209784,0.74979675,0.6858296,0.6858296,0.7188682556152344
HG_BraTS20_Training_191,0.9090702,0.8099652,0.7729143,0.7729143,0.8306498527526855
HG_BraTS20_Training_201,0.89244384,0.94718105,0.85824394,0.85824394,0.899289608001709
HG_BraTS20_Training_211,0.8842168,0.8981509,0.81659293,0.81659293,0.8663202126820883
HG_BraTS20_Training_212,0.7738329,0.6133936,0.6141747,0.6141747,0.6671338081359863
HG_BraTS20_Training_226,0.8499122,0.9197699,0.8921632,0.8921632,0.8872818152109782
HG_BraTS20_Training_232,0.8947608,0.698066,0.56087863,0.56087863,0.717901865641276
HG_BraTS20_Training_241,0.8748524,0.8197457,0.80070347,0.80070347,0.8317672411600748
HG_BraTS20_Training_245,0.86538225,0.81367433,0.7884814,0.7884814,0.822512706120809
HG_BraTS20_Training_246,0.8821672,0.7423523,0.85551405,0.85551405,0.8266778786977133
HG_BraTS20_Training_336,0.9197723,0.9430948,0.87449825,0.87449825,0.9124550819396973
HG_BraTS20_Training_338,0.90867454,0.9347199,0.8948804,0.8948804,0.9127583503723145
HG_BraTS20_Training_344,0.89801204,0.79029316,0.63268745,0.63268745,0.7736641565958658
HG_BraTS20_Training_352,0.75073427,0.6653853,0.8402958,0.8402958,0.7521384557088217
LG_BraTS20_Training_262,0.85944617,0.48591277,2.4648755e-12,2.4648755e-12,0.44845298926035565
LG_BraTS20_Training_275,0.6901088,0.14608696,6.8775792e-12,6.8775792e-12,0.278731902440389
LG_BraTS20_Training_278,0.8263178,0.081849396,2.0157227e-12,2.0157227e-12,0.30272239446640015
LG_BraTS20_Training_283,0.92369586,0.8345642,0.8627433,0.8627433,0.8736677964528402
LG_BraTS20_Training_291,0.90864956,0.6601522,0.018930523,0.018930523,0.5292441050211588
LG_BraTS20_Training_292,0.776387,0.5338087,0.44225448,0.44225448,0.5841500759124756
LG_BraTS20_Training_294,0.84103215,0.5080517,1.6957775e-12,1.6957775e-12,0.4496946334838867
LG_BraTS20_Training_297,0.5490268,0.33578214,1.01832995e-11,1.01832995e-11,0.29493629932403564
LG_BraTS20_Training_310,0.8608066,0.38553602,4.929508e-13,4.929508e-13,0.41544755299886066
LG_BraTS20_Training_324,0.8911058,0.041813117,2.5406504e-12,2.5406504e-12,0.31097296873728436
flairt1ce
HG_BraTS20_Training_010,0.74950564,0.8378257,0.86205816,0.86205816,0.8164631525675455
HG_BraTS20_Training_012,0.82456064,0.8619053,0.77150244,0.77150244,0.8193228244781494
HG_BraTS20_Training_020,0.87813514,0.7194675,0.61518216,0.61518216,0.7375949223836263
HG_BraTS20_Training_070,0.8759273,0.7183995,0.62554497,0.62554497,0.7399572531382242
HG_BraTS20_Training_089,0.84734094,0.8412628,0.9363059,0.9363059,0.8749698797861735
HG_BraTS20_Training_119,0.79366785,0.88298434,0.7748659,0.7748659,0.8171726862589518
HG_BraTS20_Training_124,0.93333185,0.9257247,0.8552722,0.8552722,0.9047762552897135
HG_BraTS20_Training_128,0.8772423,0.4743083,0.48512888,0.48512888,0.6122264862060547
HG_BraTS20_Training_134,0.7984558,0.7627793,0.6715311,0.6715311,0.7442553838094076
HG_BraTS20_Training_140,0.9378758,0.91410214,0.8559255,0.8559255,0.9026344617207845
HG_BraTS20_Training_150,0.88468355,0.8784266,0.8861352,0.8861352,0.8830817540486654
HG_BraTS20_Training_180,0.73208576,0.8279052,0.8356207,0.8356207,0.7985371748606364
HG_BraTS20_Training_188,0.6907473,0.805748,0.7378628,0.7378628,0.7447860240936279
HG_BraTS20_Training_191,0.91115147,0.8276913,0.7696511,0.7696511,0.836164633433024
HG_BraTS20_Training_201,0.8834552,0.9484923,0.8491433,0.8491433,0.8936969439188639
HG_BraTS20_Training_211,0.892111,0.9166508,0.83980346,0.83980346,0.8828550974527994
HG_BraTS20_Training_212,0.7637022,0.5819649,0.6413988,0.6413988,0.6623553037643433
HG_BraTS20_Training_226,0.84831446,0.9073733,0.8886827,0.8886827,0.8814568519592285
HG_BraTS20_Training_232,0.87667996,0.7313459,0.62865335,0.62865335,0.7455596923828125
HG_BraTS20_Training_241,0.86349106,0.76403666,0.74270713,0.74270713,0.790078322092692
HG_BraTS20_Training_245,0.85503286,0.76885885,0.7529164,0.7529164,0.7922693888346354
HG_BraTS20_Training_246,0.83710897,0.65798557,0.80306596,0.80306596,0.7660535176595052
HG_BraTS20_Training_336,0.918877,0.9389035,0.8631306,0.8631306,0.9069703420003256
HG_BraTS20_Training_338,0.9063415,0.9375552,0.886025,0.886025,0.9099738597869873
HG_BraTS20_Training_344,0.8561447,0.74399143,0.6441937,0.6441937,0.7481099764506022
HG_BraTS20_Training_352,0.61435825,0.6755863,0.8481975,0.8481975,0.7127140363057455
LG_BraTS20_Training_262,0.85491544,0.44885194,4.5599635e-12,4.5599635e-12,0.434589147567749
LG_BraTS20_Training_275,0.7473483,0.015718563,7.6335875e-11,1.0,0.2543556292851766
LG_BraTS20_Training_278,0.7893061,0.006265745,5.1255766e-12,5.1255766e-12,0.26519062121709186
LG_BraTS20_Training_283,0.9324297,0.80708927,0.81021714,0.81021714,0.8499120076497396
LG_BraTS20_Training_291,0.8980622,0.6529147,0.04861744,0.04861744,0.5331981579462687
LG_BraTS20_Training_292,0.7979544,0.53000814,0.39371616,0.39371616,0.5738929112752279
LG_BraTS20_Training_294,0.8389251,0.4192488,3.2605151e-12,3.2605151e-12,0.41939131418863934
LG_BraTS20_Training_297,0.59076184,0.35984057,1.8248176e-11,1.8248176e-11,0.316867470741272
LG_BraTS20_Training_310,0.80621874,0.19163805,4.672679e-13,4.672679e-13,0.33261893192927044
LG_BraTS20_Training_324,0.8483428,0.004409171,5.452563e-12,5.452563e-12,0.2842506567637126
flairt2
HG_BraTS20_Training_010,0.7682344,0.71699685,0.5072801,0.5072801,0.6641704241434733
HG_BraTS20_Training_012,0.86354506,0.7740902,0.5425891,0.5425891,0.7267414728800455
HG_BraTS20_Training_020,0.88165617,0.7828425,0.3708963,0.3708963,0.6784649689992269
HG_BraTS20_Training_070,0.89966774,0.69070476,0.28315628,0.28315628,0.6245096127192179
HG_BraTS20_Training_089,0.86201733,0.39790335,0.279117,0.279117,0.5130125681559244
HG_BraTS20_Training_119,0.78709614,0.8207646,0.5553851,0.5553851,0.7210819721221924
HG_BraTS20_Training_124,0.933169,0.7758469,0.46155375,0.46155375,0.723523219426473
HG_BraTS20_Training_128,0.8725613,0.24801758,0.23157029,0.23157029,0.45071637630462646
HG_BraTS20_Training_134,0.83184254,0.71799517,0.39280257,0.39280257,0.6475467681884766
HG_BraTS20_Training_140,0.9386277,0.7737006,0.3680095,0.3680095,0.6934459209442139
HG_BraTS20_Training_150,0.91740084,0.76197207,0.39478537,0.39478537,0.6913860638936361
HG_BraTS20_Training_180,0.69629157,0.5657857,0.45595703,0.45595703,0.5726781288782755
HG_BraTS20_Training_188,0.7330262,0.72042096,0.4961654,0.4961654,0.6498708327611288
HG_BraTS20_Training_191,0.93302214,0.6505822,0.38885376,0.38885376,0.6574860413869222
HG_BraTS20_Training_201,0.91527086,0.8953417,0.7194927,0.7194927,0.8433683713277181
HG_BraTS20_Training_211,0.8660973,0.77989733,0.44830245,0.44830245,0.6980990568796793
HG_BraTS20_Training_212,0.8569623,0.73432946,0.3181169,0.3181169,0.636469562848409
HG_BraTS20_Training_226,0.879475,0.8371749,0.38756785,0.38756785,0.701405922571818
HG_BraTS20_Training_232,0.8689485,0.56442755,0.39482942,0.39482942,0.6094018220901489
HG_BraTS20_Training_241,0.87325114,0.49226525,0.43690464,0.43690464,0.6008070309956869
HG_BraTS20_Training_245,0.72748256,0.7433471,0.50310695,0.50310695,0.657978892326355
HG_BraTS20_Training_246,0.80479294,0.61827433,0.49274403,0.49274403,0.6386037667592367
HG_BraTS20_Training_336,0.93362457,0.88461864,0.63616097,0.63616097,0.8181347846984863
HG_BraTS20_Training_338,0.9206077,0.8145997,0.5367861,0.5367861,0.757331132888794
HG_BraTS20_Training_344,0.9028387,0.7975957,0.4063001,0.4063001,0.7022448380788168
HG_BraTS20_Training_352,0.86171246,0.45001408,0.43356478,0.43356478,0.5817637840906779
LG_BraTS20_Training_262,0.87907714,0.2541172,4.9637643e-13,4.9637643e-13,0.37773144245147705
LG_BraTS20_Training_275,0.80158985,0.18580095,1.3793103e-11,1.3793103e-11,0.32913027207056683
LG_BraTS20_Training_278,0.8136801,0.59732515,7.936508e-13,7.936508e-13,0.47033508618672687
LG_BraTS20_Training_283,0.9297604,0.4035716,0.37472522,0.37472522,0.5693524281183878
LG_BraTS20_Training_291,0.93962604,0.70788074,0.0064935065,0.0064935065,0.5513333876927694
LG_BraTS20_Training_292,0.91501874,0.747168,0.17005025,0.17005025,0.6107456684112549
LG_BraTS20_Training_294,0.92333007,0.74143,6.973987e-13,6.973987e-13,0.5549200375874838
LG_BraTS20_Training_297,0.7633109,0.7370257,1.2003361e-12,1.2003361e-12,0.5001122156778971
LG_BraTS20_Training_310,0.91034114,0.74309313,6.05877e-13,6.05877e-13,0.5511447588602701
LG_BraTS20_Training_324,0.898434,0.38271642,1.4817009e-12,1.4817009e-12,0.4270501136779785
t1t2
HG_BraTS20_Training_010,0.7303237,0.6301141,0.30405092,0.30405092,0.5548295577367147
HG_BraTS20_Training_012,0.8599535,0.7964522,0.66157687,0.66157687,0.7726608912150065
HG_BraTS20_Training_020,0.867909,0.8071889,0.36073175,0.36073175,0.6786099274953207
HG_BraTS20_Training_070,0.8703354,0.73283523,0.34648174,0.34648174,0.6498841444651285
HG_BraTS20_Training_089,0.83742654,0.41477892,0.3884995,0.3884995,0.5469016631444296
HG_BraTS20_Training_119,0.63567126,0.77423346,0.4643371,0.4643371,0.6247472763061523
HG_BraTS20_Training_124,0.90972835,0.74545693,0.4598724,0.4598724,0.7050192356109619
HG_BraTS20_Training_128,0.82482666,0.26869482,0.23983443,0.23983443,0.4444519678751628
HG_BraTS20_Training_134,0.85446787,0.7532701,0.3736494,0.3736494,0.6604624589284261
HG_BraTS20_Training_140,0.9211352,0.8391165,0.36408156,0.36408156,0.7081111272176107
HG_BraTS20_Training_150,0.8675585,0.7709027,0.5785821,0.5785821,0.7390143871307373
HG_BraTS20_Training_180,0.6742675,0.46413735,0.35938138,0.35938138,0.49926209449768066
HG_BraTS20_Training_188,0.64776134,0.76319236,0.5943187,0.5943187,0.668424129486084
HG_BraTS20_Training_191,0.89757717,0.31700906,0.23028205,0.23028205,0.48162277539571124
HG_BraTS20_Training_201,0.8898048,0.9000341,0.7729381,0.7729381,0.8542590141296387
HG_BraTS20_Training_211,0.81809753,0.7957271,0.495936,0.495936,0.7032535076141357
HG_BraTS20_Training_212,0.86697656,0.7651542,0.40557486,0.40557486,0.6792352199554443
HG_BraTS20_Training_226,0.85953647,0.8504558,0.444214,0.444214,0.7180687586466471
HG_BraTS20_Training_232,0.7436496,0.5007763,0.37717995,0.37717995,0.5405352910359701
HG_BraTS20_Training_241,0.8713893,0.60836107,0.48737392,0.48737392,0.655708114306132
HG_BraTS20_Training_245,0.86667603,0.829055,0.6241107,0.6241107,0.7732806205749512
HG_BraTS20_Training_246,0.8758563,0.71919096,0.49381238,0.49381238,0.6962865193684896
HG_BraTS20_Training_336,0.91672516,0.8677339,0.6256383,0.6256383,0.8033657868703207
HG_BraTS20_Training_338,0.9113406,0.8322357,0.5500182,0.5500182,0.7645314534505209
HG_BraTS20_Training_344,0.8816764,0.8012157,0.42057827,0.42057827,0.7011567751566569
HG_BraTS20_Training_352,0.90119034,0.271991,0.35785115,0.35785115,0.5103441476821899
LG_BraTS20_Training_262,0.8624398,0.38807467,6.863889e-13,6.863889e-13,0.4168381690979004
LG_BraTS20_Training_275,0.6589079,0.027259937,8.928571e-11,1.0,0.22872261206309
LG_BraTS20_Training_278,0.75280803,0.48868454,6.2262625e-13,6.2262625e-13,0.41383083661397296
LG_BraTS20_Training_283,0.91433555,0.3950269,0.42355922,0.42355922,0.5776405334472656
LG_BraTS20_Training_291,0.94313157,0.6933981,0.0049424917,0.0049424917,0.5471574068069458
LG_BraTS20_Training_292,0.8582083,0.8187344,0.20728672,0.20728672,0.6280764738718668
LG_BraTS20_Training_294,0.8680637,0.70547193,7.9101406e-13,7.9101406e-13,0.5245118935902914
LG_BraTS20_Training_297,0.7995197,0.72745293,1.0838934e-12,1.0838934e-12,0.5089908838272095
LG_BraTS20_Training_310,0.85925263,0.77111953,4.878525e-13,4.878525e-13,0.5434573888778687
LG_BraTS20_Training_324,0.8436137,0.2882922,1.3568521e-12,1.3568521e-12,0.37730197111765545
flairt1
HG_BraTS20_Training_010,0.75187606,0.708882,0.4911524,0.4911524,0.6506367921829224
HG_BraTS20_Training_012,0.8538242,0.71640545,0.40827546,0.40827546,0.6595017115275065
HG_BraTS20_Training_020,0.8857716,0.7737983,0.33343112,0.33343112,0.6643336613972982
HG_BraTS20_Training_070,0.8993716,0.76959705,0.37558106,0.37558106,0.6815165678660074
HG_BraTS20_Training_089,0.8310078,0.43652868,0.361754,0.361754,0.5430967807769775
HG_BraTS20_Training_119,0.80595005,0.7262667,0.32189974,0.32189974,0.6180388530095419
HG_BraTS20_Training_124,0.9303212,0.7348385,0.4178487,0.4178487,0.6943360964457194
HG_BraTS20_Training_128,0.8239797,0.18967605,0.18172975,0.18172975,0.39846181869506836
HG_BraTS20_Training_134,0.83432907,0.72811556,0.40145284,0.40145284,0.6546324888865153
HG_BraTS20_Training_140,0.9371047,0.8673548,0.4646943,0.4646943,0.7563846111297607
HG_BraTS20_Training_150,0.8908703,0.6712625,0.59216493,0.59216493,0.7180992762247721
HG_BraTS20_Training_180,0.72420526,0.6494364,0.5635687,0.5635687,0.645736813545227
HG_BraTS20_Training_188,0.68556535,0.5662319,0.44275156,0.44275156,0.5648495753606161
HG_BraTS20_Training_191,0.924268,0.5864733,0.53002393,0.53002393,0.6802550951639811
HG_BraTS20_Training_201,0.91422737,0.7678269,0.73395133,0.73395133,0.8053352038065592
HG_BraTS20_Training_211,0.86189604,0.73937786,0.50796425,0.50796425,0.7030793825785319
HG_BraTS20_Training_212,0.7276988,0.4595501,0.2548298,0.2548298,0.48069290320078534
HG_BraTS20_Training_226,0.87759733,0.80360633,0.5476287,0.5476287,0.742944081624349
HG_BraTS20_Training_232,0.89765215,0.5057132,0.37522948,0.37522948,0.5928649504979452
HG_BraTS20_Training_241,0.8855297,0.5555753,0.4724962,0.4724962,0.6378670533498129
HG_BraTS20_Training_245,0.8600796,0.7889534,0.5068604,0.5068604,0.7186311086018881
HG_BraTS20_Training_246,0.8781045,0.59371316,0.39721808,0.39721808,0.6230119466781616
HG_BraTS20_Training_336,0.9297192,0.8839404,0.65844566,0.65844566,0.8240350882212321
HG_BraTS20_Training_338,0.8787141,0.774545,0.59194535,0.59194535,0.7484014828999838
HG_BraTS20_Training_344,0.9127883,0.7402849,0.47157302,0.47157302,0.7082153956095377
HG_BraTS20_Training_352,0.60065883,0.38686648,0.48291966,0.48291966,0.4901483456293742
LG_BraTS20_Training_262,0.87015545,0.3347266,5.0880226e-13,5.0880226e-13,0.4016273419062297
LG_BraTS20_Training_275,0.7202918,0.25226757,2.850627e-12,2.850627e-12,0.32418644428253174
LG_BraTS20_Training_278,0.8492292,0.5976747,3.680801e-13,3.680801e-13,0.4823013146718343
LG_BraTS20_Training_283,0.8960422,0.42630136,0.4394145,0.4394145,0.587252696355184
LG_BraTS20_Training_291,0.9283349,0.7612382,0.005023435,0.005023435,0.564865509668986
LG_BraTS20_Training_292,0.8007809,0.7040756,0.18675576,0.18675576,0.5638707478841146
LG_BraTS20_Training_294,0.8730493,0.6728532,2.9868577e-13,2.9868577e-13,0.5153008302052816
LG_BraTS20_Training_297,0.66231096,0.6693323,8.338197e-13,8.338197e-13,0.4438811143239339
LG_BraTS20_Training_310,0.91644984,0.7645644,2.753683e-13,2.753683e-13,0.5603380997975668
LG_BraTS20_Training_324,0.87666446,0.4522719,1.4285715e-12,1.4285715e-12,0.4429787794748942
t1cet1
HG_BraTS20_Training_010,0.46515048,0.77574164,0.8441661,0.8441661,0.6950194040934244
HG_BraTS20_Training_012,0.67803556,0.81834745,0.73332334,0.73332334,0.7432354291280111
HG_BraTS20_Training_020,0.78678626,0.63917106,0.6119794,0.6119794,0.6793122291564941
HG_BraTS20_Training_070,0.66395473,0.75500345,0.6462283,0.6462283,0.6883955001831055
HG_BraTS20_Training_089,0.7692289,0.8119338,0.9145159,0.9145159,0.8318928877512614
HG_BraTS20_Training_119,0.5457867,0.87245435,0.75885844,0.75885844,0.7256998221079508
HG_BraTS20_Training_124,0.81484133,0.851741,0.7987516,0.7987516,0.8217779795328776
HG_BraTS20_Training_128,0.20628195,0.37725532,0.38438794,7.836991e-12,0.3226417303085327
HG_BraTS20_Training_134,0.76799846,0.81424034,0.72377914,0.72377914,0.7686726252237955
HG_BraTS20_Training_140,0.8697488,0.91310054,0.82918,0.82918,0.8706764380137125
HG_BraTS20_Training_150,0.81472,0.90309715,0.90488106,0.90488106,0.8742326895395914
HG_BraTS20_Training_180,0.7029878,0.84221345,0.8007137,0.8007137,0.7819716930389404
HG_BraTS20_Training_188,0.51610106,0.82031596,0.74454755,0.74454755,0.6936548550923666
HG_BraTS20_Training_191,0.6845663,0.7054847,0.70418715,0.70418715,0.6980794270833334
HG_BraTS20_Training_201,0.79747707,0.9439123,0.8547852,0.8547852,0.8653915723164877
HG_BraTS20_Training_211,0.7371349,0.9137616,0.8331704,0.8331704,0.828022321065267
HG_BraTS20_Training_212,0.68660104,0.6181158,0.6607607,0.6607607,0.6551591555277506
HG_BraTS20_Training_226,0.7346824,0.8817663,0.8583695,0.8583695,0.8249394098917643
HG_BraTS20_Training_232,0.6717698,0.82103324,0.7517999,0.7517999,0.7482009728749593
HG_BraTS20_Training_241,0.72121966,0.8067403,0.7911191,0.7911191,0.7730263074239095
HG_BraTS20_Training_245,0.8199816,0.7607479,0.75626457,0.75626457,0.778998057047526
HG_BraTS20_Training_246,0.7357736,0.7447138,0.84589076,0.84589076,0.775459369023641
HG_BraTS20_Training_336,0.80345947,0.8691289,0.8098221,0.8098221,0.8274701436360677
HG_BraTS20_Training_338,0.8418604,0.9431418,0.8968384,0.8968384,0.8939468860626221
HG_BraTS20_Training_344,0.79165703,0.62755305,0.61044806,0.61044806,0.6765526930491129
HG_BraTS20_Training_352,0.785902,0.731096,0.8468468,0.8468468,0.7879482905069987
LG_BraTS20_Training_262,0.72244793,0.48639128,5.186722e-12,5.186722e-12,0.40294639269510907
LG_BraTS20_Training_275,0.32168487,0.07997848,1.7094017e-11,1.7094017e-11,0.13388778765996298
LG_BraTS20_Training_278,0.37931335,0.0015417972,4.2354935e-12,4.2354935e-12,0.12695171435674033
LG_BraTS20_Training_283,0.60570484,0.8318575,0.83041173,0.83041173,0.7559913794199625
LG_BraTS20_Training_291,0.77102697,0.6222483,0.046612937,0.046612937,0.4799627463022868
LG_BraTS20_Training_292,0.7615726,0.69677365,0.44309694,0.44309694,0.6338144143422445
LG_BraTS20_Training_294,0.679473,0.18097745,5.4288817e-12,5.4288817e-12,0.2868168155352275
LG_BraTS20_Training_297,0.2630887,0.19822091,2.293578e-11,1.0,0.15376987059911093
LG_BraTS20_Training_310,0.64909214,0.26941004,6.4333505e-13,6.4333505e-13,0.30616740385691327
LG_BraTS20_Training_324,0.5956546,0.013643026,3.7693178e-12,3.7693178e-12,0.2030992110570272
t1cet2
HG_BraTS20_Training_010,0.65666306,0.7753203,0.83294517,0.83294517,0.7549761931101481
HG_BraTS20_Training_012,0.80261785,0.7990769,0.7485432,0.7485432,0.7834126949310303
HG_BraTS20_Training_020,0.8271757,0.7367909,0.57063437,0.57063437,0.7115336259206136
HG_BraTS20_Training_070,0.83163095,0.851749,0.6627156,0.6627156,0.7820318539937338
HG_BraTS20_Training_089,0.8519441,0.6226581,0.8996443,0.8996443,0.7914155324300131
HG_BraTS20_Training_119,0.6590843,0.88213295,0.7540384,0.7540384,0.7650852203369141
HG_BraTS20_Training_124,0.9051732,0.8669187,0.8366306,0.8366306,0.8695741494496664
HG_BraTS20_Training_128,0.79741883,0.5735045,0.5800525,0.5800525,0.6503252585728964
HG_BraTS20_Training_134,0.8411496,0.85671747,0.7215532,0.7215532,0.8064734141031901
HG_BraTS20_Training_140,0.93189085,0.91305304,0.82610995,0.82610995,0.8903512954711914
HG_BraTS20_Training_150,0.8976618,0.91984284,0.91646016,0.91646016,0.9113216400146484
HG_BraTS20_Training_180,0.6497238,0.6979273,0.7878713,0.7878713,0.7118407885233561
HG_BraTS20_Training_188,0.6091481,0.82657045,0.74015075,0.74015075,0.7252897421518961
HG_BraTS20_Training_191,0.88858634,0.80460703,0.7966626,0.7966626,0.8299520015716553
HG_BraTS20_Training_201,0.8790117,0.9305713,0.86975706,0.86975706,0.8931132952372233
HG_BraTS20_Training_211,0.8309911,0.92743725,0.8354518,0.8354518,0.8646267255147299
HG_BraTS20_Training_212,0.83983994,0.77629226,0.68512285,0.68512285,0.767085075378418
HG_BraTS20_Training_226,0.8643585,0.9151592,0.88525236,0.88525236,0.8882567087809244
HG_BraTS20_Training_232,0.71463037,0.82105327,0.74441224,0.74441224,0.7600319385528564
HG_BraTS20_Training_241,0.84665877,0.7663161,0.74004894,0.74004894,0.7843412558237711
HG_BraTS20_Training_245,0.83068943,0.7838292,0.7679365,0.7679365,0.7941517035166422
HG_BraTS20_Training_246,0.83213454,0.77985924,0.83367217,0.83367217,0.8152219454447428
HG_BraTS20_Training_336,0.91362786,0.9347368,0.86981934,0.86981934,0.9060613314310709
HG_BraTS20_Training_338,0.88765275,0.93522555,0.8917177,0.8917177,0.9048653443654379
HG_BraTS20_Training_344,0.8642086,0.7188789,0.6185065,0.6185065,0.7338646252950033
HG_BraTS20_Training_352,0.896756,0.70418096,0.86546624,0.86546624,0.8221343358357748
LG_BraTS20_Training_262,0.86793786,0.45134392,2.9568303e-12,2.9568303e-12,0.43976060549418133
LG_BraTS20_Training_275,0.6052681,0.14446692,3.5727044e-12,3.5727044e-12,0.2499116857846578
LG_BraTS20_Training_278,0.6698051,0.031976745,4.6446818e-12,4.6446818e-12,0.2339272896448771
LG_BraTS20_Training_283,0.89283144,0.7903898,0.87147075,0.87147075,0.8515640099843343
LG_BraTS20_Training_291,0.92479783,0.7882118,0.018635856,0.018635856,0.5772151549657186
LG_BraTS20_Training_292,0.86374027,0.7428683,0.37649605,0.37649605,0.661034901936849
LG_BraTS20_Training_294,0.87091804,0.5578094,5.3850297e-12,5.3850297e-12,0.476242462793986
LG_BraTS20_Training_297,0.7286213,0.57119066,3.3156498e-12,3.3156498e-12,0.4332706530888875
LG_BraTS20_Training_310,0.83730143,0.4959798,1.2909889e-12,1.2909889e-12,0.4444270928700765
LG_BraTS20_Training_324,0.6880833,0.019113747,6.527415e-12,6.527415e-12,0.23573233683904013
flair
HG_BraTS20_Training_010,0.6854433,0.7050602,0.5624282,0.5624282,0.6509772141774496
HG_BraTS20_Training_012,0.8489506,0.6451055,0.23315814,0.23315814,0.5757380723953247
HG_BraTS20_Training_020,0.88543606,0.7469249,0.35813826,0.35813826,0.6634997526804606
HG_BraTS20_Training_070,0.9020326,0.5795466,0.19984347,0.19984347,0.5604742368062338
HG_BraTS20_Training_089,0.8110754,0.55394876,0.29668996,0.29668996,0.5539046923319498
HG_BraTS20_Training_119,0.80779815,0.77543783,0.48853263,0.48853263,0.6905895074208578
HG_BraTS20_Training_124,0.9249138,0.7821754,0.315197,0.315197,0.6740953922271729
HG_BraTS20_Training_128,0.8865114,0.1823781,0.15114127,0.15114127,0.4066769282023112
HG_BraTS20_Training_134,0.79605347,0.59788996,0.32223025,0.32223025,0.5720578829447428
HG_BraTS20_Training_140,0.94169587,0.84772223,0.5429314,0.5429314,0.7774498462677002
HG_BraTS20_Training_150,0.81865925,0.59535384,0.36792699,0.36792699,0.5939800341924032
HG_BraTS20_Training_180,0.7440038,0.6809937,0.4341363,0.4341363,0.6197112401326498
HG_BraTS20_Training_188,0.5618352,0.13443898,0.0863961,0.0863961,0.2608901063601176
HG_BraTS20_Training_191,0.93755484,0.6200475,0.3979117,0.3979117,0.6518380244572958
HG_BraTS20_Training_201,0.9278947,0.8036715,0.5366933,0.5366933,0.756086508433024
HG_BraTS20_Training_211,0.82041043,0.66712123,0.3811261,0.3811261,0.6228859424591064
HG_BraTS20_Training_212,0.7162111,0.3964831,0.16588755,0.16588755,0.42619391282399494
HG_BraTS20_Training_226,0.8700971,0.64604723,0.3125,0.3125,0.6095480918884277
HG_BraTS20_Training_232,0.9098848,0.46594864,0.33636925,0.33636925,0.5707342624664307
HG_BraTS20_Training_241,0.87495613,0.38760635,0.2718606,0.2718606,0.5114743709564209
HG_BraTS20_Training_245,0.7549782,0.71965516,0.4607748,0.4607748,0.6451360384623209
HG_BraTS20_Training_246,0.81178075,0.36391062,0.30474594,0.30474594,0.49347909291585285
HG_BraTS20_Training_336,0.9273151,0.836368,0.54311526,0.54311526,0.7689328193664551
HG_BraTS20_Training_338,0.85773265,0.66608244,0.41244835,0.41244835,0.6454211870829264
HG_BraTS20_Training_344,0.8897291,0.7412125,0.5328087,0.5328087,0.7212501366933187
HG_BraTS20_Training_352,0.5695613,0.44352892,0.40669477,0.40669477,0.47326167424519855
LG_BraTS20_Training_262,0.87332124,0.22792251,6.312334e-13,6.312334e-13,0.3670812447865804
LG_BraTS20_Training_275,0.7446166,0.15536581,7.662835e-12,7.662835e-12,0.29999415079752606
LG_BraTS20_Training_278,0.8243223,0.44368488,8.1659316e-13,8.1659316e-13,0.42266905307769775
LG_BraTS20_Training_283,0.9276364,0.48279563,0.29444268,0.29444268,0.5682915449142456
LG_BraTS20_Training_291,0.9269057,0.76957667,0.0027511367,0.0027511367,0.5664111773173014
LG_BraTS20_Training_292,0.65928406,0.23953012,0.25373003,0.25373003,0.3841814200083415
LG_BraTS20_Training_294,0.822514,0.4932833,5.746796e-13,5.746796e-13,0.4385991096496582
LG_BraTS20_Training_297,0.3655448,0.1340761,4.8851977e-12,4.8851977e-12,0.16654030481974283
LG_BraTS20_Training_310,0.8832394,0.66823775,4.9055676e-13,4.9055676e-13,0.5171590646107992
LG_BraTS20_Training_324,0.80869555,0.30650175,1.4242985e-12,1.4242985e-12,0.3717324336369832
t1
HG_BraTS20_Training_010,0.5492447,0.67571855,0.36041948,0.36041948,0.5284608999888102
HG_BraTS20_Training_012,0.7055799,0.7632721,0.6333146,0.6333146,0.7007222175598145
HG_BraTS20_Training_020,0.81595045,0.6882205,0.27889726,0.27889726,0.5943560600280762
HG_BraTS20_Training_070,0.7701055,0.7377581,0.31539387,0.31539387,0.6077524820963541
HG_BraTS20_Training_089,0.7518872,0.43905357,0.4486583,0.4486583,0.5465330282847086
HG_BraTS20_Training_119,0.5772071,0.7200822,0.28602836,0.28602836,0.527772585550944
HG_BraTS20_Training_124,0.8172096,0.7125859,0.41364062,0.41364062,0.6478120485941569
HG_BraTS20_Training_128,0.13206364,7.1890727e-12,7.836991e-12,7.836991e-12,0.044021214048067726
HG_BraTS20_Training_134,0.6734347,0.6248895,0.2415831,0.2415831,0.5133024056752523
HG_BraTS20_Training_140,0.8350359,0.844732,0.16646491,0.16646491,0.6154109239578247
HG_BraTS20_Training_150,0.78415227,0.60224086,0.43793163,0.43793163,0.6081082423528036
HG_BraTS20_Training_180,0.59895444,0.4573795,0.29027033,0.29027033,0.44886807600657147
HG_BraTS20_Training_188,0.51183105,0.74051607,0.6091623,0.6091623,0.6205031077067057
HG_BraTS20_Training_191,0.56325775,0.25640154,0.24198839,0.24198839,0.3538825511932373
HG_BraTS20_Training_201,0.7341149,0.5372217,0.441749,0.441749,0.5710285107294718
HG_BraTS20_Training_211,0.6874724,0.7822418,0.48206875,0.48206875,0.6505943139394125
HG_BraTS20_Training_212,0.7015718,0.49086317,0.25236332,0.25236332,0.48159945011138916
HG_BraTS20_Training_226,0.7979656,0.7365721,0.24326421,0.24326421,0.5926006237665812
HG_BraTS20_Training_232,0.65101117,0.3284537,0.23439528,0.23439528,0.40462005138397217
HG_BraTS20_Training_241,0.79499215,0.55834067,0.30619758,0.30619758,0.5531768004099528
HG_BraTS20_Training_245,0.7470824,0.6109018,0.43935302,0.43935302,0.5991123914718628
HG_BraTS20_Training_246,0.8152203,0.5983833,0.28003398,0.28003398,0.5645458300908407
HG_BraTS20_Training_336,0.8221683,0.84244907,0.56096244,0.56096244,0.7418599128723145
HG_BraTS20_Training_338,0.82952136,0.7774832,0.49440616,0.49440616,0.7004702885945638
HG_BraTS20_Training_344,0.80732846,0.7652402,0.46491414,0.46491414,0.6791609128316244
HG_BraTS20_Training_352,0.7215443,0.29672304,0.43507922,0.43507922,0.4844488700230916
LG_BraTS20_Training_262,0.5085504,0.6186305,2.4801587e-12,2.4801587e-12,0.37572697798411053
LG_BraTS20_Training_275,0.2395294,9.261832e-13,4.1666667e-11,1.0,0.07984313368797302
LG_BraTS20_Training_278,0.6280348,0.39926857,7.5443227e-13,7.5443227e-13,0.34243444601694745
LG_BraTS20_Training_283,0.00021504913,8.7504374e-13,8.865248e-13,8.865248e-13,7.168304485579331e-05
LG_BraTS20_Training_291,0.846605,0.69380504,0.005772549,0.005772549,0.5153942108154297
LG_BraTS20_Training_292,0.7616877,0.8001027,0.16877262,0.16877262,0.5768543481826782
LG_BraTS20_Training_294,0.7221764,0.60997224,6.9886084e-13,6.9886084e-13,0.44404951731363934
LG_BraTS20_Training_297,0.4218664,0.6058439,2.3696683e-12,2.3696683e-12,0.34257010618845624
LG_BraTS20_Training_310,0.77308494,0.7066656,6.9817774e-13,6.9817774e-13,0.49325017134348553
LG_BraTS20_Training_324,0.59621847,0.28155652,3.4048348e-12,3.4048348e-12,0.292591651280721
t1c
HG_BraTS20_Training_010,0.43985075,0.7818401,0.8537437,0.8537437,0.6918115615844727
HG_BraTS20_Training_012,0.53136504,0.6063288,0.5760771,0.5760771,0.5712569952011108
HG_BraTS20_Training_020,0.64598393,0.556045,0.5655879,0.5655879,0.5892056226730347
HG_BraTS20_Training_070,0.54474634,0.670399,0.590253,0.590253,0.6017994483311971
HG_BraTS20_Training_089,0.76078457,0.65367454,0.9177225,0.9177225,0.7773938973744711
HG_BraTS20_Training_119,0.5163403,0.84056926,0.7306296,0.7306296,0.6958463986714681
HG_BraTS20_Training_124,0.6957336,0.7326216,0.76121837,0.76121837,0.7298578421274821
HG_BraTS20_Training_128,0.03984564,0.00031610558,0.0014587892,7.836991e-12,0.013873512546221415
HG_BraTS20_Training_134,0.68324304,0.6693144,0.673049,0.673049,0.6752021312713623
HG_BraTS20_Training_140,0.8380918,0.8894043,0.8293296,0.8293296,0.8522752126057943
HG_BraTS20_Training_150,0.76562864,0.9122202,0.91597694,0.91597694,0.8646086057027181
HG_BraTS20_Training_180,0.63535416,0.7414533,0.7823932,0.7823932,0.7197335561116537
HG_BraTS20_Training_188,0.47007856,0.82759327,0.76365966,0.76365966,0.6871105035146078
HG_BraTS20_Training_191,0.6869481,0.7663593,0.7435057,0.7435057,0.7322710355122884
HG_BraTS20_Training_201,0.7738501,0.9319169,0.8496337,0.8496337,0.8518002033233643
HG_BraTS20_Training_211,0.73697823,0.91673553,0.84033954,0.84033954,0.831351121266683
HG_BraTS20_Training_212,0.5217724,0.45551312,0.595207,0.595207,0.5241641600926717
HG_BraTS20_Training_226,0.702048,0.8564523,0.85162157,0.85162157,0.8033739725748698
HG_BraTS20_Training_232,0.6142465,0.7462353,0.77122724,0.77122724,0.710569699605306
HG_BraTS20_Training_241,0.5834693,0.71015865,0.69578177,0.69578177,0.6631365617116293
HG_BraTS20_Training_245,0.72341275,0.68932396,0.7098257,0.7098257,0.7075208028157552
HG_BraTS20_Training_246,0.6302531,0.6983153,0.8512782,0.8512782,0.7266155878702799
HG_BraTS20_Training_336,0.7845748,0.8661589,0.8293899,0.8293899,0.8267078399658203
HG_BraTS20_Training_338,0.810147,0.9237896,0.89163965,0.89163965,0.8751920859018961
HG_BraTS20_Training_344,0.702629,0.62732553,0.5385458,0.5385458,0.6228334903717041
HG_BraTS20_Training_352,0.79789144,0.62011546,0.8743153,0.8743153,0.7641073862711588
LG_BraTS20_Training_262,0.73652637,0.5617991,3.6616626e-12,3.6616626e-12,0.43277517954508465
LG_BraTS20_Training_275,0.035492707,9.472388e-13,1.0,1.0,0.3451642195383708
LG_BraTS20_Training_278,0.124915555,1.5771626e-13,3.0534351e-12,3.0534351e-12,0.041638518373171486
LG_BraTS20_Training_283,0.6479024,0.8528639,0.8545198,0.8545198,0.7850953737894694
LG_BraTS20_Training_291,0.65382177,0.63314456,0.02111614,0.02111614,0.4360274871190389
LG_BraTS20_Training_292,0.68596876,0.7175759,0.3576234,0.3576234,0.5870560010274252
LG_BraTS20_Training_294,0.47923538,0.25484893,1.9719977e-12,1.9719977e-12,0.2446947693824768
LG_BraTS20_Training_297,0.382192,0.41664457,2.0597322e-12,2.0597322e-12,0.26627886295318604
LG_BraTS20_Training_310,0.52576166,0.3033565,3.8656307e-13,3.8656307e-13,0.2763727108637492
LG_BraTS20_Training_324,0.52778363,0.13970527,2.0759809e-12,2.0759809e-12,0.2224963108698527
t2
HG_BraTS20_Training_010,0.7034996,0.68456584,0.3992845,0.3992845,0.5957833131154379
HG_BraTS20_Training_012,0.8350729,0.8076432,0.64521086,0.64521086,0.7626423041025797
HG_BraTS20_Training_020,0.865543,0.7552344,0.3417743,0.3417743,0.6541839043299357
HG_BraTS20_Training_070,0.8343573,0.6353391,0.24833806,0.24833806,0.5726781686147054
HG_BraTS20_Training_089,0.8269863,0.46241188,0.39470172,0.39470172,0.5613666375478109
HG_BraTS20_Training_119,0.6481253,0.684785,0.34789732,0.34789732,0.5602691968282064
HG_BraTS20_Training_124,0.8920677,0.7512375,0.38604632,0.38604632,0.6764504909515381
HG_BraTS20_Training_128,0.78267777,0.23361906,0.2381194,0.2381194,0.4181387424468994
HG_BraTS20_Training_134,0.7506387,0.5489941,0.30671963,0.30671963,0.53545081615448
HG_BraTS20_Training_140,0.9162824,0.84843767,0.34572417,0.34572417,0.7034814357757568
HG_BraTS20_Training_150,0.87299454,0.7664095,0.58369565,0.58369565,0.7410332361857096
HG_BraTS20_Training_180,0.6474352,0.42874885,0.22799821,0.22799821,0.43472743034362793
HG_BraTS20_Training_188,0.61728865,0.75032866,0.5655869,0.5655869,0.6444014310836792
HG_BraTS20_Training_191,0.9122261,0.46318918,0.2659412,0.2659412,0.5471188227335612
HG_BraTS20_Training_201,0.8831744,0.8983951,0.6842005,0.6842005,0.8219233353932699
HG_BraTS20_Training_211,0.818394,0.81334925,0.5572613,0.5572613,0.729668140411377
HG_BraTS20_Training_212,0.87185234,0.69794554,0.35235465,0.35235465,0.6407175064086914
HG_BraTS20_Training_226,0.8658171,0.82388425,0.35846555,0.35846555,0.682722250620524
HG_BraTS20_Training_232,0.7173745,0.6184302,0.43394807,0.43394807,0.5899175802866617
HG_BraTS20_Training_241,0.83346885,0.43475834,0.3773653,0.3773653,0.5485308170318604
HG_BraTS20_Training_245,0.7832812,0.7995417,0.4948609,0.4948609,0.6925613085428873
HG_BraTS20_Training_246,0.79813987,0.5922978,0.38599318,0.38599318,0.5921436150868734
HG_BraTS20_Training_336,0.92959684,0.6947308,0.48210597,0.48210597,0.7021445433298746
HG_BraTS20_Training_338,0.8945902,0.7702047,0.46057466,0.46057466,0.7084565162658691
HG_BraTS20_Training_344,0.8792779,0.74705815,0.36537528,0.36537528,0.6639037926991781
HG_BraTS20_Training_352,0.8965179,0.47059897,0.4628488,0.4628488,0.6099885304768881
LG_BraTS20_Training_262,0.8448068,0.27253532,7.0057447e-13,7.0057447e-13,0.3724473714828491
LG_BraTS20_Training_275,0.6442243,0.021248573,5.6818182e-11,1.0,0.2218242883682251
LG_BraTS20_Training_278,0.7236681,0.3657367,1.0214505e-12,1.0214505e-12,0.3631349404652913
LG_BraTS20_Training_283,0.8732894,0.3748774,0.35124126,0.35124126,0.5331360101699829
LG_BraTS20_Training_291,0.9369958,0.7182935,0.0104008885,0.0104008885,0.5552300612131754
LG_BraTS20_Training_292,0.88071704,0.5104096,0.24166311,0.24166311,0.5442632436752319
LG_BraTS20_Training_294,0.8795386,0.613689,8.828463e-13,8.828463e-13,0.49774253368377686
LG_BraTS20_Training_297,0.73523796,0.4901134,1.9646366e-12,1.9646366e-12,0.408450444539388
LG_BraTS20_Training_310,0.8270098,0.6631333,1.68152e-12,1.68152e-12,0.49671435356140137
LG_BraTS20_Training_324,0.78442526,0.26993516,1.34662e-12,1.34662e-12,0.3514534632364909
WT Dice,TC Dice,ET Dice,ETPro Dice,WT HD95,TC HD95,ET HD95ETPro HD95
flairt1cet1t2
HG_BraTS20_Training_010,0.7972758,0.81734705,0.8330834,0.8330834,0.8159020741780599
HG_BraTS20_Training_012,0.8686641,0.9031491,0.7987437,0.7987437,0.8568522930145264
HG_BraTS20_Training_020,0.89368534,0.7532641,0.5901645,0.5901645,0.7457046508789062
HG_BraTS20_Training_070,0.90691787,0.78577477,0.6544377,0.6544377,0.782376766204834
HG_BraTS20_Training_089,0.85682726,0.68509513,0.8998511,0.8998511,0.8139244715372721
HG_BraTS20_Training_119,0.8008818,0.899545,0.76735365,0.76735365,0.8225935300191244
HG_BraTS20_Training_124,0.9296664,0.9227833,0.857129,0.857129,0.9031928380330404
HG_BraTS20_Training_128,0.8737809,0.54578257,0.54807454,0.54807454,0.6558793385823568
HG_BraTS20_Training_134,0.83902615,0.8037787,0.7013945,0.7013945,0.7813998063405355
HG_BraTS20_Training_140,0.9396706,0.9134221,0.81895596,0.81895596,0.8906828562418619
HG_BraTS20_Training_150,0.9272604,0.88624847,0.8914222,0.8914222,0.9016436735788981
HG_BraTS20_Training_180,0.7063214,0.7757986,0.8338226,0.8338226,0.7719809214274088
HG_BraTS20_Training_188,0.7524838,0.83007866,0.74273133,0.74273133,0.775097926457723
HG_BraTS20_Training_191,0.92935157,0.7644621,0.72196144,0.72196144,0.8052583535512289
HG_BraTS20_Training_201,0.90941495,0.9448124,0.8608751,0.8608751,0.9050341447194418
HG_BraTS20_Training_211,0.87202114,0.9128329,0.82623374,0.82623374,0.8703625996907552
HG_BraTS20_Training_212,0.84141,0.7339809,0.6353282,0.6353282,0.736906369527181
HG_BraTS20_Training_226,0.88850427,0.9215619,0.8875636,0.8875636,0.8992099761962891
HG_BraTS20_Training_232,0.8315071,0.8219254,0.7573744,0.7573744,0.8036022981007894
HG_BraTS20_Training_241,0.8761279,0.79353315,0.76232284,0.76232284,0.8106613159179688
HG_BraTS20_Training_245,0.8923935,0.7954706,0.76524884,0.76524884,0.8177042802174886
HG_BraTS20_Training_246,0.8756891,0.74043614,0.8164205,0.8164205,0.8108485539754232
HG_BraTS20_Training_336,0.9181928,0.9414408,0.871193,0.871193,0.9102755387624105
HG_BraTS20_Training_338,0.9287485,0.94572425,0.8966409,0.8966409,0.9237045447031657
HG_BraTS20_Training_344,0.88807184,0.7471882,0.6294225,0.6294225,0.7548941771189371
HG_BraTS20_Training_352,0.88775,0.72667557,0.8231289,0.8231289,0.8125181992848715
LG_BraTS20_Training_262,0.8730293,0.45228216,2.5879917e-12,2.5879917e-12,0.4417704741160075
LG_BraTS20_Training_275,0.7538884,0.11045551,5.252101e-12,5.252101e-12,0.28811464707056683
LG_BraTS20_Training_278,0.80604655,0.07487835,6.963788e-12,6.963788e-12,0.2936416268348694
LG_BraTS20_Training_283,0.9329561,0.7545359,0.78755265,0.78755265,0.8250149091084799
LG_BraTS20_Training_291,0.943025,0.79518694,0.034456704,0.034456704,0.5908895333607992
LG_BraTS20_Training_292,0.8917114,0.7370677,0.50240475,0.50240475,0.7103946208953857
LG_BraTS20_Training_294,0.91419905,0.65929997,2.3169602e-12,2.3169602e-12,0.5244996547698975
LG_BraTS20_Training_297,0.69234,0.25470883,5.8892817e-12,5.8892817e-12,0.31568294763565063
LG_BraTS20_Training_310,0.89305514,0.47494435,8.896797e-13,8.896797e-13,0.45599985122680664
LG_BraTS20_Training_324,0.91543627,0.010855918,9.596929e-12,9.596929e-12,0.3087640603383382
t1cet1t2
HG_BraTS20_Training_010,0.71324015,0.7665047,0.8236042,0.8236042,0.767783006032308
HG_BraTS20_Training_012,0.8277277,0.8836185,0.7984893,0.7984893,0.836611827214559
HG_BraTS20_Training_020,0.8566159,0.74994254,0.58325785,0.58325785,0.7299387454986572
HG_BraTS20_Training_070,0.82883775,0.83979046,0.6831022,0.6831022,0.7839101155598959
HG_BraTS20_Training_089,0.83924234,0.6891815,0.91427094,0.91427094,0.8142315546671549
HG_BraTS20_Training_119,0.63334703,0.8908576,0.7640012,0.7640012,0.7627352873484293
HG_BraTS20_Training_124,0.90240437,0.9006327,0.8327966,0.8327966,0.8786112467447916
HG_BraTS20_Training_128,0.8466815,0.47597077,0.47566006,0.47566006,0.599437435468038
HG_BraTS20_Training_134,0.8371747,0.83588314,0.7191515,0.7191515,0.79740309715271
HG_BraTS20_Training_140,0.9298218,0.915848,0.8375411,0.8375411,0.8944036165873209
HG_BraTS20_Training_150,0.88159734,0.893857,0.89871514,0.89871514,0.8913898468017578
HG_BraTS20_Training_180,0.6797927,0.7625724,0.80797076,0.80797076,0.750111977259318
HG_BraTS20_Training_188,0.6668798,0.8228452,0.7371612,0.7371612,0.7422954241434733
HG_BraTS20_Training_191,0.894092,0.72670835,0.73614514,0.73614514,0.785648504892985
HG_BraTS20_Training_201,0.8900621,0.9417118,0.87234265,0.87234265,0.9013721942901611
HG_BraTS20_Training_211,0.82227355,0.9253994,0.83500385,0.83500385,0.8608922958374023
HG_BraTS20_Training_212,0.8239467,0.7195765,0.68502754,0.68502754,0.7428502241770426
HG_BraTS20_Training_226,0.8454439,0.9295023,0.8886559,0.8886559,0.8878673712412516
HG_BraTS20_Training_232,0.76114446,0.80629873,0.7211334,0.7211334,0.7628588676452637
HG_BraTS20_Training_241,0.8679215,0.81624055,0.77870506,0.77870506,0.8209556738535563
HG_BraTS20_Training_245,0.86964387,0.8246212,0.7887123,0.7887123,0.8276591300964355
HG_BraTS20_Training_246,0.8595012,0.78246605,0.831227,0.831227,0.8243981202443441
HG_BraTS20_Training_336,0.9058131,0.9270522,0.87000316,0.87000316,0.9009561538696289
HG_BraTS20_Training_338,0.90522695,0.9533811,0.90790087,0.90790087,0.9221696058909098
HG_BraTS20_Training_344,0.8672576,0.68768054,0.61406595,0.61406595,0.7230013211568197
HG_BraTS20_Training_352,0.89409524,0.787521,0.85630405,0.85630405,0.8459734916687012
LG_BraTS20_Training_262,0.84843475,0.49295554,4.7869794e-12,4.7869794e-12,0.44713008403778076
LG_BraTS20_Training_275,0.65030533,0.15399265,2.8312571e-12,2.8312571e-12,0.2680993278821309
LG_BraTS20_Training_278,0.7634256,0.051114004,3.797949e-12,3.797949e-12,0.2715132037798564
LG_BraTS20_Training_283,0.9035592,0.82315576,0.8244846,0.8244846,0.8503998120625814
LG_BraTS20_Training_291,0.92436326,0.7348721,0.032603405,0.032603405,0.5639462471008301
LG_BraTS20_Training_292,0.85240006,0.7109528,0.43896523,0.43896523,0.6674393812815348
LG_BraTS20_Training_294,0.8631948,0.5228562,6.40615e-12,6.40615e-12,0.4620169798533122
LG_BraTS20_Training_297,0.76586664,0.19219628,5.1840333e-12,5.1840333e-12,0.3193542957305908
LG_BraTS20_Training_310,0.77932614,0.41664973,7.0876746e-13,7.0876746e-13,0.3986586332321167
LG_BraTS20_Training_324,0.7486639,0.00054670416,1.1933174e-11,1.1933174e-11,0.24973686536153158
flairt1cet2
HG_BraTS20_Training_010,0.7764895,0.7738539,0.8391288,0.8391288,0.796490748723348
HG_BraTS20_Training_012,0.8666,0.8518042,0.75578535,0.75578535,0.824729839960734
HG_BraTS20_Training_020,0.8819146,0.7792897,0.58845323,0.58845323,0.7498858769734701
HG_BraTS20_Training_070,0.8855522,0.83480936,0.6315628,0.6315628,0.783974806467692
HG_BraTS20_Training_089,0.84740925,0.5431367,0.85499865,0.85499865,0.7485148906707764
HG_BraTS20_Training_119,0.8121493,0.8750725,0.7316013,0.7316013,0.8062743345896403
HG_BraTS20_Training_124,0.92122227,0.88858217,0.8528038,0.8528038,0.8875360488891602
HG_BraTS20_Training_128,0.88172835,0.44418174,0.4717435,0.4717435,0.5992178519566854
HG_BraTS20_Training_134,0.842194,0.8111058,0.68328655,0.68328655,0.7788621584574381
HG_BraTS20_Training_140,0.9361651,0.91052,0.8220552,0.8220552,0.8895800908406576
HG_BraTS20_Training_150,0.92602307,0.8625852,0.8939336,0.8939336,0.8941806157430013
HG_BraTS20_Training_180,0.6774735,0.7176827,0.80396926,0.80396926,0.7330417633056641
HG_BraTS20_Training_188,0.7551991,0.82117146,0.72903055,0.72903055,0.7684670289357504
HG_BraTS20_Training_191,0.93175894,0.83993405,0.73191893,0.73191893,0.8345373471577963
HG_BraTS20_Training_201,0.9176314,0.94076174,0.847273,0.847273,0.9018886884053549
HG_BraTS20_Training_211,0.86870426,0.89140713,0.8138962,0.8138962,0.858002503712972
HG_BraTS20_Training_212,0.8607036,0.7937554,0.6421642,0.6421642,0.7655410766601562
HG_BraTS20_Training_226,0.8835932,0.9126258,0.8813803,0.8813803,0.8925331433614095
HG_BraTS20_Training_232,0.82684505,0.81352377,0.75009114,0.75009114,0.7968200047810873
HG_BraTS20_Training_241,0.8763486,0.76297694,0.7260805,0.7260805,0.7884686787923177
HG_BraTS20_Training_245,0.8602916,0.74645585,0.7323053,0.7323053,0.7796842257181803
HG_BraTS20_Training_246,0.8396872,0.7466133,0.79280114,0.79280114,0.7930339177449545
HG_BraTS20_Training_336,0.9217635,0.9410173,0.85867333,0.85867333,0.9071513811747233
HG_BraTS20_Training_338,0.9210223,0.9372254,0.88543314,0.88543314,0.9145603179931641
HG_BraTS20_Training_344,0.87895316,0.8097669,0.6021479,0.6021479,0.7636226018269857
HG_BraTS20_Training_352,0.8585944,0.5951471,0.8289363,0.8289363,0.7608926296234131
LG_BraTS20_Training_262,0.85141814,0.2953194,1.442169e-12,1.442169e-12,0.38224585851033527
LG_BraTS20_Training_275,0.77967083,0.115714386,5.205622e-12,5.205622e-12,0.2984617352485657
LG_BraTS20_Training_278,0.8102216,0.0729986,5.586592e-12,5.586592e-12,0.2944067319234212
LG_BraTS20_Training_283,0.93947077,0.6538271,0.7823081,0.7823081,0.7918686866760254
LG_BraTS20_Training_291,0.94482505,0.7821227,0.024798222,0.024798222,0.5839153528213501
LG_BraTS20_Training_292,0.87159866,0.76217437,0.40042773,0.40042773,0.6780669689178467
LG_BraTS20_Training_294,0.9078451,0.73806363,1.8821758e-12,1.8821758e-12,0.548636237780253
LG_BraTS20_Training_297,0.7382279,0.5860958,5.2603893e-12,5.2603893e-12,0.44144121805826825
LG_BraTS20_Training_310,0.8958991,0.57255316,8.729812e-13,8.729812e-13,0.4894840717315674
LG_BraTS20_Training_324,0.9067563,0.08117401,3.8066234e-12,3.8066234e-12,0.3293100992838542
flairt1t2
HG_BraTS20_Training_010,0.812889,0.7089788,0.2904767,0.2904767,0.604114810625712
HG_BraTS20_Training_012,0.8712249,0.8198319,0.57841104,0.57841104,0.7564892768859863
HG_BraTS20_Training_020,0.89357346,0.78473026,0.3823795,0.3823795,0.686894416809082
HG_BraTS20_Training_070,0.9041299,0.6824108,0.26886326,0.26886326,0.6184679667154948
HG_BraTS20_Training_089,0.853336,0.4476922,0.27362135,0.27362135,0.5248831510543823
HG_BraTS20_Training_119,0.7964274,0.81230056,0.5348946,0.5348946,0.7145407994588217
HG_BraTS20_Training_124,0.9387715,0.7799114,0.45022193,0.45022193,0.7229682604471842
HG_BraTS20_Training_128,0.8690439,0.29929438,0.28342456,0.28342456,0.48392097155253094
HG_BraTS20_Training_134,0.8561858,0.7103819,0.31072307,0.31072307,0.6257635752360026
HG_BraTS20_Training_140,0.93975973,0.8512497,0.3113869,0.3113869,0.700798749923706
HG_BraTS20_Training_150,0.9083576,0.75328785,0.380585,0.380585,0.6807434558868408
HG_BraTS20_Training_180,0.6918551,0.5492595,0.45067883,0.45067883,0.5639311472574869
HG_BraTS20_Training_188,0.7628839,0.72387564,0.53416073,0.53416073,0.6736400922139486
HG_BraTS20_Training_191,0.93381566,0.49411747,0.30355546,0.30355546,0.5771628618240356
HG_BraTS20_Training_201,0.9280875,0.9005187,0.71388346,0.71388346,0.847496509552002
HG_BraTS20_Training_211,0.8588953,0.80127704,0.42231423,0.42231423,0.6941622098286947
HG_BraTS20_Training_212,0.84948546,0.7142066,0.29905304,0.29905304,0.6209150552749634
HG_BraTS20_Training_226,0.89648813,0.85899,0.3527665,0.3527665,0.7027482191721598
HG_BraTS20_Training_232,0.8494734,0.48214015,0.3367044,0.3367044,0.5561059713363647
HG_BraTS20_Training_241,0.88380635,0.581442,0.46453422,0.46453422,0.6432608763376871
HG_BraTS20_Training_245,0.8574242,0.81678486,0.60894233,0.60894233,0.7610504627227783
HG_BraTS20_Training_246,0.84276575,0.6182535,0.478692,0.478692,0.6465704441070557
HG_BraTS20_Training_336,0.9163822,0.86990964,0.5578892,0.5578892,0.7813936869303385
HG_BraTS20_Training_338,0.91760343,0.8272507,0.4933187,0.4933187,0.7460576693216959
HG_BraTS20_Training_344,0.90545964,0.812574,0.44088808,0.44088808,0.7196405728658041
HG_BraTS20_Training_352,0.88225174,0.2598851,0.38,0.38,0.5073789358139038
LG_BraTS20_Training_262,0.8828655,0.367096,8.6670135e-13,8.6670135e-13,0.416653831799825
LG_BraTS20_Training_275,0.78120255,0.015108245,3.2258066e-10,1.0,0.26543692747751874
LG_BraTS20_Training_278,0.82916236,0.48069307,8.3963056e-13,8.3963056e-13,0.43661848704020184
LG_BraTS20_Training_283,0.92272025,0.44247854,0.47457954,0.47457954,0.613259474436442
LG_BraTS20_Training_291,0.9490773,0.75629693,0.0105563635,0.0105563635,0.5719768603642782
LG_BraTS20_Training_292,0.895467,0.7922233,0.25458306,0.25458306,0.6474244594573975
LG_BraTS20_Training_294,0.9213039,0.7409851,6.750827e-13,6.750827e-13,0.5540963411331177
LG_BraTS20_Training_297,0.7699135,0.7478555,1.8660197e-12,1.8660197e-12,0.5059229930241903
LG_BraTS20_Training_310,0.91365725,0.737332,9.276438e-13,9.276438e-13,0.5503297646840414
LG_BraTS20_Training_324,0.91391754,0.10141004,1.2106537e-11,1.2106537e-11,0.33844252427419025
flairt1cet1
HG_BraTS20_Training_010,0.77752244,0.7563355,0.82322615,0.82322615,0.7856946786244711
HG_BraTS20_Training_012,0.8516154,0.8327876,0.7509947,0.7509947,0.8117992083231608
HG_BraTS20_Training_020,0.88613206,0.7851159,0.6184088,0.6184088,0.763218879699707
HG_BraTS20_Training_070,0.90971744,0.8542222,0.6590784,0.6590784,0.8076726595560709
HG_BraTS20_Training_089,0.8605842,0.69490665,0.886501,0.886501,0.8139972686767578
HG_BraTS20_Training_119,0.7882094,0.833899,0.7275163,0.7275163,0.7832082112630209
HG_BraTS20_Training_124,0.9381216,0.92803764,0.8615533,0.8615533,0.9092375437418619
HG_BraTS20_Training_128,0.8353579,0.4097769,0.4067131,0.4067131,0.5506159861882528
HG_BraTS20_Training_134,0.8172583,0.77774656,0.7108051,0.7108051,0.7686033248901367
HG_BraTS20_Training_140,0.9370788,0.9126297,0.8333095,0.8333095,0.8943393230438232
HG_BraTS20_Training_150,0.8955007,0.864058,0.8678208,0.8678208,0.8757931391398112
HG_BraTS20_Training_180,0.7521895,0.85107917,0.84765667,0.84765667,0.8169751167297363
HG_BraTS20_Training_188,0.7185641,0.7560235,0.69051427,0.69051427,0.7217006683349609
HG_BraTS20_Training_191,0.91010153,0.79865366,0.760646,0.760646,0.8231337865193685
HG_BraTS20_Training_201,0.89446986,0.9453378,0.8577988,0.8577988,0.8992021878560384
HG_BraTS20_Training_211,0.88444304,0.8967553,0.81520826,0.81520826,0.8654688199361166
HG_BraTS20_Training_212,0.7703034,0.6110214,0.60980403,0.60980403,0.6637096007664999
HG_BraTS20_Training_226,0.85373574,0.91919523,0.8891244,0.8891244,0.8873518308003744
HG_BraTS20_Training_232,0.8935432,0.7169014,0.58033454,0.58033454,0.7302597363789877
HG_BraTS20_Training_241,0.8766499,0.81591016,0.7986297,0.7986297,0.83039657274882
HG_BraTS20_Training_245,0.85163134,0.8042232,0.78062254,0.78062254,0.812158981959025
HG_BraTS20_Training_246,0.8726516,0.7402382,0.84937847,0.84937847,0.8207561175028483
HG_BraTS20_Training_336,0.9207853,0.93965995,0.87289584,0.87289584,0.9111137390136719
HG_BraTS20_Training_338,0.9107124,0.9375277,0.8944298,0.8944298,0.9142233530680338
HG_BraTS20_Training_344,0.9021155,0.7878582,0.6343342,0.6343342,0.7747693061828613
HG_BraTS20_Training_352,0.7667907,0.69211066,0.84017,0.84017,0.7663571039835612
LG_BraTS20_Training_262,0.8621909,0.44709253,2.385496e-12,2.385496e-12,0.4364278316497803
LG_BraTS20_Training_275,0.695458,0.1272635,8.196721e-12,8.196721e-12,0.27424049377441406
LG_BraTS20_Training_278,0.8193723,0.041700233,3.07787e-12,3.07787e-12,0.28702418009440106
LG_BraTS20_Training_283,0.9303668,0.8274125,0.85501516,0.85501516,0.8709314664204916
LG_BraTS20_Training_291,0.89801985,0.61449295,0.022582117,0.022582117,0.511698325475057
LG_BraTS20_Training_292,0.7662525,0.51173395,0.4686907,0.4686907,0.5822257200876871
LG_BraTS20_Training_294,0.83658344,0.48490906,1.7771459e-12,1.7771459e-12,0.4404974778493245
LG_BraTS20_Training_297,0.5508197,0.3454492,1.2376237e-11,1.2376237e-11,0.29875630140304565
LG_BraTS20_Training_310,0.8583644,0.33381584,5.6031823e-13,5.6031823e-13,0.3973934253056844
LG_BraTS20_Training_324,0.89486736,0.016937746,3.2144005e-12,3.2144005e-12,0.30393503109614056
flairt1ce
HG_BraTS20_Training_010,0.76848084,0.8363053,0.85797286,0.85797286,0.8209196726481119
HG_BraTS20_Training_012,0.8332874,0.8648832,0.7735579,0.7735579,0.8239095211029053
HG_BraTS20_Training_020,0.88038665,0.7174172,0.6117789,0.6117789,0.7365276018778483
HG_BraTS20_Training_070,0.8655621,0.7108081,0.619835,0.619835,0.7320683797200521
HG_BraTS20_Training_089,0.8509609,0.84009093,0.9335837,0.9335837,0.8748784859975179
HG_BraTS20_Training_119,0.7916225,0.8791888,0.7723941,0.7723941,0.8144017855326334
HG_BraTS20_Training_124,0.93559563,0.9260112,0.8508414,0.8508414,0.9041493733723959
HG_BraTS20_Training_128,0.8773921,0.4600316,0.4712329,0.4712329,0.6028855244318644
HG_BraTS20_Training_134,0.8046592,0.7741087,0.67520833,0.67520833,0.7513254483540853
HG_BraTS20_Training_140,0.9404564,0.91035473,0.84968495,0.84968495,0.9001653989156088
HG_BraTS20_Training_150,0.882559,0.8763696,0.8805153,0.8805153,0.879814624786377
HG_BraTS20_Training_180,0.73066473,0.82932067,0.83182037,0.83182037,0.7972685496012369
HG_BraTS20_Training_188,0.7039176,0.8066213,0.73782176,0.73782176,0.7494535446166992
HG_BraTS20_Training_191,0.91452533,0.82562447,0.76429063,0.76429063,0.8348134358723959
HG_BraTS20_Training_201,0.8879579,0.9492687,0.8510033,0.8510033,0.8960766792297363
HG_BraTS20_Training_211,0.89322764,0.9181206,0.8394815,0.8394815,0.883609930674235
HG_BraTS20_Training_212,0.7727644,0.5974163,0.6441594,0.6441594,0.6714466412862142
HG_BraTS20_Training_226,0.85258436,0.9059299,0.8869077,0.8869077,0.8818073272705078
HG_BraTS20_Training_232,0.874721,0.73629934,0.6417849,0.6417849,0.7509350776672363
HG_BraTS20_Training_241,0.8645586,0.7633777,0.73586786,0.73586786,0.7879347801208496
HG_BraTS20_Training_245,0.8390205,0.7586032,0.745725,0.745725,0.781116247177124
HG_BraTS20_Training_246,0.82012117,0.64632994,0.795535,0.795535,0.753995418548584
HG_BraTS20_Training_336,0.91980636,0.9391931,0.8607819,0.8607819,0.9065937995910645
HG_BraTS20_Training_338,0.90277654,0.93260074,0.88196796,0.88196796,0.9057817459106445
HG_BraTS20_Training_344,0.864298,0.7471303,0.644524,0.644524,0.7519841194152832
HG_BraTS20_Training_352,0.5967071,0.6541829,0.80902016,0.80902016,0.686636765797933
LG_BraTS20_Training_262,0.858117,0.42470664,4.1597338e-12,4.1597338e-12,0.42760785420735675
LG_BraTS20_Training_275,0.74642944,0.014431637,8.77193e-11,1.0,0.2536203662554423
LG_BraTS20_Training_278,0.786479,0.003081914,5.29661e-12,5.29661e-12,0.2631869713465373
LG_BraTS20_Training_283,0.9395493,0.7891049,0.7927265,0.7927265,0.8404602209726969
LG_BraTS20_Training_291,0.88840866,0.5920628,0.04902265,0.04902265,0.5098313490549723
LG_BraTS20_Training_292,0.8076631,0.54379326,0.3914792,0.3914792,0.5809785525004069
LG_BraTS20_Training_294,0.8358395,0.3922442,3.4458994e-12,3.4458994e-12,0.40936124324798584
LG_BraTS20_Training_297,0.6004607,0.35225964,2.1881838e-11,1.0,0.3175734480222066
LG_BraTS20_Training_310,0.80698514,0.1603571,4.808617e-13,4.808617e-13,0.32244741916656494
LG_BraTS20_Training_324,0.83907825,0.0028968155,6.8587106e-12,6.8587106e-12,0.2806583642959595
flairt2
HG_BraTS20_Training_010,0.7832685,0.72004616,0.505132,0.505132,0.6694822311401367
HG_BraTS20_Training_012,0.8584475,0.7768999,0.55055505,0.55055505,0.7286341190338135
HG_BraTS20_Training_020,0.88105863,0.78228045,0.36935997,0.36935997,0.6775663693745931
HG_BraTS20_Training_070,0.8977535,0.6930284,0.28837332,0.28837332,0.6263850927352905
HG_BraTS20_Training_089,0.86802036,0.39465052,0.26073352,0.26073352,0.5078014532725016
HG_BraTS20_Training_119,0.7976732,0.8200832,0.5606596,0.5606596,0.7261386712392172
HG_BraTS20_Training_124,0.9359202,0.7825343,0.46522954,0.46522954,0.7278947035471598
HG_BraTS20_Training_128,0.8721137,0.24870944,0.22785136,0.22785136,0.44955817858378094
HG_BraTS20_Training_134,0.8293957,0.70841956,0.3896194,0.3896194,0.6424782276153564
HG_BraTS20_Training_140,0.94084907,0.7759227,0.36112338,0.36112338,0.692631721496582
HG_BraTS20_Training_150,0.9185333,0.7588077,0.4076007,0.4076007,0.6949805418650309
HG_BraTS20_Training_180,0.69893444,0.56554323,0.45987958,0.45987958,0.5747857888539633
HG_BraTS20_Training_188,0.7550356,0.69980234,0.47691545,0.47691545,0.6439177989959717
HG_BraTS20_Training_191,0.9342231,0.656699,0.4022094,0.4022094,0.6643771727879842
HG_BraTS20_Training_201,0.9161807,0.8926466,0.72025436,0.72025436,0.8430271943410238
HG_BraTS20_Training_211,0.8642294,0.7760312,0.44484583,0.44484583,0.695035457611084
HG_BraTS20_Training_212,0.85496074,0.73235077,0.3134667,0.3134667,0.6335927248001099
HG_BraTS20_Training_226,0.8817211,0.84149003,0.3889451,0.3889451,0.7040520509084066
HG_BraTS20_Training_232,0.85009235,0.54455423,0.3885762,0.3885762,0.5944076379140218
HG_BraTS20_Training_241,0.8675059,0.48953143,0.43188933,0.43188933,0.5963088671366373
HG_BraTS20_Training_245,0.7206742,0.7240357,0.48551318,0.48551318,0.6434077024459839
HG_BraTS20_Training_246,0.7885152,0.63229555,0.502264,0.502264,0.6410249074300131
HG_BraTS20_Training_336,0.9264278,0.8795942,0.63903725,0.63903725,0.8150197664896647
HG_BraTS20_Training_338,0.920251,0.8170107,0.5371941,0.5371941,0.7581519285837809
HG_BraTS20_Training_344,0.9051328,0.78812385,0.39095014,0.39095014,0.694735606511434
HG_BraTS20_Training_352,0.8645805,0.38792962,0.40038007,0.40038007,0.5509634017944336
LG_BraTS20_Training_262,0.88213104,0.2506701,4.856019e-13,4.856019e-13,0.3776003917058309
LG_BraTS20_Training_275,0.8130374,0.21603808,8.4674e-12,8.4674e-12,0.3430251677831014
LG_BraTS20_Training_278,0.814188,0.595656,7.158196e-13,7.158196e-13,0.46994797388712567
LG_BraTS20_Training_283,0.92641336,0.4038353,0.37543246,0.37543246,0.5685603618621826
LG_BraTS20_Training_291,0.93784225,0.7061226,0.007157203,0.007157203,0.5503739913304647
LG_BraTS20_Training_292,0.9172381,0.75905395,0.17776544,0.17776544,0.618019183476766
LG_BraTS20_Training_294,0.9209377,0.7476373,6.473749e-13,6.473749e-13,0.5561916828155518
LG_BraTS20_Training_297,0.7687829,0.7497454,1.058313e-12,1.058313e-12,0.5061761140823364
LG_BraTS20_Training_310,0.9099503,0.7402548,6.1203256e-13,6.1203256e-13,0.5500683784484863
LG_BraTS20_Training_324,0.8944271,0.34900692,1.5885623e-12,1.5885623e-12,0.41447802384694415
t1t2
HG_BraTS20_Training_010,0.7326537,0.63705695,0.33866945,0.33866945,0.5694600343704224
HG_BraTS20_Training_012,0.8551975,0.7940677,0.6687274,0.6687274,0.7726642290751139
HG_BraTS20_Training_020,0.86442536,0.7950038,0.3515655,0.3515655,0.6703315575917562
HG_BraTS20_Training_070,0.87086666,0.73609704,0.35699743,0.35699743,0.6546537081400553
HG_BraTS20_Training_089,0.8410174,0.4335494,0.41114187,0.41114187,0.56190292040507
HG_BraTS20_Training_119,0.6398087,0.7859623,0.4907162,0.4907162,0.6388290723164877
HG_BraTS20_Training_124,0.91008705,0.74379265,0.46217078,0.46217078,0.7053501605987549
HG_BraTS20_Training_128,0.81693965,0.25370935,0.21537076,0.21537076,0.42867326736450195
HG_BraTS20_Training_134,0.83313966,0.6920632,0.33731228,0.33731228,0.6208384037017822
HG_BraTS20_Training_140,0.92608935,0.8512165,0.40370092,0.40370092,0.727002223332723
HG_BraTS20_Training_150,0.8675761,0.7635273,0.59158254,0.59158254,0.7408952713012695
HG_BraTS20_Training_180,0.67771477,0.44370097,0.34070742,0.34070742,0.48737438519795734
HG_BraTS20_Training_188,0.65717256,0.7535947,0.5830419,0.5830419,0.664603074391683
HG_BraTS20_Training_191,0.89805347,0.31947604,0.24971552,0.24971552,0.4890817006429036
HG_BraTS20_Training_201,0.8894769,0.90320355,0.778082,0.778082,0.8569208780924479
HG_BraTS20_Training_211,0.81667715,0.79290897,0.48992342,0.48992342,0.6998364925384521
HG_BraTS20_Training_212,0.86072516,0.7521769,0.39778474,0.39778474,0.6702289581298828
HG_BraTS20_Training_226,0.860857,0.84942514,0.45487273,0.45487273,0.7217183113098145
HG_BraTS20_Training_232,0.7371131,0.4934765,0.39666384,0.39666384,0.542417844136556
HG_BraTS20_Training_241,0.86387986,0.6306215,0.50026125,0.50026125,0.6649208863576254
HG_BraTS20_Training_245,0.84734035,0.82183117,0.6184676,0.6184676,0.7625463803609213
HG_BraTS20_Training_246,0.8681552,0.72183174,0.50942355,0.50942355,0.6998035113016764
HG_BraTS20_Training_336,0.918195,0.8428532,0.6087807,0.6087807,0.7899429798126221
HG_BraTS20_Training_338,0.91199857,0.8251779,0.5507212,0.5507212,0.7626325289408366
HG_BraTS20_Training_344,0.8847671,0.7899335,0.4201929,0.4201929,0.6982978185017904
HG_BraTS20_Training_352,0.90053564,0.23747267,0.30572596,0.30572596,0.4812447627385457
LG_BraTS20_Training_262,0.8674636,0.3896176,6.9405885e-13,6.9405885e-13,0.41902705033620197
LG_BraTS20_Training_275,0.6831634,0.063638695,2.7624309e-11,1.0,0.24893403053283691
LG_BraTS20_Training_278,0.76145756,0.46372783,6.3139283e-13,6.3139283e-13,0.40839513142903644
LG_BraTS20_Training_283,0.911431,0.40757886,0.42904407,0.42904407,0.5826846758524576
LG_BraTS20_Training_291,0.94032216,0.70175743,0.00498611,0.00498611,0.5490219195683798
LG_BraTS20_Training_292,0.8598723,0.81232214,0.20953067,0.20953067,0.6272417306900024
LG_BraTS20_Training_294,0.86606,0.69344884,7.9636856e-13,7.9636856e-13,0.5198362668355306
LG_BraTS20_Training_297,0.79908705,0.7054174,1.070091e-12,1.070091e-12,0.5015014807383219
LG_BraTS20_Training_310,0.84317267,0.72975993,4.902201e-13,4.902201e-13,0.5243108669916788
LG_BraTS20_Training_324,0.8000121,0.29349688,1.2269939e-12,1.2269939e-12,0.3645029862721761
flairt1
HG_BraTS20_Training_010,0.75250083,0.7152938,0.5425877,0.5425877,0.6701274712880453
HG_BraTS20_Training_012,0.8542401,0.72709125,0.428613,0.428613,0.6699814796447754
HG_BraTS20_Training_020,0.886433,0.7669743,0.32298478,0.32298478,0.6587973833084106
HG_BraTS20_Training_070,0.901506,0.7625176,0.36876228,0.36876228,0.677595297495524
HG_BraTS20_Training_089,0.83916473,0.44275066,0.36068138,0.36068138,0.5475322802861532
HG_BraTS20_Training_119,0.8193881,0.7323531,0.36599448,0.36599448,0.6392451922098795
HG_BraTS20_Training_124,0.93038446,0.7299253,0.4093338,0.4093338,0.689881165822347
HG_BraTS20_Training_128,0.8285412,0.18979366,0.18221772,0.18221772,0.4001841942469279
HG_BraTS20_Training_134,0.83326894,0.7183528,0.3987537,0.3987537,0.6501251061757406
HG_BraTS20_Training_140,0.93978137,0.8696647,0.48228037,0.48228037,0.763908863067627
HG_BraTS20_Training_150,0.8837807,0.6604528,0.5914944,0.5914944,0.711909294128418
HG_BraTS20_Training_180,0.727894,0.64716685,0.5653103,0.5653103,0.646790345509847
HG_BraTS20_Training_188,0.6821375,0.55462587,0.4314812,0.4314812,0.5560815334320068
HG_BraTS20_Training_191,0.9230748,0.569346,0.5195753,0.5195753,0.6706653436024984
HG_BraTS20_Training_201,0.9093327,0.75370926,0.73129886,0.73129886,0.7981135845184326
HG_BraTS20_Training_211,0.8617165,0.7396854,0.51232165,0.51232165,0.7045745054880778
HG_BraTS20_Training_212,0.7256671,0.45640272,0.2564347,0.2564347,0.47950148582458496
HG_BraTS20_Training_226,0.8776828,0.80147374,0.55542105,0.55542105,0.7448592185974121
HG_BraTS20_Training_232,0.8978786,0.503734,0.37024584,0.37024584,0.5906194448471069
HG_BraTS20_Training_241,0.8831463,0.55518097,0.4884928,0.4884928,0.6422733465830485
HG_BraTS20_Training_245,0.8472203,0.7860222,0.52088,0.52088,0.7180407842000326
HG_BraTS20_Training_246,0.85824496,0.5771837,0.38720587,0.38720587,0.6075448195139567
HG_BraTS20_Training_336,0.930412,0.8811443,0.6586088,0.6586088,0.823388417561849
HG_BraTS20_Training_338,0.88150257,0.7784805,0.6002355,0.6002355,0.7534062067667643
HG_BraTS20_Training_344,0.914284,0.739674,0.47202963,0.47202963,0.7086625099182129
HG_BraTS20_Training_352,0.57453537,0.35686094,0.43845242,0.43845242,0.45661624272664386
LG_BraTS20_Training_262,0.87246895,0.33651495,5.1179693e-13,5.1179693e-13,0.40299463272094727
LG_BraTS20_Training_275,0.7211088,0.20897996,3.7147104e-12,3.7147104e-12,0.3100295861562093
LG_BraTS20_Training_278,0.84329116,0.5856579,3.7519228e-13,3.7519228e-13,0.4763163725535075
LG_BraTS20_Training_283,0.89684474,0.43303323,0.44428873,0.44428873,0.5913889010747274
LG_BraTS20_Training_291,0.92126614,0.75899434,0.0048186323,0.0048186323,0.561693032582601
LG_BraTS20_Training_292,0.7752576,0.66768456,0.18492356,0.18492356,0.542621890703837
LG_BraTS20_Training_294,0.8741674,0.6756012,2.99455e-13,2.99455e-13,0.5165895223617554
LG_BraTS20_Training_297,0.6655297,0.67569,7.9681276e-13,7.9681276e-13,0.44707322120666504
LG_BraTS20_Training_310,0.91331774,0.75462425,2.6005096e-13,2.6005096e-13,0.5559806823730469
LG_BraTS20_Training_324,0.87284195,0.40041324,1.6638935e-12,1.6638935e-12,0.4244184096654256
t1cet1
HG_BraTS20_Training_010,0.4719645,0.7823161,0.8415698,0.8415698,0.6986168225606283
HG_BraTS20_Training_012,0.6706233,0.7997141,0.734697,0.734697,0.7350114186604818
HG_BraTS20_Training_020,0.792649,0.6352126,0.61040944,0.61040944,0.6794236501057943
HG_BraTS20_Training_070,0.66845644,0.74772567,0.6388104,0.6388104,0.6849974791208903
HG_BraTS20_Training_089,0.7600887,0.8110109,0.91372335,0.91372335,0.8282742500305176
HG_BraTS20_Training_119,0.5451813,0.8749491,0.76064754,0.76064754,0.7269260088602701
HG_BraTS20_Training_124,0.8073302,0.8375851,0.7886507,0.7886507,0.8111886978149414
HG_BraTS20_Training_128,0.28668332,0.54563594,0.53573376,0.53573376,0.4560176531473796
HG_BraTS20_Training_134,0.76748806,0.8147261,0.71773225,0.71773225,0.7666487693786621
HG_BraTS20_Training_140,0.873895,0.91307384,0.82974833,0.82974833,0.8722390333811442
HG_BraTS20_Training_150,0.8106465,0.899763,0.899824,0.899824,0.8700777689615885
HG_BraTS20_Training_180,0.6985153,0.841916,0.79037917,0.79037917,0.7769368489583334
HG_BraTS20_Training_188,0.5106148,0.83284575,0.75713307,0.75713307,0.7001978556315104
HG_BraTS20_Training_191,0.6709571,0.68589175,0.6855878,0.6855878,0.6808121999104818
HG_BraTS20_Training_201,0.80203253,0.9455826,0.8545596,0.8545596,0.8673915863037109
HG_BraTS20_Training_211,0.74501216,0.9144432,0.83500934,0.83500934,0.8314882119496664
HG_BraTS20_Training_212,0.6776636,0.60252845,0.65624946,0.65624946,0.6454805533091227
HG_BraTS20_Training_226,0.73208195,0.86808896,0.85253793,0.85253793,0.8175695737202963
HG_BraTS20_Training_232,0.6592274,0.826669,0.7607546,0.7607546,0.7488836447397867
HG_BraTS20_Training_241,0.70954514,0.796853,0.77983564,0.77983564,0.7620779673258463
HG_BraTS20_Training_245,0.8094685,0.72821885,0.73471564,0.73471564,0.7574676672617594
HG_BraTS20_Training_246,0.7054001,0.73390085,0.8390817,0.8390817,0.7594609260559082
HG_BraTS20_Training_336,0.79017174,0.8515335,0.7910411,0.7910411,0.810915470123291
HG_BraTS20_Training_338,0.84597296,0.94468737,0.8966473,0.8966473,0.895769198735555
HG_BraTS20_Training_344,0.7992778,0.61339414,0.61215323,0.61215323,0.6749416987101237
HG_BraTS20_Training_352,0.8187071,0.76019907,0.8594032,0.8594032,0.8127698103586832
LG_BraTS20_Training_262,0.7349874,0.4569811,6.285355e-12,6.285355e-12,0.3973228136698405
LG_BraTS20_Training_275,0.29287732,0.041732065,3.649635e-11,1.0,0.11153646310170491
LG_BraTS20_Training_278,0.35404193,0.0010340761,4.770992e-12,4.770992e-12,0.11835867166519165
LG_BraTS20_Training_283,0.577697,0.8069641,0.8049536,0.8049536,0.7298715909322103
LG_BraTS20_Training_291,0.74480426,0.5598739,0.051714752,0.051714752,0.4521309932072957
LG_BraTS20_Training_292,0.76289093,0.62993544,0.49615714,0.49615714,0.6296611626942953
LG_BraTS20_Training_294,0.6657961,0.13028571,7.794232e-12,7.794232e-12,0.26536059379577637
LG_BraTS20_Training_297,0.26845282,0.16300617,3.4129692e-11,1.0,0.14381966988245645
LG_BraTS20_Training_310,0.63333374,0.23047699,7.776654e-13,7.776654e-13,0.2879369060198466
LG_BraTS20_Training_324,0.6073521,0.0056951744,5.0684235e-12,5.0684235e-12,0.20434908072153726
t1cet2
HG_BraTS20_Training_010,0.6703054,0.7827711,0.83354676,0.83354676,0.7622077465057373
HG_BraTS20_Training_012,0.8062673,0.810343,0.75618905,0.75618905,0.7909331321716309
HG_BraTS20_Training_020,0.8306549,0.73418444,0.57187104,0.57187104,0.7122368017832438
HG_BraTS20_Training_070,0.8179325,0.84939265,0.6589513,0.6589513,0.7754254341125488
HG_BraTS20_Training_089,0.8496608,0.6503428,0.9041559,0.9041559,0.8013865152994791
HG_BraTS20_Training_119,0.6486432,0.8796616,0.7438865,0.7438865,0.7573970953623453
HG_BraTS20_Training_124,0.90542674,0.8734196,0.8423942,0.8423942,0.8737467924753824
HG_BraTS20_Training_128,0.81112385,0.5626312,0.5678825,0.5678825,0.6472125053405762
HG_BraTS20_Training_134,0.8421009,0.85781556,0.7187838,0.7187838,0.8062334060668945
HG_BraTS20_Training_140,0.93194795,0.91020733,0.8248921,0.8248921,0.8890157540639242
HG_BraTS20_Training_150,0.89621097,0.9150314,0.91156626,0.91156626,0.907602866490682
HG_BraTS20_Training_180,0.6494971,0.69675773,0.77872384,0.77872384,0.7083261807759603
HG_BraTS20_Training_188,0.621436,0.83389866,0.7476498,0.7476498,0.7343281110127767
HG_BraTS20_Training_191,0.8901381,0.7895527,0.7847204,0.7847204,0.8214704195658366
HG_BraTS20_Training_201,0.8816288,0.9308426,0.86853147,0.86853147,0.8936676184336344
HG_BraTS20_Training_211,0.8272656,0.92552346,0.83257806,0.83257806,0.8617890675862631
HG_BraTS20_Training_212,0.83852893,0.77405167,0.67983437,0.67983437,0.7641383012135824
HG_BraTS20_Training_226,0.862857,0.9171329,0.8832997,0.8832997,0.8877631823221842
HG_BraTS20_Training_232,0.7146893,0.82016736,0.7451268,0.7451268,0.7599945068359375
HG_BraTS20_Training_241,0.84428036,0.76439816,0.73423564,0.73423564,0.78097136815389
HG_BraTS20_Training_245,0.8290459,0.7620198,0.75550133,0.75550133,0.7821889718373617
HG_BraTS20_Training_246,0.8131521,0.7763059,0.83076036,0.83076036,0.8067394892374674
HG_BraTS20_Training_336,0.909857,0.93654543,0.8701042,0.8701042,0.9055021603902181
HG_BraTS20_Training_338,0.88478595,0.9325339,0.88737136,0.88737136,0.9015637238820394
HG_BraTS20_Training_344,0.86628205,0.7140543,0.61970586,0.61970586,0.7333474159240723
HG_BraTS20_Training_352,0.8962638,0.71734214,0.86244154,0.86244154,0.8253491719563802
LG_BraTS20_Training_262,0.86677563,0.43824315,2.3218016e-12,2.3218016e-12,0.4350062608718872
LG_BraTS20_Training_275,0.64571416,0.13995516,3.522367e-12,3.522367e-12,0.2618897755940755
LG_BraTS20_Training_278,0.69300675,0.025899054,4.3516102e-12,4.3516102e-12,0.23963526884714761
LG_BraTS20_Training_283,0.8901915,0.78037405,0.85268974,0.85268974,0.8410851160685221
LG_BraTS20_Training_291,0.917797,0.77929,0.010217113,0.010217113,0.5691013733545939
LG_BraTS20_Training_292,0.86019886,0.74910766,0.3612769,0.3612769,0.656861146291097
LG_BraTS20_Training_294,0.870251,0.5597279,5.602241e-12,5.602241e-12,0.476659615834554
LG_BraTS20_Training_297,0.7341432,0.57172394,3.3046927e-12,3.3046927e-12,0.43528906504313153
LG_BraTS20_Training_310,0.8070108,0.47000974,1.0173975e-12,1.0173975e-12,0.42567352453867596
LG_BraTS20_Training_324,0.6854059,0.0088385735,4.040404e-12,4.040404e-12,0.23141483465830484
flair
HG_BraTS20_Training_010,0.69964015,0.70014346,0.5751844,0.5751844,0.6583226521809896
HG_BraTS20_Training_012,0.8485628,0.64836085,0.24025013,0.24025013,0.5790579319000244
HG_BraTS20_Training_020,0.8872122,0.74206847,0.3424205,0.3424205,0.657233715057373
HG_BraTS20_Training_070,0.9019485,0.55731255,0.21633686,0.21633686,0.5585326353708903
HG_BraTS20_Training_089,0.83404493,0.5243702,0.28461087,0.28461087,0.5476753314336141
HG_BraTS20_Training_119,0.8100282,0.8010368,0.4901298,0.4901298,0.7003982067108154
HG_BraTS20_Training_124,0.9278441,0.7975185,0.3513185,0.3513185,0.6922270456949869
HG_BraTS20_Training_128,0.88788056,0.18284056,0.17125502,0.17125502,0.4139920473098755
HG_BraTS20_Training_134,0.81329215,0.636604,0.34244114,0.34244114,0.5974457263946533
HG_BraTS20_Training_140,0.94167715,0.84531975,0.5479078,0.5479078,0.7783015569051107
HG_BraTS20_Training_150,0.8142854,0.5860305,0.35279858,0.35279858,0.5843714872996012
HG_BraTS20_Training_180,0.74577343,0.6807914,0.4386181,0.4386181,0.6217276255289713
HG_BraTS20_Training_188,0.56219673,0.15704133,0.11168831,0.11168831,0.27697545289993286
HG_BraTS20_Training_191,0.9387879,0.6264322,0.43887794,0.43887794,0.6680326461791992
HG_BraTS20_Training_201,0.9300223,0.82287306,0.6141945,0.6141945,0.7890299161275228
HG_BraTS20_Training_211,0.8286196,0.68548876,0.41299143,0.41299143,0.6423666079839071
HG_BraTS20_Training_212,0.7399832,0.43625814,0.16607755,0.16607755,0.44743967056274414
HG_BraTS20_Training_226,0.8767755,0.65083987,0.3507776,0.3507776,0.6261309782663981
HG_BraTS20_Training_232,0.91810316,0.4519184,0.3495486,0.3495486,0.5731900533040365
HG_BraTS20_Training_241,0.87477636,0.34064785,0.2870647,0.2870647,0.5008296171824137
HG_BraTS20_Training_245,0.75284296,0.7287969,0.46205297,0.46205297,0.6478976011276245
HG_BraTS20_Training_246,0.79274756,0.31214625,0.27734444,0.27734444,0.4607460896174113
HG_BraTS20_Training_336,0.9219034,0.84137654,0.55186605,0.55186605,0.7717153231302897
HG_BraTS20_Training_338,0.8645088,0.6896668,0.4271822,0.4271822,0.6604526042938232
HG_BraTS20_Training_344,0.89445174,0.75337666,0.5304019,0.5304019,0.7260767618815104
HG_BraTS20_Training_352,0.5241069,0.36363003,0.36275303,0.36275303,0.41682998339335126
LG_BraTS20_Training_262,0.87370527,0.22954194,5.719515e-13,5.719515e-13,0.36774905522664386
LG_BraTS20_Training_275,0.7365097,0.114543565,1.0570825e-11,1.0570825e-11,0.2836844126383464
LG_BraTS20_Training_278,0.8348747,0.45075977,7.025432e-13,7.025432e-13,0.4285448392232259
LG_BraTS20_Training_283,0.92980015,0.48252994,0.3141471,0.3141471,0.5754924217859904
LG_BraTS20_Training_291,0.9236445,0.75179535,0.0027929961,0.0027929961,0.5594109296798706
LG_BraTS20_Training_292,0.67875624,0.27812207,0.23967853,0.23967853,0.39885226885477704
LG_BraTS20_Training_294,0.83882475,0.5434563,5.3112386e-13,5.3112386e-13,0.46076035499572754
LG_BraTS20_Training_297,0.4526216,0.2693329,2.2522522e-12,2.2522522e-12,0.24065148830413818
LG_BraTS20_Training_310,0.8882638,0.67363805,4.3261952e-13,4.3261952e-13,0.5206339359283447
LG_BraTS20_Training_324,0.8071342,0.24808575,1.3457139e-12,1.3457139e-12,0.3517400026321411
t1
HG_BraTS20_Training_010,0.5506944,0.6590788,0.35572425,0.35572425,0.5218324661254883
HG_BraTS20_Training_012,0.70541745,0.76485854,0.6380821,0.6380821,0.7027860482533773
HG_BraTS20_Training_020,0.822451,0.6879592,0.28044847,0.28044847,0.5969528754552206
HG_BraTS20_Training_070,0.7654439,0.7319997,0.31920025,0.31920025,0.6055479844411215
HG_BraTS20_Training_089,0.75883585,0.44916058,0.45719594,0.45719594,0.5550641218821207
HG_BraTS20_Training_119,0.5823179,0.7193905,0.30454007,0.30454007,0.5354161659876505
HG_BraTS20_Training_124,0.8205748,0.70651567,0.40066352,0.40066352,0.6425846815109253
HG_BraTS20_Training_128,0.18917713,7.1890727e-12,7.836991e-12,7.836991e-12,0.06305904189745586
HG_BraTS20_Training_134,0.7027567,0.6472357,0.23752603,0.23752603,0.5291728178660074
HG_BraTS20_Training_140,0.82775086,0.8395717,0.16505167,0.16505167,0.6107914447784424
HG_BraTS20_Training_150,0.7842667,0.63316774,0.47482762,0.47482762,0.6307540337244669
HG_BraTS20_Training_180,0.59110856,0.46861115,0.30737823,0.30737823,0.45569928487141925
HG_BraTS20_Training_188,0.51456267,0.72628945,0.59107625,0.59107625,0.6106427907943726
HG_BraTS20_Training_191,0.52376527,0.26312247,0.24895686,0.24895686,0.34528152147928876
HG_BraTS20_Training_201,0.7242374,0.5474931,0.46120203,0.46120203,0.577644149462382
HG_BraTS20_Training_211,0.6900601,0.7825935,0.48498395,0.48498395,0.6525458494822184
HG_BraTS20_Training_212,0.6974543,0.4769298,0.25259587,0.25259587,0.4756600062052409
HG_BraTS20_Training_226,0.78264135,0.7381368,0.24499139,0.24499139,0.5885898669560751
HG_BraTS20_Training_232,0.64796716,0.3260608,0.23361659,0.23361659,0.4025481939315796
HG_BraTS20_Training_241,0.7872663,0.56174,0.32651067,0.32651067,0.558505654335022
HG_BraTS20_Training_245,0.7467801,0.6250585,0.45567945,0.45567945,0.6091726620992025
HG_BraTS20_Training_246,0.8132079,0.6121513,0.30177978,0.30177978,0.5757129987080892
HG_BraTS20_Training_336,0.82038265,0.82798123,0.547781,0.547781,0.7320482730865479
HG_BraTS20_Training_338,0.8255166,0.78370106,0.5037879,0.5037879,0.7043352127075195
HG_BraTS20_Training_344,0.81342685,0.8097935,0.49870285,0.49870285,0.7073077360788981
HG_BraTS20_Training_352,0.7467402,0.2801869,0.4086761,0.4086761,0.47853438059488934
LG_BraTS20_Training_262,0.53221315,0.6477031,2.6852847e-12,2.6852847e-12,0.3933054208755493
LG_BraTS20_Training_275,0.21495973,8.6986776e-13,1.0649627e-11,1.0649627e-11,0.07165324191252391
LG_BraTS20_Training_278,0.61434954,0.43878233,7.159221e-13,7.159221e-13,0.3510439395904541
LG_BraTS20_Training_283,4.306354e-05,8.7504374e-13,8.865248e-13,8.865248e-13,1.4354513647655645e-05
LG_BraTS20_Training_291,0.84279907,0.6850151,0.0055432036,0.0055432036,0.5111191272735596
LG_BraTS20_Training_292,0.7549997,0.7807427,0.162629,0.162629,0.5661238034566244
LG_BraTS20_Training_294,0.7275605,0.6119418,7.160246e-13,7.160246e-13,0.4465007781982422
LG_BraTS20_Training_297,0.41316843,0.5944287,2.3618327e-12,2.3618327e-12,0.33586573600769043
LG_BraTS20_Training_310,0.7687355,0.6899174,6.442884e-13,6.442884e-13,0.4862176577250163
LG_BraTS20_Training_324,0.58871776,0.26814085,3.0506407e-12,3.0506407e-12,0.2856195370356242
t1c
HG_BraTS20_Training_010,0.4298527,0.7877873,0.85545385,0.85545385,0.691031297047933
HG_BraTS20_Training_012,0.55268955,0.6201945,0.5886076,0.5886076,0.5871638456980387
HG_BraTS20_Training_020,0.6412986,0.5518401,0.56310356,0.56310356,0.5854140917460123
HG_BraTS20_Training_070,0.5478756,0.6680881,0.58597773,0.58597773,0.6006471316019694
HG_BraTS20_Training_089,0.7477842,0.6750784,0.9192267,0.9192267,0.7806963920593262
HG_BraTS20_Training_119,0.52729267,0.8542279,0.7423345,0.7423345,0.7079517046610514
HG_BraTS20_Training_124,0.6902297,0.7293088,0.7512355,0.7512355,0.7235913276672363
HG_BraTS20_Training_128,0.048496746,0.007817198,0.019089574,7.836991e-12,0.025134506324927013
HG_BraTS20_Training_134,0.6974313,0.69675463,0.695117,0.695117,0.6964343388875326
HG_BraTS20_Training_140,0.8400526,0.8910166,0.83071417,0.83071417,0.8539277712504069
HG_BraTS20_Training_150,0.7634272,0.9106868,0.9099822,0.9099822,0.8613653977711996
HG_BraTS20_Training_180,0.6425683,0.7519903,0.7781424,0.7781424,0.7242337067921957
HG_BraTS20_Training_188,0.46236956,0.82396847,0.7560927,0.7560927,0.680810292561849
HG_BraTS20_Training_191,0.6857746,0.7587934,0.73715377,0.73715377,0.7272405624389648
HG_BraTS20_Training_201,0.78282154,0.937625,0.84888256,0.84888256,0.8564430872599283
HG_BraTS20_Training_211,0.7396601,0.91348624,0.8392323,0.8392323,0.8307929039001465
HG_BraTS20_Training_212,0.50922006,0.44988644,0.5871666,0.5871666,0.515424370765686
HG_BraTS20_Training_226,0.72417897,0.8835156,0.8667192,0.8667192,0.8248046239217123
HG_BraTS20_Training_232,0.6074715,0.7531225,0.77601105,0.77601105,0.7122016747792562
HG_BraTS20_Training_241,0.6007825,0.7037229,0.68621963,0.68621963,0.663575013478597
HG_BraTS20_Training_245,0.69163334,0.64933383,0.675781,0.675781,0.6722493966420492
HG_BraTS20_Training_246,0.61172813,0.6879235,0.8460726,0.8460726,0.7152414321899414
HG_BraTS20_Training_336,0.7955299,0.8757801,0.83524066,0.83524066,0.8355168501536051
HG_BraTS20_Training_338,0.81223947,0.92700297,0.8901236,0.8901236,0.8764553070068359
HG_BraTS20_Training_344,0.71865636,0.62378305,0.56221825,0.56221825,0.6348858674367269
HG_BraTS20_Training_352,0.7914093,0.6351301,0.874803,0.874803,0.7671141624450684
LG_BraTS20_Training_262,0.7406443,0.6026705,4.8804294e-12,4.8804294e-12,0.4477715889612834
LG_BraTS20_Training_275,0.018944442,9.472388e-13,1.0,1.0,0.33964816729227704
LG_BraTS20_Training_278,0.10519164,1.5945149e-13,3.679176e-12,3.679176e-12,0.0350638801852862
LG_BraTS20_Training_283,0.6341784,0.8530982,0.8537392,0.8537392,0.7803386052449545
LG_BraTS20_Training_291,0.59398514,0.52079767,0.01890136,0.01890136,0.37789471944173175
LG_BraTS20_Training_292,0.66265315,0.7010301,0.36468932,0.36468932,0.5761241912841797
LG_BraTS20_Training_294,0.43969622,0.19491954,2.9334115e-12,2.9334115e-12,0.21153859297434488
LG_BraTS20_Training_297,0.3308366,0.3857308,3.1806615e-12,3.1806615e-12,0.23885579903920492
LG_BraTS20_Training_310,0.50348556,0.2485843,4.1481727e-13,4.1481727e-13,0.25068994363149005
LG_BraTS20_Training_324,0.5169499,0.090340346,2.2836264e-12,2.2836264e-12,0.20243008931477866
t2
HG_BraTS20_Training_010,0.7038802,0.66580015,0.4152029,0.4152029,0.5949610869089762
HG_BraTS20_Training_012,0.83314466,0.8134549,0.6530681,0.6530681,0.7665558656056722
HG_BraTS20_Training_020,0.866159,0.7396086,0.3336,0.3336,0.6464558839797974
HG_BraTS20_Training_070,0.8260575,0.63820547,0.25683954,0.25683954,0.5737008253733317
HG_BraTS20_Training_089,0.8306836,0.4652799,0.408168,0.408168,0.5680438280105591
HG_BraTS20_Training_119,0.6424166,0.7310191,0.3941139,0.3941139,0.5891832113265991
HG_BraTS20_Training_124,0.8930717,0.75707597,0.40339905,0.40339905,0.6845155556996664
HG_BraTS20_Training_128,0.80475986,0.28440252,0.26841885,0.26841885,0.4525270462036133
HG_BraTS20_Training_134,0.72798514,0.48737934,0.26948026,0.26948026,0.4949482282002767
HG_BraTS20_Training_140,0.91823626,0.84767634,0.36075205,0.36075205,0.7088882128397623
HG_BraTS20_Training_150,0.87435204,0.74349654,0.6092239,0.6092239,0.7423574924468994
HG_BraTS20_Training_180,0.6518719,0.42286116,0.22819349,0.22819349,0.43430884679158527
HG_BraTS20_Training_188,0.6469663,0.7475789,0.56861395,0.56861395,0.6543863614400228
HG_BraTS20_Training_191,0.91410375,0.44683626,0.28124884,0.28124884,0.5473962624867758
HG_BraTS20_Training_201,0.8852289,0.90643036,0.7024807,0.7024807,0.8313799699147543
HG_BraTS20_Training_211,0.81396943,0.8072496,0.55337197,0.55337197,0.7248636881510416
HG_BraTS20_Training_212,0.8708326,0.69128484,0.35175338,0.35175338,0.6379569371541342
HG_BraTS20_Training_226,0.86394995,0.8260702,0.37247837,0.37247837,0.6874995231628418
HG_BraTS20_Training_232,0.716112,0.6154345,0.44197196,0.44197196,0.5911728541056315
HG_BraTS20_Training_241,0.8284264,0.43543896,0.36159635,0.36159635,0.5418205658594767
HG_BraTS20_Training_245,0.76957095,0.7694745,0.46528098,0.46528098,0.6681087811787924
HG_BraTS20_Training_246,0.81397927,0.62498796,0.42821285,0.42821285,0.6223933696746826
HG_BraTS20_Training_336,0.9252413,0.65475523,0.46539116,0.46539116,0.6817959149678549
HG_BraTS20_Training_338,0.8931592,0.75395966,0.46353826,0.46353826,0.7035523255666097
HG_BraTS20_Training_344,0.8807825,0.7513504,0.37728193,0.37728193,0.6698049704233805
HG_BraTS20_Training_352,0.89324903,0.43912002,0.4643564,0.4643564,0.5989085038503011
LG_BraTS20_Training_262,0.8479235,0.27386928,6.9642735e-13,6.9642735e-13,0.3739309310913086
LG_BraTS20_Training_275,0.6864492,0.055784103,1.8761727e-11,1.8761727e-11,0.24741111199061075
LG_BraTS20_Training_278,0.75439036,0.3504936,1.0309278e-12,1.0309278e-12,0.368294636408488
LG_BraTS20_Training_283,0.8780433,0.36784118,0.37432134,0.37432134,0.5400685866673788
LG_BraTS20_Training_291,0.9347003,0.7209939,0.010510359,0.010510359,0.5554015239079794
LG_BraTS20_Training_292,0.8784478,0.4991626,0.23065753,0.23065753,0.5360893408457438
LG_BraTS20_Training_294,0.87626356,0.6247305,8.847991e-13,8.847991e-13,0.5003313620885214
LG_BraTS20_Training_297,0.73935866,0.5151781,1.9519813e-12,1.9519813e-12,0.418178915977478
LG_BraTS20_Training_310,0.8193078,0.66015124,1.6458197e-12,1.6458197e-12,0.49315301577250165
LG_BraTS20_Training_324,0.7829352,0.2999112,1.1084017e-12,1.1084017e-12,0.3609488010406494
