WT Dice,TC Dice,ET Dice,ETPro Dice,WT HD95,TC HD95,ET HD95ETPro HD95
flairt1cet1t2
HG_BraTS20_Training_010,0.57683206,0.41712028,0.5965188,0.5965188,0.5301570494969686
HG_BraTS20_Training_012,0.62881947,0.52315485,0.4620228,0.4620228,0.5379990339279175
HG_BraTS20_Training_020,0.85537934,0.7096311,0.4759163,0.4759163,0.6803088982899984
HG_BraTS20_Training_070,0.68832284,0.6400441,0.43974432,0.43974432,0.5893704493840536
HG_BraTS20_Training_089,0.809183,0.51960754,0.8298104,0.8298104,0.7195336023966471
HG_BraTS20_Training_119,0.4971056,0.42519736,0.24434718,0.24434718,0.38888339201609295
HG_BraTS20_Training_124,0.89480156,0.8069491,0.68624854,0.68624854,0.7959996859232584
HG_BraTS20_Training_128,0.63809174,0.1332367,0.19959028,0.19959028,0.32363957166671753
HG_BraTS20_Training_134,0.7309301,0.69608426,0.57664174,0.57664174,0.6678853829701742
HG_BraTS20_Training_140,0.8911369,0.8864506,0.7812915,0.7812915,0.8529596328735352
HG_BraTS20_Training_150,0.9072845,0.8372496,0.85204774,0.85204774,0.8655272324879965
HG_BraTS20_Training_180,0.6910972,0.74502397,0.79297245,0.79297245,0.7430311838785807
HG_BraTS20_Training_188,0.74916506,0.63227093,0.58575124,0.58575124,0.6557290554046631
HG_BraTS20_Training_191,0.88000727,0.7183425,0.6445632,0.6445632,0.747637669245402
HG_BraTS20_Training_201,0.7949208,0.7778946,0.7831546,0.7831546,0.7853233019510905
HG_BraTS20_Training_211,0.8396355,0.88985544,0.7748801,0.7748801,0.8347903887430826
HG_BraTS20_Training_212,0.7896735,0.70731264,0.54489243,0.54489243,0.6806262334187826
HG_BraTS20_Training_226,0.8564565,0.8704365,0.7938082,0.7938082,0.8402337233225504
HG_BraTS20_Training_232,0.8268674,0.63237524,0.515037,0.515037,0.6580932140350342
HG_BraTS20_Training_241,0.7982641,0.52253854,0.56616366,0.56616366,0.628988782564799
HG_BraTS20_Training_245,0.85067374,0.73667645,0.60593116,0.60593116,0.7310937245686849
HG_BraTS20_Training_246,0.8086896,0.5979417,0.6893672,0.6893672,0.6986660957336426
HG_BraTS20_Training_336,0.8959785,0.8916025,0.75845647,0.75845647,0.8486791451772054
HG_BraTS20_Training_338,0.8870977,0.8847478,0.83386767,0.83386767,0.8685711224873861
HG_BraTS20_Training_344,0.8024421,0.6064541,0.57747394,0.57747394,0.6621233622233073
HG_BraTS20_Training_352,0.7806965,0.5379829,0.80883276,0.80883276,0.7091706593831381
LG_BraTS20_Training_262,0.7537834,0.33140856,1.7568517e-12,1.7568517e-12,0.3617306550343831
LG_BraTS20_Training_275,0.6244854,0.18348171,2.6546324e-12,2.6546324e-12,0.26932235558827716
LG_BraTS20_Training_278,0.78061426,0.41758525,1.0678057e-12,1.0678057e-12,0.3993998368581136
LG_BraTS20_Training_283,0.789966,0.5599279,0.6509341,0.6509341,0.6669425964355469
LG_BraTS20_Training_291,0.8729787,0.7495388,0.020908933,0.020908933,0.5478088061014811
LG_BraTS20_Training_292,0.86958486,0.7433518,0.5165813,0.5165813,0.7098393440246582
LG_BraTS20_Training_294,0.86817247,0.6579588,2.6788105e-12,2.6788105e-12,0.5087104241053263
LG_BraTS20_Training_297,0.6271999,0.5000268,6.916586e-13,6.916586e-13,0.37574223677317303
LG_BraTS20_Training_310,0.7743086,0.49373227,3.8866648e-13,3.8866648e-13,0.4226802984873454
LG_BraTS20_Training_324,0.7449897,0.2865608,1.2701639e-12,1.2701639e-12,0.3438501755396525
t1cet1t2
HG_BraTS20_Training_010,0.49089566,0.3962491,0.590934,0.590934,0.49269290765126544
HG_BraTS20_Training_012,0.65718865,0.5137223,0.50137,0.50137,0.5574270089467367
HG_BraTS20_Training_020,0.82860565,0.72416043,0.47894776,0.47894776,0.6772379875183105
HG_BraTS20_Training_070,0.61858505,0.65622234,0.44943902,0.44943902,0.5747488339742025
HG_BraTS20_Training_089,0.7986505,0.512124,0.8140744,0.8140744,0.7082829475402832
HG_BraTS20_Training_119,0.47427484,0.4388734,0.25718522,0.25718522,0.39011116822560626
HG_BraTS20_Training_124,0.86298615,0.7944813,0.6781313,0.6781313,0.7785329023996989
HG_BraTS20_Training_128,0.66528654,0.12605989,0.16308364,0.16308364,0.318143367767334
HG_BraTS20_Training_134,0.5954536,0.59935826,0.52482396,0.52482396,0.5732119083404541
HG_BraTS20_Training_140,0.8795157,0.8782514,0.7604329,0.7604329,0.8393999735514323
HG_BraTS20_Training_150,0.8695971,0.86496764,0.87219703,0.87219703,0.868920644124349
HG_BraTS20_Training_180,0.664867,0.68267703,0.768616,0.768616,0.7053866386413574
HG_BraTS20_Training_188,0.6731888,0.6614813,0.59494853,0.59494853,0.6432061990102133
HG_BraTS20_Training_191,0.8528519,0.7065736,0.69570786,0.69570786,0.7517111301422119
HG_BraTS20_Training_201,0.74894667,0.7548717,0.7730891,0.7730891,0.7589691480000814
HG_BraTS20_Training_211,0.7935216,0.8958713,0.7756176,0.7756176,0.821670134862264
HG_BraTS20_Training_212,0.7551317,0.72340804,0.5591902,0.5591902,0.6792433261871338
HG_BraTS20_Training_226,0.82723516,0.86749333,0.8071499,0.8071499,0.8339594205220541
HG_BraTS20_Training_232,0.6305657,0.61349285,0.62789726,0.62789726,0.6239852905273438
HG_BraTS20_Training_241,0.77185374,0.5528219,0.60015327,0.60015327,0.6416095892588297
HG_BraTS20_Training_245,0.83098125,0.76044375,0.69764155,0.69764155,0.7630221843719482
HG_BraTS20_Training_246,0.76954603,0.6536649,0.7484141,0.7484141,0.7238749663035074
HG_BraTS20_Training_336,0.8445748,0.85087746,0.7463483,0.7463483,0.813933531443278
HG_BraTS20_Training_338,0.8643294,0.8497772,0.8387951,0.8387951,0.8509672482808431
HG_BraTS20_Training_344,0.82985073,0.67180365,0.61647135,0.61647135,0.7060418923695883
HG_BraTS20_Training_352,0.80453503,0.60403407,0.8017384,0.8017384,0.7367691993713379
LG_BraTS20_Training_262,0.74554294,0.33029795,1.7190991e-12,1.7190991e-12,0.35861365000406903
LG_BraTS20_Training_275,0.5559934,0.11736368,2.763958e-12,2.763958e-12,0.2244523564974467
LG_BraTS20_Training_278,0.75315446,0.3152458,1.1263798e-12,1.1263798e-12,0.3561334212621053
LG_BraTS20_Training_283,0.76817846,0.4823469,0.61709076,0.61709076,0.6225387255350748
LG_BraTS20_Training_291,0.8597688,0.7338382,0.017973041,0.017973041,0.5371933380762736
LG_BraTS20_Training_292,0.87290424,0.71349365,0.5562338,0.5562338,0.714210589726766
LG_BraTS20_Training_294,0.79975015,0.5388683,1.459854e-12,1.459854e-12,0.44620617230733234
LG_BraTS20_Training_297,0.49827623,0.3160392,3.2560562e-13,3.2560562e-13,0.27143847942352295
LG_BraTS20_Training_310,0.6580392,0.42247343,3.3640584e-13,3.3640584e-13,0.3601708809534709
LG_BraTS20_Training_324,0.5959426,0.17227267,8.0083287e-13,8.0083287e-13,0.2560717662175496
flairt1cet2
HG_BraTS20_Training_010,0.6014489,0.49484277,0.687454,0.687454,0.5945818821589152
HG_BraTS20_Training_012,0.65762043,0.5512446,0.43412834,0.43412834,0.547664483388265
HG_BraTS20_Training_020,0.85430783,0.6873358,0.4745804,0.4745804,0.6720746358235677
HG_BraTS20_Training_070,0.73225605,0.6397243,0.43737185,0.43737185,0.6031174262364706
HG_BraTS20_Training_089,0.82212955,0.5744578,0.85418594,0.85418594,0.7502578099568685
HG_BraTS20_Training_119,0.5076547,0.42692518,0.24796139,0.24796139,0.39418041706085205
HG_BraTS20_Training_124,0.9024862,0.8212521,0.6963716,0.6963716,0.8067033290863037
HG_BraTS20_Training_128,0.65278184,0.12796521,0.17354695,0.17354695,0.3180980086326599
HG_BraTS20_Training_134,0.75325054,0.72657055,0.5884651,0.5884651,0.6894287268320719
HG_BraTS20_Training_140,0.8925707,0.8880161,0.80127126,0.80127126,0.860619306564331
HG_BraTS20_Training_150,0.9058058,0.849904,0.8492127,0.8492127,0.8683075110117594
HG_BraTS20_Training_180,0.7018627,0.7567653,0.7881046,0.7881046,0.7489108244578043
HG_BraTS20_Training_188,0.7483936,0.6566807,0.61722136,0.61722136,0.6740985711415609
HG_BraTS20_Training_191,0.88085574,0.71254104,0.63677037,0.63677037,0.7433890501658121
HG_BraTS20_Training_201,0.7894588,0.78978974,0.78609276,0.78609276,0.7884470621744791
HG_BraTS20_Training_211,0.8513645,0.90169984,0.78243953,0.78243953,0.8451679547627767
HG_BraTS20_Training_212,0.7614628,0.6601866,0.51252997,0.51252997,0.6447264750798544
HG_BraTS20_Training_226,0.86323315,0.856399,0.79170877,0.79170877,0.837113618850708
HG_BraTS20_Training_232,0.8018135,0.69574386,0.5749,0.5749,0.6908191045125326
HG_BraTS20_Training_241,0.7912295,0.49151772,0.52585953,0.52585953,0.6028689543406168
HG_BraTS20_Training_245,0.8163882,0.6966466,0.5221516,0.5221516,0.6783954302469889
HG_BraTS20_Training_246,0.8020797,0.5763529,0.6804558,0.6804558,0.6862961451212565
HG_BraTS20_Training_336,0.89719564,0.88133216,0.75582784,0.75582784,0.844785213470459
HG_BraTS20_Training_338,0.8978301,0.9174187,0.84657437,0.84657437,0.887274424235026
HG_BraTS20_Training_344,0.76570237,0.56673825,0.5808238,0.5808238,0.6377547979354858
HG_BraTS20_Training_352,0.749335,0.5514118,0.77898586,0.77898586,0.693244218826294
LG_BraTS20_Training_262,0.7961805,0.29046053,3.241491e-12,3.241491e-12,0.3622136910756429
LG_BraTS20_Training_275,0.61974657,0.1527972,4.5892613e-12,4.5892613e-12,0.2575145959854126
LG_BraTS20_Training_278,0.78186923,0.3347749,1.975894e-12,1.975894e-12,0.37221471468607586
LG_BraTS20_Training_283,0.8034049,0.610798,0.6727716,0.6727716,0.6956582069396973
LG_BraTS20_Training_291,0.8677695,0.75059897,0.030465212,0.030465212,0.5496112108230591
LG_BraTS20_Training_292,0.87285316,0.66860116,0.5467448,0.5467448,0.6960663795471191
LG_BraTS20_Training_294,0.86210054,0.6088466,3.815338e-12,3.815338e-12,0.4903157154719035
LG_BraTS20_Training_297,0.6081996,0.42767063,7.31743e-13,7.31743e-13,0.34529006481170654
LG_BraTS20_Training_310,0.77799654,0.38380525,4.717426e-13,4.717426e-13,0.387267271677653
LG_BraTS20_Training_324,0.73710394,0.17846571,1.6894745e-12,1.6894745e-12,0.30518988768259686
flairt1t2
HG_BraTS20_Training_010,0.56877345,0.2621692,0.07657013,0.07657013,0.3025042613347371
HG_BraTS20_Training_012,0.66372514,0.48245242,0.07849186,0.07849186,0.40822311242421466
HG_BraTS20_Training_020,0.8504381,0.654634,0.26757148,0.26757148,0.5908811887105306
HG_BraTS20_Training_070,0.74123436,0.46827295,0.06328116,0.06328116,0.42426284154256183
HG_BraTS20_Training_089,0.81924015,0.3116297,0.14090438,0.14090438,0.4239247639973958
HG_BraTS20_Training_119,0.4938896,0.34739274,0.0013048017,0.0013048017,0.28086239099502563
HG_BraTS20_Training_124,0.8970146,0.72004205,0.34230623,0.34230623,0.6531209548314413
HG_BraTS20_Training_128,0.6176172,0.070358954,0.07904459,0.07904459,0.2556735674540202
HG_BraTS20_Training_134,0.72044545,0.62437457,0.27698573,0.27698573,0.540601929028829
HG_BraTS20_Training_140,0.88257843,0.8083417,0.33647606,0.33647606,0.6757987340291342
HG_BraTS20_Training_150,0.88812345,0.62310773,0.5124182,0.5124182,0.6745498180389404
HG_BraTS20_Training_180,0.6840873,0.53645235,0.409925,0.409925,0.5434881846110026
HG_BraTS20_Training_188,0.75491506,0.5393513,0.439804,0.439804,0.5780234336853027
HG_BraTS20_Training_191,0.8979656,0.5702889,0.31123087,0.31123087,0.5931618213653564
HG_BraTS20_Training_201,0.8200526,0.6900622,0.4586485,0.4586485,0.6562544504801432
HG_BraTS20_Training_211,0.8346606,0.77109843,0.47156608,0.47156608,0.6924417018890381
HG_BraTS20_Training_212,0.74194115,0.5944362,0.2605598,0.2605598,0.5323123931884766
HG_BraTS20_Training_226,0.87353766,0.7643353,0.25727677,0.25727677,0.6317165692647299
HG_BraTS20_Training_232,0.8366679,0.43751037,0.24852653,0.24852653,0.5075682799021403
HG_BraTS20_Training_241,0.7939413,0.4076991,0.22666383,0.22666383,0.4761013984680176
HG_BraTS20_Training_245,0.8328045,0.72817147,0.44580063,0.44580063,0.6689255237579346
HG_BraTS20_Training_246,0.80863917,0.5217621,0.30165654,0.30165654,0.5440192222595215
HG_BraTS20_Training_336,0.911962,0.77577186,0.3941449,0.3941449,0.6939595540364584
HG_BraTS20_Training_338,0.86712915,0.72247386,0.41121393,0.41121393,0.6669389406840006
HG_BraTS20_Training_344,0.75906795,0.48244345,0.2941032,0.2941032,0.5118714968363444
HG_BraTS20_Training_352,0.74719286,0.42920142,0.6064698,0.6064698,0.5942880312601725
LG_BraTS20_Training_262,0.72956467,0.2985306,7.7184315e-13,7.7184315e-13,0.3426984151204427
LG_BraTS20_Training_275,0.58957136,0.16772315,3.068426e-12,3.068426e-12,0.2524315118789673
LG_BraTS20_Training_278,0.8084245,0.6069601,5.539552e-13,5.539552e-13,0.47179484367370605
LG_BraTS20_Training_283,0.7434858,0.32965472,0.25812095,0.25812095,0.44375379880269367
LG_BraTS20_Training_291,0.88522404,0.7405622,0.009589917,0.009589917,0.545125404993693
LG_BraTS20_Training_292,0.8823401,0.73398626,0.29061356,0.29061356,0.6356466213862101
LG_BraTS20_Training_294,0.8619575,0.6949905,9.450903e-13,9.450903e-13,0.5189826488494873
LG_BraTS20_Training_297,0.6826057,0.67259836,1.0437324e-12,1.0437324e-12,0.4517347017923991
LG_BraTS20_Training_310,0.80447793,0.62223834,3.9586715e-13,3.9586715e-13,0.4755721092224121
LG_BraTS20_Training_324,0.711394,0.37673798,6.431282e-13,6.431282e-13,0.3627106746037801
flairt1cet1
HG_BraTS20_Training_010,0.6104591,0.49630317,0.6682069,0.6682069,0.5916563669840494
HG_BraTS20_Training_012,0.6333698,0.56648535,0.46110705,0.46110705,0.5536540349324545
HG_BraTS20_Training_020,0.85466224,0.7221894,0.5113743,0.5113743,0.6960752805074056
HG_BraTS20_Training_070,0.7223929,0.70034397,0.48123494,0.48123494,0.6346572637557983
HG_BraTS20_Training_089,0.79926884,0.550916,0.85133785,0.85133785,0.7338409423828125
HG_BraTS20_Training_119,0.556,0.52053845,0.3374105,0.3374105,0.4713163375854492
HG_BraTS20_Training_124,0.887635,0.8294254,0.7095878,0.7095878,0.8088827133178711
HG_BraTS20_Training_128,0.6200448,0.13826777,0.20175835,0.20175835,0.32002365589141846
HG_BraTS20_Training_134,0.73318654,0.7087838,0.5959197,0.5959197,0.6792966524759928
HG_BraTS20_Training_140,0.8935413,0.87765014,0.7799222,0.7799222,0.8503712018330892
HG_BraTS20_Training_150,0.889431,0.84278214,0.85951775,0.85951775,0.8639102776845297
HG_BraTS20_Training_180,0.74300575,0.85052484,0.8346049,0.8346049,0.8093785444895426
HG_BraTS20_Training_188,0.7300057,0.60765034,0.5779153,0.5779153,0.6385237773259481
HG_BraTS20_Training_191,0.86570925,0.7396358,0.6853398,0.6853398,0.7635615666707357
HG_BraTS20_Training_201,0.81434697,0.84285045,0.8155177,0.8155177,0.8242383797963461
HG_BraTS20_Training_211,0.83831465,0.8708656,0.77365917,0.77365917,0.827613115310669
HG_BraTS20_Training_212,0.67551446,0.45619538,0.48883444,0.48883444,0.5401813983917236
HG_BraTS20_Training_226,0.79553866,0.8462603,0.81198925,0.81198925,0.8179294268290201
HG_BraTS20_Training_232,0.78399086,0.5910469,0.45616564,0.45616564,0.6104011535644531
HG_BraTS20_Training_241,0.7806045,0.5489529,0.5760308,0.5760308,0.6351960500081381
HG_BraTS20_Training_245,0.86430174,0.72033644,0.70411295,0.70411295,0.7629170417785645
HG_BraTS20_Training_246,0.77083653,0.55533224,0.71358943,0.71358943,0.6799194018046061
HG_BraTS20_Training_336,0.883237,0.8888001,0.7606681,0.7606681,0.8442350228627523
HG_BraTS20_Training_338,0.87497616,0.9132482,0.8525778,0.8525778,0.8802673816680908
HG_BraTS20_Training_344,0.8098754,0.6709058,0.60341513,0.60341513,0.6947321891784668
HG_BraTS20_Training_352,0.5934658,0.43275744,0.5867519,0.5867519,0.5376583735148112
LG_BraTS20_Training_262,0.7856814,0.3617067,1.9872814e-12,1.9872814e-12,0.38246270020802814
LG_BraTS20_Training_275,0.63375974,0.12674408,1.4236902e-12,1.4236902e-12,0.2535012761751811
LG_BraTS20_Training_278,0.75490123,0.11004475,1.4459225e-12,1.4459225e-12,0.28831533590952557
LG_BraTS20_Training_283,0.7897816,0.60539484,0.6879067,0.6879067,0.6943610509236654
LG_BraTS20_Training_291,0.8255627,0.676479,0.00508847,0.00508847,0.5023767153422037
LG_BraTS20_Training_292,0.78852,0.63770473,0.3764815,0.3764815,0.6009020805358887
LG_BraTS20_Training_294,0.8491573,0.59508854,3.673769e-12,3.673769e-12,0.4814152717590332
LG_BraTS20_Training_297,0.4736777,0.40681958,2.1673169e-12,2.1673169e-12,0.2934990922609965
LG_BraTS20_Training_310,0.81173426,0.4779183,3.5988053e-13,3.5988053e-13,0.4298841953277588
LG_BraTS20_Training_324,0.7800268,0.26297987,1.2495314e-12,1.2495314e-12,0.3476688861846924
flairt1ce
HG_BraTS20_Training_010,0.6210278,0.5275442,0.7173913,0.7173913,0.6219877401987711
HG_BraTS20_Training_012,0.6976903,0.6008347,0.43760106,0.43760106,0.5787087281545004
HG_BraTS20_Training_020,0.8564872,0.6498031,0.5074638,0.5074638,0.67125137646993
HG_BraTS20_Training_070,0.72029626,0.5994728,0.4530419,0.4530419,0.5909370183944702
HG_BraTS20_Training_089,0.80655473,0.63481003,0.9003189,0.9003189,0.7805612087249756
HG_BraTS20_Training_119,0.5813741,0.4650502,0.29524857,0.29524857,0.44722429911295575
HG_BraTS20_Training_124,0.8916754,0.83869827,0.71534824,0.71534824,0.8152406215667725
HG_BraTS20_Training_128,0.63932973,0.15019025,0.16407529,0.16407529,0.3178650935490926
HG_BraTS20_Training_134,0.6765549,0.6148477,0.561856,0.561856,0.6177528699239095
HG_BraTS20_Training_140,0.8816493,0.8625755,0.7792001,0.7792001,0.8411416212717692
HG_BraTS20_Training_150,0.875606,0.8478703,0.85297865,0.85297865,0.8588182926177979
HG_BraTS20_Training_180,0.7588905,0.845152,0.83392966,0.83392966,0.812657356262207
HG_BraTS20_Training_188,0.7140068,0.62537754,0.6092281,0.6092281,0.6495374838511149
HG_BraTS20_Training_191,0.85982084,0.685101,0.63914424,0.63914424,0.7280220190684
HG_BraTS20_Training_201,0.81465,0.878756,0.80028033,0.80028033,0.8312287330627441
HG_BraTS20_Training_211,0.85209787,0.869665,0.7781149,0.7781149,0.8332926432291666
HG_BraTS20_Training_212,0.59293777,0.37279436,0.46171254,0.46171254,0.4758148988087972
HG_BraTS20_Training_226,0.81242836,0.81688315,0.80389255,0.80389255,0.811068058013916
HG_BraTS20_Training_232,0.76357365,0.64297324,0.54237515,0.54237515,0.6496406396230062
HG_BraTS20_Training_241,0.7573451,0.4573308,0.51672536,0.51672536,0.5771337350209554
HG_BraTS20_Training_245,0.81211764,0.6260403,0.56151044,0.56151044,0.6665561199188232
HG_BraTS20_Training_246,0.73910075,0.5072489,0.7020412,0.7020412,0.6494635740915934
HG_BraTS20_Training_336,0.8490339,0.8480089,0.7358315,0.7358315,0.8109580675760905
HG_BraTS20_Training_338,0.87118375,0.9115117,0.85753185,0.85753185,0.8800757726033529
HG_BraTS20_Training_344,0.75798476,0.62107736,0.5969624,0.5969624,0.6586748758951823
HG_BraTS20_Training_352,0.5288079,0.43102467,0.543083,0.543083,0.5009718736012777
LG_BraTS20_Training_262,0.80798346,0.22961581,2.18436e-12,2.18436e-12,0.34586644172668457
LG_BraTS20_Training_275,0.56644636,0.06515464,1.6233766e-12,1.6233766e-12,0.2105336586634318
LG_BraTS20_Training_278,0.71630543,0.025728637,1.5410695e-12,1.5410695e-12,0.24734469254811606
LG_BraTS20_Training_283,0.7897195,0.6399327,0.65805,0.65805,0.6959007581075033
LG_BraTS20_Training_291,0.78398234,0.45678675,0.006188925,0.006188925,0.41565267244974774
LG_BraTS20_Training_292,0.72803795,0.46383753,0.26872504,0.26872504,0.48686683177948
LG_BraTS20_Training_294,0.8051822,0.41318542,2.388345e-12,2.388345e-12,0.40612252553304035
LG_BraTS20_Training_297,0.42709506,0.21046555,1.1671336e-12,1.1671336e-12,0.21252020200093588
LG_BraTS20_Training_310,0.7786386,0.30685228,3.5819186e-13,3.5819186e-13,0.3618303140004476
LG_BraTS20_Training_324,0.7419424,0.078899145,1.4686444e-12,1.4686444e-12,0.2736138502756755
flairt2
HG_BraTS20_Training_010,0.5813448,0.19784473,0.065211326,0.065211326,0.2814669609069824
HG_BraTS20_Training_012,0.66973656,0.50725937,0.08061844,0.08061844,0.4192047913869222
HG_BraTS20_Training_020,0.8544399,0.6073564,0.24432747,0.24432747,0.5687079032262167
HG_BraTS20_Training_070,0.76441467,0.4178756,0.044860035,0.044860035,0.4090501070022583
HG_BraTS20_Training_089,0.83717215,0.38124016,0.12992042,0.12992042,0.4494442145029704
HG_BraTS20_Training_119,0.4712989,0.32626104,0.003325862,0.003325862,0.2669619520505269
HG_BraTS20_Training_124,0.9048093,0.7091446,0.30164728,0.30164728,0.6385337114334106
HG_BraTS20_Training_128,0.61981773,0.046416126,0.022176769,0.022176769,0.22947019338607788
HG_BraTS20_Training_134,0.72388935,0.61303806,0.21925043,0.21925043,0.5187259515126547
HG_BraTS20_Training_140,0.883221,0.8186935,0.42904985,0.42904985,0.7103214263916016
HG_BraTS20_Training_150,0.87845784,0.63497794,0.4509804,0.4509804,0.6548054218292236
HG_BraTS20_Training_180,0.6914014,0.54092383,0.38657513,0.38657513,0.5396334727605184
HG_BraTS20_Training_188,0.7610627,0.53340787,0.38372636,0.38372636,0.5593989690144857
HG_BraTS20_Training_191,0.8952775,0.5751167,0.32050174,0.32050174,0.5969653129577637
HG_BraTS20_Training_201,0.8105317,0.72387964,0.41002935,0.41002935,0.6481468677520752
HG_BraTS20_Training_211,0.8522558,0.7641138,0.37966475,0.37966475,0.6653447945912679
HG_BraTS20_Training_212,0.6919268,0.5079086,0.20551996,0.20551996,0.46845173835754395
HG_BraTS20_Training_226,0.8839824,0.7326396,0.23105656,0.23105656,0.6158928473790487
HG_BraTS20_Training_232,0.808445,0.5243003,0.28616866,0.28616866,0.5396380027135214
HG_BraTS20_Training_241,0.79607356,0.34680215,0.18462047,0.18462047,0.44249872366587323
HG_BraTS20_Training_245,0.7966433,0.7067006,0.3861992,0.3861992,0.6298477252324423
HG_BraTS20_Training_246,0.7991434,0.49877086,0.28925046,0.28925046,0.5290549198786417
HG_BraTS20_Training_336,0.89816546,0.72077376,0.37150887,0.37150887,0.663482666015625
HG_BraTS20_Training_338,0.8755296,0.7696733,0.42077407,0.42077407,0.6886589527130127
HG_BraTS20_Training_344,0.7263333,0.4935313,0.2945292,0.2945292,0.5047979354858398
HG_BraTS20_Training_352,0.7178831,0.40528268,0.51428574,0.51428574,0.5458172162373861
LG_BraTS20_Training_262,0.7686411,0.27313012,1.0689471e-12,1.0689471e-12,0.3472570578257243
LG_BraTS20_Training_275,0.5540981,0.13696533,3.49406e-12,3.49406e-12,0.23035448789596558
LG_BraTS20_Training_278,0.8064023,0.5654737,7.0482097e-13,7.0482097e-13,0.4572920004526774
LG_BraTS20_Training_283,0.75299686,0.4026699,0.24600638,0.24600638,0.46722439924875897
LG_BraTS20_Training_291,0.8843521,0.7351405,0.009539687,0.009539687,0.5430107514063517
LG_BraTS20_Training_292,0.87165785,0.6489534,0.32246512,0.32246512,0.6143588225046793
LG_BraTS20_Training_294,0.85615075,0.65950525,1.1786893e-12,1.1786893e-12,0.5052186648050944
LG_BraTS20_Training_297,0.6615517,0.59413046,1.4992504e-12,1.4992504e-12,0.4185607433319092
LG_BraTS20_Training_310,0.7990798,0.52792764,6.244536e-13,6.244536e-13,0.4423358043034871
LG_BraTS20_Training_324,0.7010867,0.291568,5.8203827e-13,5.8203827e-13,0.3308848937352498
t1t2
HG_BraTS20_Training_010,0.49197143,0.30399087,0.13394327,0.13394327,0.3099685311317444
HG_BraTS20_Training_012,0.68259126,0.4060004,0.13914707,0.13914707,0.4092462460199992
HG_BraTS20_Training_020,0.8291384,0.6667241,0.28212607,0.28212607,0.5926628510157267
HG_BraTS20_Training_070,0.66647965,0.4796377,0.089939244,0.089939244,0.4120188554128011
HG_BraTS20_Training_089,0.7949395,0.30343682,0.2501577,0.2501577,0.4495113293329875
HG_BraTS20_Training_119,0.48770416,0.42549407,0.031198686,0.031198686,0.3147989710172017
HG_BraTS20_Training_124,0.8780724,0.698818,0.32555926,0.32555926,0.6341499090194702
HG_BraTS20_Training_128,0.66692924,0.08054618,0.09566946,0.09566946,0.2810482978820801
HG_BraTS20_Training_134,0.58842516,0.5325937,0.27853152,0.27853152,0.46651681264241535
HG_BraTS20_Training_140,0.86511254,0.8014783,0.37395516,0.37395516,0.6801820596059164
HG_BraTS20_Training_150,0.8427881,0.60662645,0.5946203,0.5946203,0.6813449064890543
HG_BraTS20_Training_180,0.65708536,0.40521815,0.28368977,0.28368977,0.44866442680358887
HG_BraTS20_Training_188,0.6896252,0.7130373,0.5955719,0.5955719,0.6660781304041544
HG_BraTS20_Training_191,0.8890682,0.51272935,0.33287078,0.33287078,0.5782227516174316
HG_BraTS20_Training_201,0.77888596,0.70912766,0.58431774,0.58431774,0.6907771428426107
HG_BraTS20_Training_211,0.7896016,0.75400186,0.48910657,0.48910657,0.6775700251261393
HG_BraTS20_Training_212,0.7546204,0.64752764,0.3074713,0.3074713,0.5698730945587158
HG_BraTS20_Training_226,0.8327715,0.74399245,0.2831447,0.2831447,0.6199695269266764
HG_BraTS20_Training_232,0.7109225,0.40413222,0.323115,0.323115,0.47938990592956543
HG_BraTS20_Training_241,0.78671056,0.4469963,0.30649784,0.30649784,0.5134015480677286
HG_BraTS20_Training_245,0.7937095,0.72051376,0.4952527,0.4952527,0.6698253154754639
HG_BraTS20_Training_246,0.7866741,0.6012143,0.42355436,0.42355436,0.6038142840067545
HG_BraTS20_Training_336,0.8824941,0.77489334,0.46974897,0.46974897,0.7090454896291097
HG_BraTS20_Training_338,0.8410229,0.5803836,0.3952655,0.3952655,0.6055573225021362
HG_BraTS20_Training_344,0.7737494,0.4943857,0.2773443,0.2773443,0.5151597658793131
HG_BraTS20_Training_352,0.75700706,0.4673032,0.61925733,0.61925733,0.6145225365956625
LG_BraTS20_Training_262,0.6933677,0.2762722,6.2278134e-13,6.2278134e-13,0.32321329911549884
LG_BraTS20_Training_275,0.5475256,0.20787002,2.493144e-12,2.493144e-12,0.25179853041966754
LG_BraTS20_Training_278,0.79236484,0.5252386,5.0942437e-13,5.0942437e-13,0.43920111656188965
LG_BraTS20_Training_283,0.7351128,0.24228734,0.25028473,0.25028473,0.40922828515370685
LG_BraTS20_Training_291,0.88301855,0.7103793,0.007798574,0.007798574,0.5337321360905966
LG_BraTS20_Training_292,0.86810523,0.6706022,0.25270474,0.25270474,0.5971374114354452
LG_BraTS20_Training_294,0.8109143,0.6159073,7.5723157e-13,7.5723157e-13,0.4756071964899699
LG_BraTS20_Training_297,0.6233178,0.54395765,6.1046334e-13,6.1046334e-13,0.38909180959065753
LG_BraTS20_Training_310,0.6750896,0.6048019,3.0182302e-13,3.0182302e-13,0.42663049697875977
LG_BraTS20_Training_324,0.62506795,0.3185995,5.2405405e-13,5.2405405e-13,0.3145558039347331
flairt1
HG_BraTS20_Training_010,0.61120224,0.31426436,0.071439505,0.071439505,0.3323020339012146
HG_BraTS20_Training_012,0.68243945,0.61178774,0.13526896,0.13526896,0.47649868329366046
HG_BraTS20_Training_020,0.8551514,0.6568574,0.24409145,0.24409145,0.5853667259216309
HG_BraTS20_Training_070,0.7730057,0.50498396,0.046563193,0.046563193,0.44151759147644043
HG_BraTS20_Training_089,0.8125189,0.23901452,0.11409852,0.11409852,0.3885440031687419
HG_BraTS20_Training_119,0.57580245,0.56544656,0.076390736,0.076390736,0.4058798948923747
HG_BraTS20_Training_124,0.88286835,0.6780258,0.3063758,0.3063758,0.6224233309427897
HG_BraTS20_Training_128,0.60701334,0.036759347,0.04558088,0.04558088,0.22978452841440836
HG_BraTS20_Training_134,0.71870124,0.5548766,0.17466386,0.17466386,0.48274727662404376
HG_BraTS20_Training_140,0.9042445,0.8309017,0.4139577,0.4139577,0.7163679599761963
HG_BraTS20_Training_150,0.7940453,0.37337285,0.2505076,0.2505076,0.4726419448852539
HG_BraTS20_Training_180,0.74043053,0.6640394,0.49160355,0.49160355,0.6320245265960693
HG_BraTS20_Training_188,0.6969327,0.43195128,0.32024607,0.32024607,0.4830433527628581
HG_BraTS20_Training_191,0.88061345,0.5357962,0.3778042,0.3778042,0.598071297009786
HG_BraTS20_Training_201,0.8280575,0.60200745,0.5610184,0.5610184,0.6636944611867269
HG_BraTS20_Training_211,0.8272435,0.7416044,0.4038587,0.4038587,0.6575688521067301
HG_BraTS20_Training_212,0.6081951,0.28262746,0.08244407,0.08244407,0.3244222203890483
HG_BraTS20_Training_226,0.796839,0.67738706,0.26041883,0.26041883,0.578214963277181
HG_BraTS20_Training_232,0.79402256,0.3099369,0.24229498,0.24229498,0.4487514893213908
HG_BraTS20_Training_241,0.7753171,0.32707775,0.19220857,0.19220857,0.4315344492594401
HG_BraTS20_Training_245,0.82793134,0.68356633,0.42730927,0.42730927,0.6462690035502116
HG_BraTS20_Training_246,0.7743263,0.47568727,0.26348755,0.26348755,0.5045003890991211
HG_BraTS20_Training_336,0.87526315,0.75317746,0.41622823,0.41622823,0.6815563042958578
HG_BraTS20_Training_338,0.84232265,0.73733556,0.4285194,0.4285194,0.6693925857543945
HG_BraTS20_Training_344,0.7988807,0.55094874,0.38564274,0.38564274,0.5784907341003418
HG_BraTS20_Training_352,0.47049546,0.15421608,0.206445,0.206445,0.2770521640777588
LG_BraTS20_Training_262,0.7664037,0.3541506,7.947862e-13,7.947862e-13,0.37351806958516437
LG_BraTS20_Training_275,0.61177164,0.21692918,8.952551e-12,8.952551e-12,0.27623361349105835
LG_BraTS20_Training_278,0.7823448,0.5434848,5.6980055e-13,5.6980055e-13,0.4419432083765666
LG_BraTS20_Training_283,0.7644701,0.34463316,0.3837838,0.3837838,0.49762900670369464
LG_BraTS20_Training_291,0.8448119,0.70827425,0.0009591908,0.0009591908,0.5180151065190634
LG_BraTS20_Training_292,0.7696831,0.679209,0.28324324,0.28324324,0.5773784319559733
LG_BraTS20_Training_294,0.83470625,0.68046105,7.6651847e-13,7.6651847e-13,0.5050557454427084
LG_BraTS20_Training_297,0.53192306,0.6151987,3.248863e-12,3.248863e-12,0.3823738892873128
LG_BraTS20_Training_310,0.8398212,0.63031507,4.6999107e-13,4.6999107e-13,0.490045428276062
LG_BraTS20_Training_324,0.7204408,0.44906685,1.4124294e-12,1.4124294e-12,0.3898358742396037
t1cet1
HG_BraTS20_Training_010,0.42260364,0.5584921,0.54873997,0.54873997,0.5099452336629232
HG_BraTS20_Training_012,0.49508724,0.5348273,0.4170004,0.4170004,0.48230497042338055
HG_BraTS20_Training_020,0.7262554,0.62109286,0.4723644,0.4723644,0.6065708796183268
HG_BraTS20_Training_070,0.57551897,0.5921869,0.3577452,0.3577452,0.5084836880366007
HG_BraTS20_Training_089,0.727333,0.652342,0.7904899,0.7904899,0.7233883539835612
HG_BraTS20_Training_119,0.44287896,0.5336953,0.28643882,0.28643882,0.4210043748219808
HG_BraTS20_Training_124,0.7255939,0.72157174,0.67664623,0.67664623,0.7079373200734457
HG_BraTS20_Training_128,0.06617404,6.431282e-13,6.876633e-13,6.876633e-13,0.022058012584845226
HG_BraTS20_Training_134,0.58056086,0.5605638,0.48328507,0.48328507,0.541469931602478
HG_BraTS20_Training_140,0.8040307,0.84097844,0.7404531,0.7404531,0.7951540946960449
HG_BraTS20_Training_150,0.7376665,0.86088324,0.87428087,0.87428087,0.824276844660441
HG_BraTS20_Training_180,0.7072724,0.7501082,0.7948581,0.7948581,0.7507462501525879
HG_BraTS20_Training_188,0.47339657,0.63794833,0.5616582,0.5616582,0.5576677322387695
HG_BraTS20_Training_191,0.58834964,0.6040916,0.59016806,0.59016806,0.5942030747731527
HG_BraTS20_Training_201,0.5641089,0.8352006,0.785963,0.785963,0.7284241517384847
HG_BraTS20_Training_211,0.7329388,0.8568998,0.73206246,0.73206246,0.7739670276641846
HG_BraTS20_Training_212,0.48619026,0.4880568,0.5330669,0.5330669,0.5024379889170328
HG_BraTS20_Training_226,0.7671748,0.89621854,0.83909243,0.83909243,0.8341619173685709
HG_BraTS20_Training_232,0.5755996,0.7149212,0.6621765,0.6621765,0.6508990923563639
HG_BraTS20_Training_241,0.4014827,0.54628754,0.5505401,0.5505401,0.4994367758433024
HG_BraTS20_Training_245,0.69636524,0.6353974,0.6417847,0.6417847,0.6578490734100342
HG_BraTS20_Training_246,0.6732673,0.594321,0.7443508,0.7443508,0.6706463495890299
HG_BraTS20_Training_336,0.5980678,0.63084364,0.6006071,0.6006071,0.6098395188649496
HG_BraTS20_Training_338,0.8085233,0.877844,0.8420949,0.8420949,0.8428207238515218
HG_BraTS20_Training_344,0.8013906,0.7265571,0.58655375,0.58655375,0.7048338254292806
HG_BraTS20_Training_352,0.5476478,0.5330752,0.57928854,0.57928854,0.5533371766408285
LG_BraTS20_Training_262,0.5686555,0.12582666,2.1101497e-12,2.1101497e-12,0.23149404923121134
LG_BraTS20_Training_275,0.077105165,3.371544e-13,7.1782353e-13,7.1782353e-13,0.025701721509297688
LG_BraTS20_Training_278,0.12290302,0.000767929,1.091703e-12,1.091703e-12,0.04122365017731985
LG_BraTS20_Training_283,0.11336335,0.24744599,0.25966623,0.25966623,0.20682517687479654
LG_BraTS20_Training_291,0.42604676,0.41609517,2.2909506e-12,2.2909506e-12,0.2807139754295349
LG_BraTS20_Training_292,0.7266294,0.5707418,0.43326664,0.43326664,0.5768792629241943
LG_BraTS20_Training_294,0.6076748,0.13758197,1.1886366e-12,1.1886366e-12,0.248418927192688
LG_BraTS20_Training_297,0.009721243,2.7020454e-13,9.214891e-13,9.214891e-13,0.0032404142742355666
LG_BraTS20_Training_310,0.51718175,0.24536085,6.1625683e-13,6.1625683e-13,0.25418086846669513
LG_BraTS20_Training_324,0.5252471,0.035850868,7.053181e-13,7.053181e-13,0.1870326598485311
t1cet2
HG_BraTS20_Training_010,0.5381654,0.5129372,0.7175148,0.7175148,0.5895391305287679
HG_BraTS20_Training_012,0.6686622,0.53326076,0.50960106,0.50960106,0.5705080032348633
HG_BraTS20_Training_020,0.81604683,0.6940671,0.48458427,0.48458427,0.6648994286855062
HG_BraTS20_Training_070,0.6731815,0.65753204,0.432249,0.432249,0.587654193242391
HG_BraTS20_Training_089,0.8073323,0.5550159,0.84842205,0.84842205,0.7369233767191569
HG_BraTS20_Training_119,0.48713893,0.43390945,0.25928298,0.25928298,0.3934437831242879
HG_BraTS20_Training_124,0.8656225,0.7938971,0.6832428,0.6832428,0.7809208234151205
HG_BraTS20_Training_128,0.6700516,0.119443946,0.15629335,0.15629335,0.3152629534403483
HG_BraTS20_Training_134,0.63879377,0.6607459,0.567267,0.567267,0.6222689151763916
HG_BraTS20_Training_140,0.88096464,0.87543494,0.7843669,0.7843669,0.8469221591949463
HG_BraTS20_Training_150,0.86739826,0.86496943,0.8709953,0.8709953,0.8677876790364584
HG_BraTS20_Training_180,0.63419425,0.6763061,0.74342114,0.74342114,0.6846404870351156
HG_BraTS20_Training_188,0.6373371,0.6621585,0.6018741,0.6018741,0.6337898969650269
HG_BraTS20_Training_191,0.83956,0.7021791,0.6911629,0.6911629,0.7443006038665771
HG_BraTS20_Training_201,0.7465964,0.75240666,0.76885,0.76885,0.7559510072072347
HG_BraTS20_Training_211,0.80539244,0.8874208,0.77785885,0.77785885,0.8235573768615723
HG_BraTS20_Training_212,0.74258435,0.6829714,0.552813,0.552813,0.6594562530517578
HG_BraTS20_Training_226,0.82130903,0.8604774,0.8175782,0.8175782,0.8331215381622314
HG_BraTS20_Training_232,0.64357954,0.7116585,0.6954987,0.6954987,0.683578888575236
HG_BraTS20_Training_241,0.7774917,0.49793342,0.57167596,0.57167596,0.6157003243764242
HG_BraTS20_Training_245,0.77748215,0.72096217,0.62798965,0.62798965,0.7088112831115723
HG_BraTS20_Training_246,0.785415,0.65344447,0.7493068,0.7493068,0.7293887138366699
HG_BraTS20_Training_336,0.85111463,0.83151424,0.7581648,0.7581648,0.8135979175567627
HG_BraTS20_Training_338,0.8858084,0.9091685,0.8566489,0.8566489,0.883875290552775
HG_BraTS20_Training_344,0.80227804,0.65749806,0.6186557,0.6186557,0.6928106149037679
HG_BraTS20_Training_352,0.8285814,0.6635199,0.7891606,0.7891606,0.7604206403096517
LG_BraTS20_Training_262,0.803801,0.30226514,3.185728e-12,3.185728e-12,0.368688702583313
LG_BraTS20_Training_275,0.5835498,0.09491805,3.485535e-12,3.485535e-12,0.226155956586202
LG_BraTS20_Training_278,0.7408384,0.2793739,1.7376195e-12,1.7376195e-12,0.34007076422373456
LG_BraTS20_Training_283,0.7658988,0.5376216,0.6865074,0.6865074,0.6633426348368326
LG_BraTS20_Training_291,0.850342,0.7279026,0.023418736,0.023418736,0.53388778368632
LG_BraTS20_Training_292,0.8576648,0.55156463,0.4987491,0.4987491,0.6359928846359253
LG_BraTS20_Training_294,0.78759277,0.40509793,1.189768e-12,1.189768e-12,0.3975635766983032
LG_BraTS20_Training_297,0.46041963,0.24043685,3.0945382e-13,3.0945382e-13,0.23361881573994955
LG_BraTS20_Training_310,0.64615726,0.3416052,3.1967265e-13,3.1967265e-13,0.329254150390625
LG_BraTS20_Training_324,0.59535307,0.13263021,7.916403e-13,7.916403e-13,0.24266109863917032
flair
HG_BraTS20_Training_010,0.57915723,0.043832228,0.034432564,0.034432564,0.21914068857828775
HG_BraTS20_Training_012,0.6956043,0.5831345,0.10889536,0.10889536,0.46254467964172363
HG_BraTS20_Training_020,0.8580915,0.59465384,0.18563423,0.18563423,0.5461265246073405
HG_BraTS20_Training_070,0.716761,0.33892584,0.059734408,0.059734408,0.3718070983886719
HG_BraTS20_Training_089,0.82240665,0.3007863,0.10261984,0.10261984,0.4086042642593384
HG_BraTS20_Training_119,0.51190495,0.3388516,0.10285813,0.10285813,0.3178715507189433
HG_BraTS20_Training_124,0.89860207,0.6527393,0.23483294,0.23483294,0.5953914324442545
HG_BraTS20_Training_128,0.5511472,0.03285627,0.0050065876,0.0050065876,0.19633670647939047
HG_BraTS20_Training_134,0.59583837,0.22807598,0.083974265,0.083974265,0.3026295304298401
HG_BraTS20_Training_140,0.9061367,0.81069034,0.5537525,0.5537525,0.7568598588307699
HG_BraTS20_Training_150,0.75388044,0.4717239,0.2026608,0.2026608,0.4760883649190267
HG_BraTS20_Training_180,0.735529,0.7176549,0.47455192,0.47455192,0.6425786018371582
HG_BraTS20_Training_188,0.69590765,0.34801048,0.08755688,0.08755688,0.37715832392374676
HG_BraTS20_Training_191,0.8938418,0.567392,0.40562037,0.40562037,0.622284730275472
HG_BraTS20_Training_201,0.83250636,0.6997833,0.44870225,0.44870225,0.6603306531906128
HG_BraTS20_Training_211,0.8191259,0.705383,0.25768566,0.25768566,0.5940648714701334
HG_BraTS20_Training_212,0.59064066,0.24994536,0.056445528,0.056445528,0.2990105152130127
HG_BraTS20_Training_226,0.7419578,0.4088386,0.20950425,0.20950425,0.4534335533777873
HG_BraTS20_Training_232,0.7690596,0.3404747,0.26120627,0.26120627,0.4569135109583537
HG_BraTS20_Training_241,0.7803264,0.10174893,0.10450369,0.10450369,0.32885968685150146
HG_BraTS20_Training_245,0.76980776,0.62890774,0.30128026,0.30128026,0.566665252049764
HG_BraTS20_Training_246,0.73629725,0.40777856,0.23876522,0.23876522,0.46094703674316406
HG_BraTS20_Training_336,0.86376524,0.70985466,0.38643047,0.38643047,0.6533501148223877
HG_BraTS20_Training_338,0.8199719,0.6846514,0.38558185,0.38558185,0.6300683816274008
HG_BraTS20_Training_344,0.69890165,0.4696362,0.3918395,0.3918395,0.5201257864634196
HG_BraTS20_Training_352,0.38066202,0.002445834,0.003238916,0.003238916,0.12878226240475973
LG_BraTS20_Training_262,0.77914494,0.19275388,9.584971e-13,9.584971e-13,0.32396626472473145
LG_BraTS20_Training_275,0.4626084,0.07117182,1.4446691e-12,1.4446691e-12,0.17792673905690512
LG_BraTS20_Training_278,0.7039836,0.3394015,4.969932e-13,4.969932e-13,0.347795049349467
LG_BraTS20_Training_283,0.7798526,0.50727934,0.29894596,0.29894596,0.5286926428476969
LG_BraTS20_Training_291,0.85801965,0.68062794,0.0016805592,0.0016805592,0.5134427547454834
LG_BraTS20_Training_292,0.7537181,0.46702614,0.19947058,0.19947058,0.4734049638112386
LG_BraTS20_Training_294,0.81190157,0.5810105,1.0424268e-12,1.0424268e-12,0.46430404980977374
LG_BraTS20_Training_297,0.47839347,0.276371,2.8901733e-12,2.8901733e-12,0.2515881458918254
LG_BraTS20_Training_310,0.83064955,0.5712633,3.9693566e-13,3.9693566e-13,0.4673043092091878
LG_BraTS20_Training_324,0.6342197,0.3015049,5.1578295e-13,5.1578295e-13,0.31190820535024005
t1
HG_BraTS20_Training_010,0.4318931,0.57434547,0.2041818,0.2041818,0.4034734567006429
HG_BraTS20_Training_012,0.55144817,0.62048256,0.3471821,0.3471821,0.5063709417978922
HG_BraTS20_Training_020,0.7315766,0.548168,0.1732973,0.1732973,0.48434730370839435
HG_BraTS20_Training_070,0.7331895,0.61177176,0.16166155,0.16166155,0.5022075970967611
HG_BraTS20_Training_089,0.7335855,0.12778991,0.14283232,0.14283232,0.334735910097758
HG_BraTS20_Training_119,0.49120915,0.6635595,0.19917105,0.19917105,0.4513132572174072
HG_BraTS20_Training_124,0.681346,0.49858594,0.182862,0.182862,0.45426464080810547
HG_BraTS20_Training_128,0.041664045,1.5320975e-12,5.4054053e-12,5.4054053e-12,0.013888015101353327
HG_BraTS20_Training_134,0.27684614,0.3724768,0.035257164,0.035257164,0.2281933625539144
HG_BraTS20_Training_140,0.80644935,0.7937456,0.24696887,0.24696887,0.6157212654749552
HG_BraTS20_Training_150,0.51429623,0.10660568,0.11017507,0.11017507,0.2436923384666443
HG_BraTS20_Training_180,0.38739654,0.1701691,0.043818466,0.043818466,0.2004613677660624
HG_BraTS20_Training_188,0.44174695,0.5671048,0.34572428,0.34572428,0.45152537027994794
HG_BraTS20_Training_191,0.30146575,0.13744873,0.02192778,0.02192778,0.15361408392588297
HG_BraTS20_Training_201,0.22466864,1.9339367e-13,2.621026e-13,2.621026e-13,0.07488954563935597
HG_BraTS20_Training_211,0.5389107,0.53591853,0.27741957,0.27741957,0.45074959595998126
HG_BraTS20_Training_212,0.27814224,0.15086402,0.042182967,0.042182967,0.15706308682759604
HG_BraTS20_Training_226,0.64434254,0.5665267,0.18089761,0.18089761,0.46392230192820233
HG_BraTS20_Training_232,0.4971447,0.14328097,0.127683,0.127683,0.2560362219810486
HG_BraTS20_Training_241,0.40583184,0.4278896,0.109078884,0.109078884,0.31426676114400226
HG_BraTS20_Training_245,0.46245185,0.25026226,0.094063126,0.094063126,0.2689257264137268
HG_BraTS20_Training_246,0.64200944,0.33623242,0.15741943,0.15741943,0.37855374813079834
HG_BraTS20_Training_336,0.46662605,0.4550734,0.104768544,0.104768544,0.3421559731165568
HG_BraTS20_Training_338,0.5548097,0.32870552,0.13642536,0.13642536,0.3399802049001058
HG_BraTS20_Training_344,0.7701356,0.50515884,0.28861398,0.28861398,0.5213027795155843
HG_BraTS20_Training_352,0.44806173,0.10537931,0.13667393,0.13667393,0.23003832499186197
LG_BraTS20_Training_262,0.40526488,0.5710062,2.6766595e-12,2.6766595e-12,0.32542367776234943
LG_BraTS20_Training_275,0.018936377,0.0055427253,3.4542315e-12,3.4542315e-12,0.008159700781106949
LG_BraTS20_Training_278,0.18614729,0.1797797,2.8636885e-12,2.8636885e-12,0.12197566032409668
LG_BraTS20_Training_283,0.012412783,6.5112645e-13,7.742335e-13,7.742335e-13,0.004137594252824783
LG_BraTS20_Training_291,0.4429056,0.6250494,9.0155064e-13,9.0155064e-13,0.35598500569661456
LG_BraTS20_Training_292,0.7495692,0.7596613,0.2158468,0.2158468,0.575025757153829
LG_BraTS20_Training_294,0.667062,0.5347769,8.50919e-13,8.50919e-13,0.4006129900614421
LG_BraTS20_Training_297,0.10511367,0.28409508,2.6745119e-12,2.6745119e-12,0.12973624467849731
LG_BraTS20_Training_310,0.5470028,0.52517974,6.2920784e-13,6.2920784e-13,0.35739417870839435
LG_BraTS20_Training_324,0.43637693,0.27336663,1.2457955e-12,1.2457955e-12,0.23658118645350137
t1c
HG_BraTS20_Training_010,0.39233214,0.5479794,0.5749415,0.5749415,0.5050843556722006
HG_BraTS20_Training_012,0.511364,0.5134119,0.44685683,0.44685683,0.49054423967997235
HG_BraTS20_Training_020,0.41945451,0.3997737,0.3574978,0.3574978,0.39224199453989667
HG_BraTS20_Training_070,0.40608987,0.47727394,0.36035618,0.36035618,0.41457335154215497
HG_BraTS20_Training_089,0.474011,0.700789,0.7782172,0.7782172,0.6510057051976522
HG_BraTS20_Training_119,0.30593574,0.47693437,0.3315355,0.3315355,0.37146854400634766
HG_BraTS20_Training_124,0.46059757,0.51107657,0.5300408,0.5300408,0.5005716482798258
HG_BraTS20_Training_128,0.0055360766,5.090872e-13,6.131208e-13,6.131208e-13,0.0018453588709235191
HG_BraTS20_Training_134,0.4239864,0.5540789,0.4373489,0.4373489,0.4718046983083089
HG_BraTS20_Training_140,0.50431585,0.6888903,0.68201387,0.68201387,0.6250733137130737
HG_BraTS20_Training_150,0.6447482,0.8548867,0.8644887,0.8644887,0.7880412737528483
HG_BraTS20_Training_180,0.63194734,0.73527044,0.76222205,0.76222205,0.7098132769266764
HG_BraTS20_Training_188,0.3638259,0.52822316,0.48198387,0.48198387,0.458010991414388
HG_BraTS20_Training_191,0.4880745,0.54149276,0.5284405,0.5284405,0.5193359057108561
HG_BraTS20_Training_201,0.52372885,0.79934216,0.75222415,0.75222415,0.6917650699615479
HG_BraTS20_Training_211,0.6402496,0.79092073,0.68149805,0.68149805,0.704222838083903
HG_BraTS20_Training_212,0.2959427,0.4016807,0.46494627,0.46494627,0.38752321402231854
HG_BraTS20_Training_226,0.7568622,0.8727181,0.83725005,0.83725005,0.822276751200358
HG_BraTS20_Training_232,0.40946144,0.66687024,0.6214716,0.6214716,0.565934419631958
HG_BraTS20_Training_241,0.3647837,0.43018255,0.47219053,0.47219053,0.422385573387146
HG_BraTS20_Training_245,0.52363473,0.58806616,0.61615324,0.61615324,0.5759513775507609
HG_BraTS20_Training_246,0.51408815,0.5649535,0.72877306,0.72877306,0.6026049455006918
HG_BraTS20_Training_336,0.39516035,0.5140569,0.52782935,0.52782935,0.4790155092875163
HG_BraTS20_Training_338,0.75522923,0.8861624,0.8384677,0.8384677,0.8266197840372721
HG_BraTS20_Training_344,0.70140916,0.6619121,0.5342282,0.5342282,0.6325165033340454
HG_BraTS20_Training_352,0.3709237,0.51798034,0.5778339,0.5778339,0.4889126618703206
LG_BraTS20_Training_262,0.25480902,0.0017206768,1.5174507e-12,1.5174507e-12,0.08550989627838135
LG_BraTS20_Training_275,0.0628402,3.1459403e-13,6.041201e-13,6.041201e-13,0.02094673365354538
LG_BraTS20_Training_278,0.041290425,1.3558035e-13,1.0684902e-12,1.0684902e-12,0.013763474921385447
LG_BraTS20_Training_283,0.19237171,0.35366604,0.3997586,0.3997586,0.3152654568354289
LG_BraTS20_Training_291,0.048587356,0.0057585887,1.0084712e-12,1.0084712e-12,0.018115314344565075
LG_BraTS20_Training_292,0.2429071,0.14876631,0.12515475,0.12515475,0.17227605978647867
LG_BraTS20_Training_294,0.22028454,0.0006088963,5.4674684e-13,5.4674684e-13,0.07363114257653554
LG_BraTS20_Training_297,0.0047903173,1.5004652e-13,2.8787747e-13,2.8787747e-13,0.001596772422393163
LG_BraTS20_Training_310,0.17540927,0.0745961,3.756574e-13,3.756574e-13,0.08333512147267659
LG_BraTS20_Training_324,0.39494687,0.0067427238,6.795787e-13,6.795787e-13,0.13389652967453003
t2
HG_BraTS20_Training_010,0.4762146,0.29265046,0.08641789,0.08641789,0.28509432077407837
HG_BraTS20_Training_012,0.6437046,0.4017166,0.10531214,0.10531214,0.38357774416605633
HG_BraTS20_Training_020,0.8265163,0.61497545,0.26642424,0.26642424,0.5693053404490153
HG_BraTS20_Training_070,0.68677926,0.42179886,0.020805899,0.020805899,0.37646134694417316
HG_BraTS20_Training_089,0.775374,0.42318842,0.25826398,0.25826398,0.4856087764104207
HG_BraTS20_Training_119,0.42194295,0.33632493,0.0016774685,0.0016774685,0.2533151110013326
HG_BraTS20_Training_124,0.8805541,0.6788814,0.27388114,0.27388114,0.6111055215199789
HG_BraTS20_Training_128,0.6557806,0.042997543,0.022678006,0.022678006,0.2404853900273641
HG_BraTS20_Training_134,0.57133937,0.5409213,0.2617039,0.2617039,0.457988182703654
HG_BraTS20_Training_140,0.8512687,0.80508333,0.43615088,0.43615088,0.6975009441375732
HG_BraTS20_Training_150,0.8306176,0.64043486,0.5474545,0.5474545,0.6728356679280599
HG_BraTS20_Training_180,0.60634553,0.42885414,0.2401041,0.2401041,0.4251012404759725
HG_BraTS20_Training_188,0.6683371,0.6727029,0.48301822,0.48301822,0.6080194314320883
HG_BraTS20_Training_191,0.891361,0.5130043,0.26454484,0.26454484,0.5563033819198608
HG_BraTS20_Training_201,0.756766,0.73041445,0.5171635,0.5171635,0.6681146621704102
HG_BraTS20_Training_211,0.8113196,0.6295633,0.3346493,0.3346493,0.5918440818786621
HG_BraTS20_Training_212,0.7556353,0.5840932,0.30136842,0.30136842,0.547032356262207
HG_BraTS20_Training_226,0.8409841,0.6996954,0.22519965,0.22519965,0.5886263847351074
HG_BraTS20_Training_232,0.6990815,0.5087484,0.33473736,0.33473736,0.514189084370931
HG_BraTS20_Training_241,0.78272533,0.38586858,0.25438598,0.25438598,0.47432661056518555
HG_BraTS20_Training_245,0.74122596,0.7422436,0.44017398,0.44017398,0.6412144899368286
HG_BraTS20_Training_246,0.7469453,0.662129,0.4146778,0.4146778,0.6079173882802328
HG_BraTS20_Training_336,0.8823112,0.7147261,0.42408484,0.42408484,0.6737074057261149
HG_BraTS20_Training_338,0.85277504,0.57094353,0.33547932,0.33547932,0.5863993167877197
HG_BraTS20_Training_344,0.7261225,0.5130178,0.262775,0.262775,0.5006384054819742
HG_BraTS20_Training_352,0.7878011,0.52077246,0.5655821,0.5655821,0.6247185071309408
LG_BraTS20_Training_262,0.7129535,0.26831084,7.7160495e-13,7.7160495e-13,0.3270881175994873
LG_BraTS20_Training_275,0.5372839,0.13389231,4.364906e-12,4.364906e-12,0.22372539838155112
LG_BraTS20_Training_278,0.7944972,0.5580331,7.069136e-13,7.069136e-13,0.45084341367085773
LG_BraTS20_Training_283,0.70341176,0.27259883,0.18781047,0.18781047,0.3879403273264567
LG_BraTS20_Training_291,0.86983454,0.72068375,0.009434818,0.009434818,0.5333176851272583
LG_BraTS20_Training_292,0.8515355,0.49381292,0.24226804,0.24226804,0.5292054812113444
LG_BraTS20_Training_294,0.7856648,0.50856113,1.6561776e-12,1.6561776e-12,0.4314086437225342
LG_BraTS20_Training_297,0.5581175,0.41352415,6.286145e-13,6.286145e-13,0.32388055324554443
LG_BraTS20_Training_310,0.69627005,0.48994058,5.021593e-13,5.021593e-13,0.39540354410807294
LG_BraTS20_Training_324,0.57595414,0.1609605,6.6339393e-13,6.6339393e-13,0.24563821156819662
WT Dice,TC Dice,ET Dice,ETPro Dice,WT HD95,TC HD95,ET HD95ETPro HD95
flairt1cet1t2
HG_BraTS20_Training_010,0.66778094,0.55708176,0.6989759,0.6989759,0.6412795384724935
HG_BraTS20_Training_012,0.75039655,0.6654688,0.5730127,0.5730127,0.6629593769709269
HG_BraTS20_Training_020,0.8705392,0.7863621,0.5603865,0.5603865,0.73909592628479
HG_BraTS20_Training_070,0.8123777,0.80933595,0.5719348,0.5719348,0.7312161127726237
HG_BraTS20_Training_089,0.8023829,0.48420164,0.75536305,0.75536305,0.680649201075236
HG_BraTS20_Training_119,0.635596,0.6630222,0.5192375,0.5192375,0.6059519052505493
HG_BraTS20_Training_124,0.91303426,0.831242,0.7737494,0.7737494,0.8393418788909912
HG_BraTS20_Training_128,0.7108122,0.14091165,0.17087634,0.17087634,0.3408667246500651
HG_BraTS20_Training_134,0.8503955,0.8601112,0.6888151,0.6888151,0.7997739315032959
HG_BraTS20_Training_140,0.9232571,0.8825329,0.7993183,0.7993183,0.8683694203694662
HG_BraTS20_Training_150,0.92888695,0.8792825,0.8883174,0.8883174,0.898828903834025
HG_BraTS20_Training_180,0.6888541,0.71750724,0.7951156,0.7951156,0.73382568359375
HG_BraTS20_Training_188,0.7500761,0.62180185,0.56134915,0.56134915,0.6444090207417806
HG_BraTS20_Training_191,0.8978736,0.7740102,0.6993208,0.6993208,0.7904015382130941
HG_BraTS20_Training_201,0.8665631,0.8629765,0.7997182,0.7997182,0.8430859247843424
HG_BraTS20_Training_211,0.8531309,0.8924951,0.8148183,0.8148183,0.8534814516703287
HG_BraTS20_Training_212,0.8443661,0.7655754,0.58892393,0.58892393,0.7329551378885905
HG_BraTS20_Training_226,0.883608,0.88511205,0.81571746,0.81571746,0.861479123433431
HG_BraTS20_Training_232,0.8652549,0.6604796,0.53587246,0.53587246,0.6872022946675619
HG_BraTS20_Training_241,0.8375816,0.66137815,0.69791716,0.69791716,0.7322923342386881
HG_BraTS20_Training_245,0.8969382,0.8030354,0.6489562,0.6489562,0.7829766273498535
HG_BraTS20_Training_246,0.8130599,0.6869544,0.7513643,0.7513643,0.7504595120747884
HG_BraTS20_Training_336,0.9316113,0.92836493,0.82901037,0.82901037,0.8963289260864258
HG_BraTS20_Training_338,0.90580904,0.90475374,0.87539333,0.87539333,0.8953187465667725
HG_BraTS20_Training_344,0.8581564,0.6467376,0.57374394,0.57374394,0.6928793589274088
HG_BraTS20_Training_352,0.86629844,0.51896423,0.84098154,0.84098154,0.7420814037322998
LG_BraTS20_Training_262,0.7798033,0.33272976,1.009897e-12,1.009897e-12,0.37084436416625977
LG_BraTS20_Training_275,0.70048934,0.25569892,1.8119225e-12,1.8119225e-12,0.31872942050298053
LG_BraTS20_Training_278,0.8255307,0.42321146,1.0838934e-12,1.0838934e-12,0.4162473678588867
LG_BraTS20_Training_283,0.8433742,0.54645133,0.6946833,0.6946833,0.6948362986246744
LG_BraTS20_Training_291,0.91686696,0.7176473,0.014091251,0.014091251,0.5495351950327555
LG_BraTS20_Training_292,0.9070082,0.83142823,0.481501,0.481501,0.7399791876475016
LG_BraTS20_Training_294,0.9061766,0.69668967,9.686168e-13,9.686168e-13,0.534288763999939
LG_BraTS20_Training_297,0.7408806,0.66024333,1.4417532e-12,1.4417532e-12,0.4670413335164388
LG_BraTS20_Training_310,0.84769106,0.6161725,4.1490333e-13,4.1490333e-13,0.4879545370737712
LG_BraTS20_Training_324,0.84084344,0.37706584,1.1301989e-12,1.1301989e-12,0.405969778696696
t1cet1t2
HG_BraTS20_Training_010,0.5162056,0.4514293,0.5972127,0.5972127,0.5216158628463745
HG_BraTS20_Training_012,0.7145655,0.7022144,0.6299194,0.6299194,0.6822331746419271
HG_BraTS20_Training_020,0.85389674,0.7846062,0.55994964,0.55994964,0.7328174908955892
HG_BraTS20_Training_070,0.6308776,0.7894955,0.5687434,0.5687434,0.6630388895670573
HG_BraTS20_Training_089,0.78427196,0.5073844,0.7849151,0.7849151,0.6921904881795248
HG_BraTS20_Training_119,0.5653348,0.6664076,0.58009964,0.58009964,0.6039473215738932
HG_BraTS20_Training_124,0.88512295,0.82626057,0.76495695,0.76495695,0.8254468441009521
HG_BraTS20_Training_128,0.7143772,0.14112593,0.1516381,0.1516381,0.3357137441635132
HG_BraTS20_Training_134,0.68577296,0.6474214,0.59651285,0.59651285,0.6432357629140218
HG_BraTS20_Training_140,0.91248053,0.8783757,0.79058236,0.79058236,0.8604795138041178
HG_BraTS20_Training_150,0.8825373,0.8898406,0.89299566,0.89299566,0.8884578545888265
HG_BraTS20_Training_180,0.6695188,0.6983828,0.7869178,0.7869178,0.7182731628417969
HG_BraTS20_Training_188,0.69786006,0.68189245,0.6080167,0.6080167,0.6625897487004598
HG_BraTS20_Training_191,0.8584043,0.7422914,0.7363045,0.7363045,0.7790000438690186
HG_BraTS20_Training_201,0.80611604,0.77659965,0.75679153,0.75679153,0.7798357804616293
HG_BraTS20_Training_211,0.7927804,0.90570736,0.8206561,0.8206561,0.8397146066029867
HG_BraTS20_Training_212,0.77982175,0.7521109,0.60195035,0.60195035,0.7112943331400553
HG_BraTS20_Training_226,0.8010296,0.87992823,0.8366844,0.8366844,0.8392140865325928
HG_BraTS20_Training_232,0.743954,0.6748592,0.5947976,0.5947976,0.67120361328125
HG_BraTS20_Training_241,0.81052446,0.6573146,0.69143873,0.69143873,0.7197592258453369
HG_BraTS20_Training_245,0.8809827,0.800717,0.7331325,0.7331325,0.8049440383911133
HG_BraTS20_Training_246,0.7125971,0.736526,0.7892807,0.7892807,0.7461345990498861
HG_BraTS20_Training_336,0.8824039,0.91602266,0.82835096,0.82835096,0.8755925496419271
HG_BraTS20_Training_338,0.87826234,0.87421215,0.8784045,0.8784045,0.8769596417744955
HG_BraTS20_Training_344,0.85799575,0.69428873,0.62691635,0.62691635,0.7264002958933512
HG_BraTS20_Training_352,0.83961827,0.5615339,0.7902911,0.7902911,0.7304810682932535
LG_BraTS20_Training_262,0.709637,0.33786228,9.75134e-13,9.75134e-13,0.34916643301645917
LG_BraTS20_Training_275,0.64933425,0.23054436,1.7818959e-12,1.7818959e-12,0.2932928800582886
LG_BraTS20_Training_278,0.8116804,0.27063084,1.1818933e-12,1.1818933e-12,0.36077038447062176
LG_BraTS20_Training_283,0.78285575,0.53997594,0.67182636,0.67182636,0.6648859977722168
LG_BraTS20_Training_291,0.8995114,0.6984197,0.01219007,0.01219007,0.5367070833841959
LG_BraTS20_Training_292,0.8692904,0.80960816,0.46257922,0.46257922,0.7138259410858154
LG_BraTS20_Training_294,0.8443925,0.6186779,1.2529758e-12,1.2529758e-12,0.48769013086954754
LG_BraTS20_Training_297,0.5895224,0.46240538,5.425053e-13,5.425053e-13,0.3506426016489665
LG_BraTS20_Training_310,0.6843652,0.48775423,3.2740726e-13,3.2740726e-13,0.39070645968119305
LG_BraTS20_Training_324,0.77757144,0.19881909,1.368738e-12,1.368738e-12,0.32546351353327435
flairt1cet2
HG_BraTS20_Training_010,0.68895805,0.59365124,0.7126451,0.7126451,0.6650847593943278
HG_BraTS20_Training_012,0.75118774,0.6588442,0.56045043,0.56045043,0.656827449798584
HG_BraTS20_Training_020,0.86827517,0.7899245,0.55806243,0.55806243,0.7387540340423584
HG_BraTS20_Training_070,0.8264732,0.8008662,0.56644726,0.56644726,0.73126220703125
HG_BraTS20_Training_089,0.80316395,0.48727456,0.7653815,0.7653815,0.6852733294169108
HG_BraTS20_Training_119,0.6177664,0.65054923,0.5156987,0.5156987,0.5946714083353678
HG_BraTS20_Training_124,0.91590506,0.8350678,0.7676697,0.7676697,0.8395474751790365
HG_BraTS20_Training_128,0.71223384,0.14009136,0.1816218,0.1816218,0.3446489969889323
HG_BraTS20_Training_134,0.83521086,0.8495905,0.6783907,0.6783907,0.7877306938171387
HG_BraTS20_Training_140,0.91994035,0.8693114,0.8082868,0.8082868,0.8658461570739746
HG_BraTS20_Training_150,0.9316722,0.881007,0.89208746,0.89208746,0.9015889167785645
HG_BraTS20_Training_180,0.6877207,0.7297917,0.8027759,0.8027759,0.7400960922241211
HG_BraTS20_Training_188,0.7426501,0.6102965,0.562795,0.562795,0.6385804812113444
HG_BraTS20_Training_191,0.8914277,0.7874966,0.72014964,0.72014964,0.799691359202067
HG_BraTS20_Training_201,0.86820495,0.86162794,0.7980915,0.7980915,0.8426414330800375
HG_BraTS20_Training_211,0.8499062,0.8987264,0.8141576,0.8141576,0.8542634646097819
HG_BraTS20_Training_212,0.8579533,0.79256016,0.57628906,0.57628906,0.7422674496968588
HG_BraTS20_Training_226,0.8763327,0.8866521,0.8324844,0.8324844,0.8651564121246338
HG_BraTS20_Training_232,0.85431015,0.6892928,0.5437026,0.5437026,0.6957685152689616
HG_BraTS20_Training_241,0.83817166,0.6380428,0.6832674,0.6832674,0.7198272546132406
HG_BraTS20_Training_245,0.87812406,0.76728266,0.60021996,0.60021996,0.7485422293345133
HG_BraTS20_Training_246,0.80554634,0.66793686,0.7494303,0.7494303,0.7409711678822836
HG_BraTS20_Training_336,0.9323504,0.9293676,0.83881325,0.83881325,0.9001770814259847
HG_BraTS20_Training_338,0.9051631,0.91690785,0.8819302,0.8819302,0.901333729426066
HG_BraTS20_Training_344,0.8306394,0.64171225,0.58503616,0.58503616,0.6857959429423014
HG_BraTS20_Training_352,0.8384553,0.51550066,0.8218674,0.8218674,0.7252744833628336
LG_BraTS20_Training_262,0.7812768,0.30713683,1.170549e-12,1.170549e-12,0.3628045717875163
LG_BraTS20_Training_275,0.70548373,0.23230377,2.2321429e-12,2.2321429e-12,0.31259584426879883
LG_BraTS20_Training_278,0.81811774,0.36397588,1.2275964e-12,1.2275964e-12,0.39403120676676434
LG_BraTS20_Training_283,0.8484894,0.57470167,0.7337814,0.7337814,0.7189908027648926
LG_BraTS20_Training_291,0.92040735,0.73543626,0.014770558,0.014770558,0.5568713744481405
LG_BraTS20_Training_292,0.8984517,0.807269,0.474263,0.474263,0.726661205291748
LG_BraTS20_Training_294,0.9009414,0.6627588,1.2036591e-12,1.2036591e-12,0.5212333997090658
LG_BraTS20_Training_297,0.72931147,0.64060247,1.6283992e-12,1.6283992e-12,0.456637978553772
LG_BraTS20_Training_310,0.81699103,0.5450323,3.5864147e-13,3.5864147e-13,0.4540077845255534
LG_BraTS20_Training_324,0.8081614,0.34458166,1.0551862e-12,1.0551862e-12,0.3842477003733317
flairt1t2
HG_BraTS20_Training_010,0.65854496,0.3537784,0.09727327,0.09727327,0.3698655366897583
HG_BraTS20_Training_012,0.7282925,0.59065235,0.2471442,0.2471442,0.522029717763265
HG_BraTS20_Training_020,0.86545223,0.7456537,0.33189765,0.33189765,0.6476678450902303
HG_BraTS20_Training_070,0.82999754,0.65846264,0.23331042,0.23331042,0.5739235480626425
HG_BraTS20_Training_089,0.80864793,0.3534333,0.19273108,0.19273108,0.45160412788391113
HG_BraTS20_Training_119,0.5812172,0.4458568,0.13274384,0.13274384,0.38660597801208496
HG_BraTS20_Training_124,0.91215944,0.73470914,0.35554844,0.35554844,0.6674723625183105
HG_BraTS20_Training_128,0.68388927,0.11996698,0.1089908,0.1089908,0.30428234736124676
HG_BraTS20_Training_134,0.81705934,0.74061185,0.37354964,0.37354964,0.6437402566274008
HG_BraTS20_Training_140,0.9178005,0.80290216,0.25025505,0.25025505,0.6569859186808268
HG_BraTS20_Training_150,0.91482776,0.70768523,0.51376307,0.51376307,0.7120920817057291
HG_BraTS20_Training_180,0.6899195,0.5305491,0.38446262,0.38446262,0.5349770387013754
HG_BraTS20_Training_188,0.7511837,0.5070811,0.3631915,0.3631915,0.5404854218165079
HG_BraTS20_Training_191,0.91964847,0.6227223,0.3195244,0.3195244,0.620631734530131
HG_BraTS20_Training_201,0.8873199,0.74138,0.5306602,0.5306602,0.7197867234547933
HG_BraTS20_Training_211,0.83718634,0.79791653,0.5561305,0.5561305,0.7304111321767172
HG_BraTS20_Training_212,0.8180648,0.681762,0.31857753,0.31857753,0.6061347723007202
HG_BraTS20_Training_226,0.8863784,0.8352816,0.3479188,0.3479188,0.6898596286773682
HG_BraTS20_Training_232,0.87742215,0.435422,0.28035417,0.28035417,0.531066099802653
HG_BraTS20_Training_241,0.8411688,0.5889801,0.4597143,0.4597143,0.6299543778101603
HG_BraTS20_Training_245,0.89404494,0.8173397,0.5522462,0.5522462,0.7545436223347982
HG_BraTS20_Training_246,0.8336709,0.5993462,0.40098515,0.40098515,0.6113340854644775
HG_BraTS20_Training_336,0.9305099,0.84742177,0.5292627,0.5292627,0.7690648237864176
HG_BraTS20_Training_338,0.8958304,0.77856535,0.44489282,0.44489282,0.7064295609792074
HG_BraTS20_Training_344,0.82478213,0.5512164,0.32230115,0.32230115,0.5660998821258545
HG_BraTS20_Training_352,0.81950694,0.4147125,0.5426582,0.5426582,0.5922925472259521
LG_BraTS20_Training_262,0.7679392,0.26736847,5.599104e-13,5.599104e-13,0.34510254859924316
LG_BraTS20_Training_275,0.64631367,0.23362261,9.655306e-13,9.655306e-13,0.29331209262212116
LG_BraTS20_Training_278,0.84108305,0.6170162,4.534736e-13,4.534736e-13,0.4860330820083618
LG_BraTS20_Training_283,0.8072711,0.36783165,0.36082384,0.36082384,0.5119755268096924
LG_BraTS20_Training_291,0.92242783,0.70825636,0.0087555805,0.0087555805,0.5464799006779989
LG_BraTS20_Training_292,0.8935503,0.8014174,0.22530352,0.22530352,0.6400904258092245
LG_BraTS20_Training_294,0.90149164,0.7334595,6.370238e-13,6.370238e-13,0.544983704884847
LG_BraTS20_Training_297,0.7585658,0.71950704,9.961152e-13,9.961152e-13,0.4926909605662028
LG_BraTS20_Training_310,0.88102394,0.7509246,3.9192632e-13,3.9192632e-13,0.5439828236897787
LG_BraTS20_Training_324,0.8198958,0.49387297,6.398362e-13,6.398362e-13,0.4379229148228963
flairt1cet1
HG_BraTS20_Training_010,0.7052618,0.60993546,0.743364,0.743364,0.6861871083577474
HG_BraTS20_Training_012,0.72125447,0.65954465,0.5674015,0.5674015,0.6494001944859823
HG_BraTS20_Training_020,0.8732247,0.77536345,0.582936,0.582936,0.7438414096832275
HG_BraTS20_Training_070,0.84748787,0.7983378,0.5867451,0.5867451,0.7441902160644531
HG_BraTS20_Training_089,0.80604374,0.5492767,0.82779366,0.82779366,0.7277046839396158
HG_BraTS20_Training_119,0.6767209,0.7255623,0.5755916,0.5755916,0.6592915852864584
HG_BraTS20_Training_124,0.9153116,0.8513186,0.7835742,0.7835742,0.8500680923461914
HG_BraTS20_Training_128,0.76310194,0.1689318,0.20710921,0.20710921,0.3797143300374349
HG_BraTS20_Training_134,0.80852723,0.7938967,0.6794159,0.6794159,0.7606132825215658
HG_BraTS20_Training_140,0.92709845,0.89510506,0.8157757,0.8157757,0.8793264230092367
HG_BraTS20_Training_150,0.9181927,0.88892597,0.8987043,0.8987043,0.9019409815470377
HG_BraTS20_Training_180,0.7080908,0.77472514,0.8247602,0.8247602,0.7691920598347982
HG_BraTS20_Training_188,0.7403889,0.63212895,0.59384483,0.59384483,0.6554542382558187
HG_BraTS20_Training_191,0.8867915,0.75545424,0.72342473,0.72342473,0.7885568141937256
HG_BraTS20_Training_201,0.8676416,0.8662192,0.80992764,0.80992764,0.8479294776916504
HG_BraTS20_Training_211,0.8415514,0.8818279,0.81888115,0.81888115,0.8474202156066895
HG_BraTS20_Training_212,0.7243563,0.5750278,0.55797225,0.55797225,0.6191187699635824
HG_BraTS20_Training_226,0.8587121,0.88385445,0.8541295,0.8541295,0.8655653794606527
HG_BraTS20_Training_232,0.85558647,0.723151,0.5858125,0.5858125,0.7215166886647543
HG_BraTS20_Training_241,0.82382727,0.65856755,0.6762291,0.6762291,0.7195413112640381
HG_BraTS20_Training_245,0.8982963,0.76191497,0.73147637,0.73147637,0.7972292105356852
HG_BraTS20_Training_246,0.7921524,0.6334801,0.76557785,0.76557785,0.7304034233093262
HG_BraTS20_Training_336,0.9223858,0.9249791,0.82135487,0.82135487,0.8895732561747233
HG_BraTS20_Training_338,0.8644553,0.88168645,0.87916386,0.87916386,0.8751018842061361
HG_BraTS20_Training_344,0.8681041,0.7621573,0.6176743,0.6176743,0.7493119239807129
HG_BraTS20_Training_352,0.75375456,0.5373913,0.7985842,0.7985842,0.6965766747792562
LG_BraTS20_Training_262,0.8026945,0.45726106,1.6809547e-12,1.6809547e-12,0.41998517513275146
LG_BraTS20_Training_275,0.7125255,0.20314951,2.196354e-12,2.196354e-12,0.30522499481836957
LG_BraTS20_Training_278,0.8168659,0.17779917,1.4511682e-12,1.4511682e-12,0.33155502875645954
LG_BraTS20_Training_283,0.8777652,0.65286845,0.7155882,0.7155882,0.7487406730651855
LG_BraTS20_Training_291,0.8936906,0.7042275,0.02006767,0.02006767,0.5393285751342773
LG_BraTS20_Training_292,0.8771044,0.78659785,0.48295844,0.48295844,0.7155536015828451
LG_BraTS20_Training_294,0.88529944,0.6690331,1.3313806e-12,1.3313806e-12,0.5181108315785726
LG_BraTS20_Training_297,0.6284014,0.5788225,5.09684e-12,5.09684e-12,0.402407964070638
LG_BraTS20_Training_310,0.8774199,0.5800471,5.333049e-13,5.333049e-13,0.48582231998443604
LG_BraTS20_Training_324,0.8314405,0.31016868,1.5216068e-12,1.5216068e-12,0.38053639729817706
flairt1ce
HG_BraTS20_Training_010,0.69220483,0.61428237,0.7722325,0.7722325,0.6929065386454264
HG_BraTS20_Training_012,0.69559556,0.6793377,0.5463198,0.5463198,0.6404176553090414
HG_BraTS20_Training_020,0.86955523,0.7566545,0.5793126,0.5793126,0.7351740996042887
HG_BraTS20_Training_070,0.78021884,0.7422388,0.58907175,0.58907175,0.7038431167602539
HG_BraTS20_Training_089,0.7869966,0.57217854,0.8715212,0.8715212,0.7435654799143473
HG_BraTS20_Training_119,0.6120659,0.6935056,0.53823847,0.53823847,0.6146033604939779
HG_BraTS20_Training_124,0.91755533,0.8656662,0.7760397,0.7760397,0.8530871073404948
HG_BraTS20_Training_128,0.6873688,0.16739416,0.21197978,0.21197978,0.3555809259414673
HG_BraTS20_Training_134,0.78000337,0.77876276,0.6719527,0.6719527,0.7435729503631592
HG_BraTS20_Training_140,0.9104294,0.8920185,0.8275989,0.8275989,0.8766822814941406
HG_BraTS20_Training_150,0.91365355,0.8949161,0.9033243,0.9033243,0.9039646784464518
HG_BraTS20_Training_180,0.7143224,0.8378213,0.85018075,0.85018075,0.8007748126983643
HG_BraTS20_Training_188,0.7193916,0.6005716,0.59474486,0.59474486,0.6382360458374023
HG_BraTS20_Training_191,0.8780214,0.7392592,0.72383946,0.72383946,0.7803733348846436
HG_BraTS20_Training_201,0.875538,0.8958117,0.8054947,0.8054947,0.8589481512705485
HG_BraTS20_Training_211,0.8342642,0.8794602,0.80331343,0.80331343,0.839012622833252
HG_BraTS20_Training_212,0.6925185,0.5578436,0.5467069,0.5467069,0.5990230242411295
HG_BraTS20_Training_226,0.83751404,0.8686842,0.8605363,0.8605363,0.8555781841278076
HG_BraTS20_Training_232,0.8348012,0.66233027,0.5713631,0.5713631,0.6894981861114502
HG_BraTS20_Training_241,0.8228169,0.6251562,0.64665794,0.64665794,0.6982103983561198
HG_BraTS20_Training_245,0.8954063,0.6790364,0.6657197,0.6657197,0.7467207908630371
HG_BraTS20_Training_246,0.7615475,0.58162564,0.7577609,0.7577609,0.7003113428751627
HG_BraTS20_Training_336,0.91154784,0.9217932,0.81609666,0.81609666,0.8831459681193033
HG_BraTS20_Training_338,0.8666981,0.9172985,0.88642937,0.88642937,0.8901419639587402
HG_BraTS20_Training_344,0.7872242,0.66521156,0.61016756,0.61016756,0.6875344117482504
HG_BraTS20_Training_352,0.6289013,0.50926584,0.71772987,0.71772987,0.6186323165893555
LG_BraTS20_Training_262,0.7668189,0.31125653,1.8580454e-12,1.8580454e-12,0.3593584696451823
LG_BraTS20_Training_275,0.6474938,0.15649371,2.731494e-12,2.731494e-12,0.26799583435058594
LG_BraTS20_Training_278,0.7833742,0.03998687,1.4753615e-12,1.4753615e-12,0.27445367972056073
LG_BraTS20_Training_283,0.84591836,0.68432194,0.71395284,0.71395284,0.7480643590291342
LG_BraTS20_Training_291,0.8931506,0.6863174,0.014642857,0.014642857,0.5313702821731567
LG_BraTS20_Training_292,0.82523954,0.6941004,0.4956797,0.4956797,0.6716732184092203
LG_BraTS20_Training_294,0.8523335,0.5684351,2.7746948e-12,2.7746948e-12,0.4735894997914632
LG_BraTS20_Training_297,0.62393993,0.50758773,1.2468828e-11,1.2468828e-11,0.37717588742574054
LG_BraTS20_Training_310,0.81250423,0.42210448,3.3032735e-13,3.3032735e-13,0.41153621673583984
LG_BraTS20_Training_324,0.7359983,0.20420317,1.4639145e-12,1.4639145e-12,0.3134004871050517
flairt2
HG_BraTS20_Training_010,0.6902323,0.34476626,0.11250743,0.11250743,0.3825019995371501
HG_BraTS20_Training_012,0.71943647,0.57950205,0.27087292,0.27087292,0.5232704877853394
HG_BraTS20_Training_020,0.8677199,0.7413824,0.3486972,0.3486972,0.6525998115539551
HG_BraTS20_Training_070,0.83880144,0.6134471,0.20381662,0.20381662,0.5520217418670654
HG_BraTS20_Training_089,0.8216397,0.3680509,0.19911648,0.19911648,0.4629356861114502
HG_BraTS20_Training_119,0.52392095,0.34444275,0.08790115,0.08790115,0.31875497102737427
HG_BraTS20_Training_124,0.91432893,0.7337414,0.34035176,0.34035176,0.6628073851267496
HG_BraTS20_Training_128,0.680082,0.11065769,0.10414484,0.10414484,0.2982948621114095
HG_BraTS20_Training_134,0.7655661,0.6503821,0.32225692,0.32225692,0.579401691754659
HG_BraTS20_Training_140,0.91779804,0.8080364,0.3321528,0.3321528,0.6859957377115885
HG_BraTS20_Training_150,0.9187241,0.73321795,0.45986837,0.45986837,0.7039368152618408
HG_BraTS20_Training_180,0.69311935,0.53818816,0.36526355,0.36526355,0.5321903626124064
HG_BraTS20_Training_188,0.74620605,0.4855936,0.30867285,0.30867285,0.5134908358256022
HG_BraTS20_Training_191,0.9184783,0.6449254,0.30298692,0.30298692,0.6221302350362142
HG_BraTS20_Training_201,0.88524824,0.73590434,0.4767095,0.4767095,0.6992874145507812
HG_BraTS20_Training_211,0.84821457,0.83502805,0.5637744,0.5637744,0.7490056355794271
HG_BraTS20_Training_212,0.7946173,0.63479996,0.29243702,0.29243702,0.5739514032999674
HG_BraTS20_Training_226,0.8879259,0.8232519,0.34252158,0.34252158,0.6845664978027344
HG_BraTS20_Training_232,0.8658182,0.45677716,0.26353964,0.26353964,0.5287116765975952
HG_BraTS20_Training_241,0.8432503,0.5380451,0.4262366,0.4262366,0.6025106906890869
HG_BraTS20_Training_245,0.8589385,0.8201026,0.5336171,0.5336171,0.7375527222951254
HG_BraTS20_Training_246,0.8370419,0.5952536,0.3998803,0.3998803,0.6107252836227417
HG_BraTS20_Training_336,0.9271082,0.8248418,0.52337116,0.52337116,0.7584404150644938
HG_BraTS20_Training_338,0.8911592,0.80236375,0.45538902,0.45538902,0.7163039843241373
HG_BraTS20_Training_344,0.7729217,0.5260414,0.27803224,0.27803224,0.5256651242574056
HG_BraTS20_Training_352,0.80432504,0.39625305,0.44158822,0.44158822,0.5473887920379639
LG_BraTS20_Training_262,0.78102654,0.2470737,5.8889346e-13,5.8889346e-13,0.3427000840504964
LG_BraTS20_Training_275,0.6506268,0.21516351,1.0108157e-12,1.0108157e-12,0.28859676917394
LG_BraTS20_Training_278,0.8332406,0.5941585,5.1258395e-13,5.1258395e-13,0.4757997194925944
LG_BraTS20_Training_283,0.80750847,0.41665193,0.34123677,0.34123677,0.5217990875244141
LG_BraTS20_Training_291,0.92595196,0.6969881,0.008143049,0.008143049,0.5436943769454956
LG_BraTS20_Training_292,0.8824455,0.7110391,0.23856772,0.23856772,0.6106841166814169
LG_BraTS20_Training_294,0.89754015,0.6964177,7.199424e-13,7.199424e-13,0.5313193003336588
LG_BraTS20_Training_297,0.73192424,0.6383155,1.1926058e-12,1.1926058e-12,0.45674657821655273
LG_BraTS20_Training_310,0.8481285,0.64427745,4.8137097e-13,4.8137097e-13,0.49746863047281903
LG_BraTS20_Training_324,0.7398091,0.42051306,5.0720224e-13,5.0720224e-13,0.38677406311035156
t1t2
HG_BraTS20_Training_010,0.59775305,0.33193973,0.12647629,0.12647629,0.352056344350179
HG_BraTS20_Training_012,0.75853795,0.5047549,0.3210644,0.3210644,0.5281190872192383
HG_BraTS20_Training_020,0.852162,0.73855364,0.33172473,0.33172473,0.6408134698867798
HG_BraTS20_Training_070,0.7260153,0.63433933,0.25907996,0.25907996,0.5398115317026774
HG_BraTS20_Training_089,0.7938488,0.35318226,0.31687632,0.31687632,0.4879691203435262
HG_BraTS20_Training_119,0.5713705,0.57905084,0.19164354,0.19164354,0.4473549524943034
HG_BraTS20_Training_124,0.89180857,0.7107235,0.37773785,0.37773785,0.6600900093714396
HG_BraTS20_Training_128,0.6889703,0.11200785,0.10807908,0.10807908,0.30301908651987713
HG_BraTS20_Training_134,0.8036525,0.7491626,0.42404208,0.42404208,0.6589524348576864
HG_BraTS20_Training_140,0.9058211,0.7823882,0.26061705,0.26061705,0.6496087710062662
HG_BraTS20_Training_150,0.8666766,0.70574564,0.598942,0.598942,0.7237881024678549
HG_BraTS20_Training_180,0.6661182,0.42347234,0.30478513,0.30478513,0.4647918939590454
HG_BraTS20_Training_188,0.69953483,0.5850742,0.45981687,0.45981687,0.5814753373463949
HG_BraTS20_Training_191,0.908273,0.55518657,0.34924147,0.34924147,0.6042336622873942
HG_BraTS20_Training_201,0.8600388,0.76531714,0.6015728,0.6015728,0.7423095703125
HG_BraTS20_Training_211,0.78920645,0.83727443,0.61953074,0.61953074,0.74867049853007
HG_BraTS20_Training_212,0.8307249,0.7339251,0.36297876,0.36297876,0.6425429185231527
HG_BraTS20_Training_226,0.8308017,0.77268755,0.32384503,0.32384503,0.6424447695414225
HG_BraTS20_Training_232,0.7997381,0.5237986,0.37113237,0.37113237,0.564889669418335
HG_BraTS20_Training_241,0.81631184,0.5859945,0.49480838,0.49480838,0.6323715845743815
HG_BraTS20_Training_245,0.8791017,0.77874017,0.56899107,0.56899107,0.7422776222229004
HG_BraTS20_Training_246,0.800453,0.6948958,0.48026678,0.48026678,0.6585385402043661
HG_BraTS20_Training_336,0.88815886,0.8171742,0.5424119,0.5424119,0.7492483456929525
HG_BraTS20_Training_338,0.9019851,0.74928844,0.46529278,0.46529278,0.7055220603942871
HG_BraTS20_Training_344,0.8375548,0.56018233,0.30594698,0.30594698,0.567894697189331
HG_BraTS20_Training_352,0.840868,0.41837725,0.55455476,0.55455476,0.6046000321706136
LG_BraTS20_Training_262,0.7445539,0.25814798,4.76599e-13,4.76599e-13,0.33423395951588947
LG_BraTS20_Training_275,0.6630335,0.27197227,1.2026458e-12,1.2026458e-12,0.311668594678243
LG_BraTS20_Training_278,0.8406612,0.5482069,4.1225213e-13,4.1225213e-13,0.4629560311635335
LG_BraTS20_Training_283,0.8139124,0.32973412,0.36683512,0.36683512,0.503493865331014
LG_BraTS20_Training_291,0.9117942,0.6789963,0.0063600014,0.0063600014,0.5323835213979086
LG_BraTS20_Training_292,0.8692961,0.7576966,0.22597119,0.22597119,0.6176546414693197
LG_BraTS20_Training_294,0.85112995,0.67826456,5.2167564e-13,5.2167564e-13,0.5097981691360474
LG_BraTS20_Training_297,0.6553614,0.50974977,4.271314e-13,4.271314e-13,0.3883703947067261
LG_BraTS20_Training_310,0.7518342,0.657643,2.6796002e-13,2.6796002e-13,0.46982574462890625
LG_BraTS20_Training_324,0.8223158,0.4157371,5.8709564e-13,5.8709564e-13,0.41268428166707355
flairt1
HG_BraTS20_Training_010,0.7289025,0.49012673,0.16806443,0.16806443,0.4623645544052124
HG_BraTS20_Training_012,0.74305916,0.7009193,0.40360278,0.40360278,0.615860382715861
HG_BraTS20_Training_020,0.8694289,0.7450943,0.32671738,0.32671738,0.6470801830291748
HG_BraTS20_Training_070,0.86054486,0.6683587,0.21994591,0.21994591,0.5829497973124186
HG_BraTS20_Training_089,0.819186,0.33062887,0.29503137,0.29503137,0.4816153844197591
HG_BraTS20_Training_119,0.67651796,0.602082,0.25852627,0.25852627,0.5123754342397054
HG_BraTS20_Training_124,0.91152775,0.7262601,0.4152518,0.4152518,0.6843465169270834
HG_BraTS20_Training_128,0.77186203,0.15159142,0.14802006,0.14802006,0.357157826423645
HG_BraTS20_Training_134,0.75654334,0.58375,0.30314544,0.30314544,0.5478129386901855
HG_BraTS20_Training_140,0.9315607,0.85344446,0.4438579,0.4438579,0.7429543336232504
HG_BraTS20_Training_150,0.8740568,0.55113846,0.40797296,0.40797296,0.6110560496648153
HG_BraTS20_Training_180,0.7260937,0.6345949,0.56138533,0.56138533,0.64069135983785
HG_BraTS20_Training_188,0.71899456,0.47717464,0.35898706,0.35898706,0.5183854103088379
HG_BraTS20_Training_191,0.9097389,0.60066754,0.44410172,0.44410172,0.6515027284622192
HG_BraTS20_Training_201,0.8909743,0.7058394,0.6304699,0.6304699,0.7424278259277344
HG_BraTS20_Training_211,0.8190617,0.71727675,0.49902833,0.49902833,0.6784555912017822
HG_BraTS20_Training_212,0.6436087,0.38614944,0.1992099,0.1992099,0.40965600808461505
HG_BraTS20_Training_226,0.8570329,0.78436494,0.45852092,0.45852092,0.699972947438558
HG_BraTS20_Training_232,0.8713084,0.3794276,0.27850473,0.27850473,0.5097469091415405
HG_BraTS20_Training_241,0.8599215,0.58413154,0.28977934,0.28977934,0.5779441197713217
HG_BraTS20_Training_245,0.8887281,0.7634107,0.56180197,0.56180197,0.7379802068074545
HG_BraTS20_Training_246,0.8457612,0.5515144,0.40155396,0.40155396,0.5996098518371582
HG_BraTS20_Training_336,0.91277945,0.81851226,0.52427113,0.52427113,0.7518542607625326
HG_BraTS20_Training_338,0.85216993,0.71488976,0.46617955,0.46617955,0.6777464548746744
HG_BraTS20_Training_344,0.8524365,0.6415448,0.40949765,0.40949765,0.6344929933547974
HG_BraTS20_Training_352,0.5847277,0.32395187,0.36761102,0.36761102,0.4254302183787028
LG_BraTS20_Training_262,0.7716948,0.36846736,6.0775495e-13,6.0775495e-13,0.3800540367762248
LG_BraTS20_Training_275,0.6313267,0.24477585,8.804367e-13,8.804367e-13,0.2920341690381368
LG_BraTS20_Training_278,0.8241516,0.5028272,6.0547346e-13,6.0547346e-13,0.44232626756032306
LG_BraTS20_Training_283,0.8500557,0.42447245,0.44439915,0.44439915,0.572975754737854
LG_BraTS20_Training_291,0.90296024,0.69731814,0.003158726,0.003158726,0.534479022026062
LG_BraTS20_Training_292,0.8402989,0.7707495,0.21733822,0.21733822,0.6094622214635214
LG_BraTS20_Training_294,0.8867701,0.73249173,4.699248e-13,4.699248e-13,0.5397539536158243
LG_BraTS20_Training_297,0.6120491,0.5339899,2.0374898e-12,2.0374898e-12,0.3820130030314128
LG_BraTS20_Training_310,0.9014736,0.7356295,3.1998975e-13,3.1998975e-13,0.5457010269165039
LG_BraTS20_Training_324,0.7566491,0.47176656,1.2020675e-12,1.2020675e-12,0.40947186946868896
t1cet1
HG_BraTS20_Training_010,0.45356533,0.7137709,0.79304326,0.79304326,0.6534598271052042
HG_BraTS20_Training_012,0.5186451,0.7089947,0.6332787,0.6332787,0.6203061739603678
HG_BraTS20_Training_020,0.78524107,0.69706315,0.5687599,0.5687599,0.6836880048116049
HG_BraTS20_Training_070,0.6561898,0.73460877,0.52492905,0.52492905,0.6385758717854818
HG_BraTS20_Training_089,0.76251507,0.66064155,0.8672431,0.8672431,0.7634665966033936
HG_BraTS20_Training_119,0.46075195,0.76744187,0.5960183,0.5960183,0.6080706914265951
HG_BraTS20_Training_124,0.82072103,0.83058923,0.7481541,0.7481541,0.7998214562733968
HG_BraTS20_Training_128,0.031582575,0.007973733,0.0105919,0.0105919,0.016716070473194122
HG_BraTS20_Training_134,0.7012608,0.6728079,0.60092777,0.60092777,0.6583321889241537
HG_BraTS20_Training_140,0.8505976,0.89309746,0.80839074,0.80839074,0.8506952921549479
HG_BraTS20_Training_150,0.7920623,0.88415253,0.8872821,0.8872821,0.8544989426930746
HG_BraTS20_Training_180,0.6701604,0.7298332,0.79900306,0.79900306,0.7329989274342855
HG_BraTS20_Training_188,0.5046292,0.74735665,0.6870637,0.6870637,0.646349827448527
HG_BraTS20_Training_191,0.6776573,0.65469,0.6488273,0.6488273,0.6603915691375732
HG_BraTS20_Training_201,0.7312527,0.8346649,0.7875597,0.7875597,0.7844924132029215
HG_BraTS20_Training_211,0.7382369,0.910663,0.8280211,0.8280211,0.8256403605143229
HG_BraTS20_Training_212,0.58547693,0.5470745,0.5654298,0.5654298,0.5659937461217245
HG_BraTS20_Training_226,0.69638836,0.8922972,0.861137,0.861137,0.8166074752807617
HG_BraTS20_Training_232,0.59306955,0.6231514,0.6541896,0.6541896,0.6234701871871948
HG_BraTS20_Training_241,0.60493505,0.6191164,0.6358815,0.6358815,0.6199776331583658
HG_BraTS20_Training_245,0.7533842,0.6635556,0.6553407,0.6553407,0.6907601356506348
HG_BraTS20_Training_246,0.7091961,0.6411651,0.7785741,0.7785741,0.7096451123555502
HG_BraTS20_Training_336,0.78104615,0.8376953,0.75622815,0.75622815,0.7916565736134847
HG_BraTS20_Training_338,0.80298716,0.87536925,0.87119883,0.87119883,0.8498517672220866
HG_BraTS20_Training_344,0.8038905,0.7649804,0.6300123,0.6300123,0.7329610188802084
HG_BraTS20_Training_352,0.6710747,0.558359,0.694026,0.694026,0.6411532560984293
LG_BraTS20_Training_262,0.68948895,0.53646064,3.1575623e-12,3.1575623e-12,0.40864984194437665
LG_BraTS20_Training_275,0.24353488,0.03252351,2.1258503e-12,2.1258503e-12,0.09201945861180623
LG_BraTS20_Training_278,0.21900892,2.9049923e-05,1.6241676e-12,1.6241676e-12,0.07301265994707744
LG_BraTS20_Training_283,0.38825858,0.5110773,0.55778193,0.55778193,0.4857059319814046
LG_BraTS20_Training_291,0.66597944,0.59746355,0.03881378,0.03881378,0.4340856075286865
LG_BraTS20_Training_292,0.81175244,0.74148655,0.48947367,0.48947367,0.680904229482015
LG_BraTS20_Training_294,0.7085885,0.43402633,3.892565e-12,3.892565e-12,0.38087161382039386
LG_BraTS20_Training_297,0.27701846,0.4425586,5.534034e-12,5.534034e-12,0.23985902468363443
LG_BraTS20_Training_310,0.6534992,0.36493626,1.040691e-12,1.040691e-12,0.3394784927368164
LG_BraTS20_Training_324,0.5793961,0.084774315,1.252505e-12,1.252505e-12,0.2213901480038961
t1cet2
HG_BraTS20_Training_010,0.640658,0.68889904,0.7759445,0.7759445,0.7018338839213053
HG_BraTS20_Training_012,0.75444746,0.69475806,0.63170457,0.63170457,0.6936367352803549
HG_BraTS20_Training_020,0.8445703,0.77815366,0.5550676,0.5550676,0.7259305318196615
HG_BraTS20_Training_070,0.74801373,0.8049727,0.5755788,0.5755788,0.7095217704772949
HG_BraTS20_Training_089,0.8096586,0.5269694,0.8158482,0.8158482,0.7174920241038004
HG_BraTS20_Training_119,0.6473258,0.78365433,0.6798882,0.6798882,0.7036228179931641
HG_BraTS20_Training_124,0.8804302,0.8221829,0.7554657,0.7554657,0.8193596204121908
HG_BraTS20_Training_128,0.7309396,0.18163237,0.20534886,0.20534886,0.37264029184977215
HG_BraTS20_Training_134,0.793702,0.7796094,0.64252144,0.64252144,0.7386109034220377
HG_BraTS20_Training_140,0.89975774,0.87878084,0.8132064,0.8132064,0.863914966583252
HG_BraTS20_Training_150,0.8821893,0.8920343,0.89256215,0.89256215,0.8889285723368326
HG_BraTS20_Training_180,0.6759058,0.7115395,0.7736722,0.7736722,0.7203725179036459
HG_BraTS20_Training_188,0.67688304,0.6987046,0.62830484,0.62830484,0.6679641405741373
HG_BraTS20_Training_191,0.86332047,0.7466568,0.75000525,0.75000525,0.7866608301798502
HG_BraTS20_Training_201,0.79615176,0.7747459,0.7702957,0.7702957,0.7803977330525717
HG_BraTS20_Training_211,0.81352556,0.90626806,0.82481927,0.82481927,0.8482042948404948
HG_BraTS20_Training_212,0.7971759,0.7604741,0.6046712,0.6046712,0.7207736968994141
HG_BraTS20_Training_226,0.8060667,0.87961745,0.84784544,0.84784544,0.8445099194844564
HG_BraTS20_Training_232,0.7319385,0.7896173,0.7068796,0.7068796,0.7428118387858073
HG_BraTS20_Training_241,0.79941905,0.59273684,0.656797,0.656797,0.6829842726389567
HG_BraTS20_Training_245,0.82564807,0.73750794,0.67566246,0.67566246,0.7462728023529053
HG_BraTS20_Training_246,0.80757624,0.71903294,0.78665304,0.78665304,0.7710874080657959
HG_BraTS20_Training_336,0.8974585,0.9121083,0.83487356,0.83487356,0.8814800580342611
HG_BraTS20_Training_338,0.90381604,0.93305314,0.88353753,0.88353753,0.906802256902059
HG_BraTS20_Training_344,0.83943135,0.6450418,0.6351085,0.6351085,0.7065272331237793
HG_BraTS20_Training_352,0.86297625,0.62724584,0.8553042,0.8553042,0.7818420728047689
LG_BraTS20_Training_262,0.8128849,0.33816332,1.3054831e-12,1.3054831e-12,0.3836827278137207
LG_BraTS20_Training_275,0.6738079,0.19509383,3.0129558e-12,3.0129558e-12,0.28963390986124676
LG_BraTS20_Training_278,0.79405046,0.18106645,1.7869907e-12,1.7869907e-12,0.32503896951675415
LG_BraTS20_Training_283,0.8370878,0.63530284,0.7836497,0.7836497,0.7520134449005127
LG_BraTS20_Training_291,0.89497864,0.7270482,0.016968327,0.016968327,0.5463317632675171
LG_BraTS20_Training_292,0.87904584,0.78490406,0.50289506,0.50289506,0.7222816944122314
LG_BraTS20_Training_294,0.8674501,0.5755711,1.8832392e-12,1.8832392e-12,0.48100709915161133
LG_BraTS20_Training_297,0.5810566,0.4522582,6.865774e-13,6.865774e-13,0.34443827470143634
LG_BraTS20_Training_310,0.67826325,0.42931354,3.277614e-13,3.277614e-13,0.36919228235880536
LG_BraTS20_Training_324,0.76195866,0.1549795,1.1659088e-12,1.1659088e-12,0.30564606189727783
flair
HG_BraTS20_Training_010,0.7304454,0.24443424,0.19627187,0.19627187,0.39038383960723877
HG_BraTS20_Training_012,0.72836953,0.6805725,0.4275701,0.4275701,0.6121706962585449
HG_BraTS20_Training_020,0.87040174,0.74288344,0.31792408,0.31792408,0.6437364419301351
HG_BraTS20_Training_070,0.7933587,0.47276562,0.14729328,0.14729328,0.47113919258117676
HG_BraTS20_Training_089,0.80746704,0.32662785,0.19987693,0.19987693,0.44465728600819904
HG_BraTS20_Training_119,0.55093837,0.36488417,0.18954453,0.18954453,0.3684556881586711
HG_BraTS20_Training_124,0.9129669,0.7284694,0.36799657,0.36799657,0.669810930887858
HG_BraTS20_Training_128,0.66630447,0.08286546,0.04739997,0.04739997,0.2655233144760132
HG_BraTS20_Training_134,0.6335129,0.29233938,0.22262214,0.22262214,0.3828248182932536
HG_BraTS20_Training_140,0.9379344,0.8537103,0.5720026,0.5720026,0.787882407506307
HG_BraTS20_Training_150,0.83941454,0.57816297,0.23757392,0.23757392,0.5517171223958334
HG_BraTS20_Training_180,0.7303295,0.7527595,0.575072,0.575072,0.6860536734263102
HG_BraTS20_Training_188,0.7183151,0.39404202,0.16421205,0.16421205,0.425523042678833
HG_BraTS20_Training_191,0.91629535,0.6371281,0.43691012,0.43691012,0.6634445190429688
HG_BraTS20_Training_201,0.9031709,0.748204,0.4367017,0.4367017,0.696025530497233
HG_BraTS20_Training_211,0.8172555,0.70677054,0.30509284,0.30509284,0.6097062826156616
HG_BraTS20_Training_212,0.62477255,0.31232888,0.08002011,0.08002011,0.33904051780700684
HG_BraTS20_Training_226,0.83897924,0.6573284,0.47212532,0.47212532,0.6561443010965983
HG_BraTS20_Training_232,0.816227,0.3319259,0.24175473,0.24175473,0.46330257256825763
HG_BraTS20_Training_241,0.8479768,0.43189582,0.22893025,0.22893025,0.5029342969258627
HG_BraTS20_Training_245,0.87350553,0.77542275,0.5619395,0.5619395,0.7369559605916342
HG_BraTS20_Training_246,0.82900614,0.542537,0.39559183,0.39559183,0.58904500802358
HG_BraTS20_Training_336,0.9201516,0.8205891,0.5055675,0.5055675,0.7487694422403971
HG_BraTS20_Training_338,0.84796625,0.7237839,0.4836194,0.4836194,0.6851232051849365
HG_BraTS20_Training_344,0.7501202,0.51789975,0.3588162,0.3588162,0.5422786871592203
HG_BraTS20_Training_352,0.39852032,0.13002944,0.10507104,0.10507104,0.2112069527308146
LG_BraTS20_Training_262,0.76956075,0.21790624,5.102301e-13,5.102301e-13,0.32915566364924115
LG_BraTS20_Training_275,0.5745897,0.29469907,8.309789e-13,8.309789e-13,0.2897629340489705
LG_BraTS20_Training_278,0.7049715,0.3300965,3.555429e-13,3.555429e-13,0.34502267837524414
LG_BraTS20_Training_283,0.8676804,0.53260833,0.34780285,0.34780285,0.5826971928278605
LG_BraTS20_Training_291,0.90870804,0.69880766,0.0015318898,0.0015318898,0.5363491773605347
LG_BraTS20_Training_292,0.7910817,0.53478384,0.1623755,0.1623755,0.49608031908671063
LG_BraTS20_Training_294,0.87797135,0.63719624,5.63412e-13,5.63412e-13,0.5050558646519979
LG_BraTS20_Training_297,0.5169599,0.1800341,9.936407e-13,9.936407e-13,0.23233133554458618
LG_BraTS20_Training_310,0.875976,0.66991156,2.4523027e-13,2.4523027e-13,0.5152958631515503
LG_BraTS20_Training_324,0.6150744,0.35661414,3.9969623e-13,3.9969623e-13,0.3238961696624756
t1
HG_BraTS20_Training_010,0.53222,0.48858157,0.16478138,0.16478138,0.39519429206848145
HG_BraTS20_Training_012,0.5606203,0.62885433,0.4749806,0.4749806,0.5548183917999268
HG_BraTS20_Training_020,0.8110967,0.5904961,0.21151628,0.21151628,0.5377030372619629
HG_BraTS20_Training_070,0.7371372,0.6651864,0.23926723,0.23926723,0.5471969445546468
HG_BraTS20_Training_089,0.7716952,0.36923024,0.39499733,0.39499733,0.5119742552439371
HG_BraTS20_Training_119,0.50055844,0.7127504,0.3127136,0.3127136,0.508674144744873
HG_BraTS20_Training_124,0.81977415,0.54235685,0.25478134,0.25478134,0.5389707883199056
HG_BraTS20_Training_128,0.01384351,7.1890727e-12,7.836991e-12,7.836991e-12,0.004614503433307012
HG_BraTS20_Training_134,0.5572055,0.499966,0.17872277,0.17872277,0.41196473439534503
HG_BraTS20_Training_140,0.85761625,0.7927149,0.25051197,0.25051197,0.6336143811543783
HG_BraTS20_Training_150,0.7375612,0.16505264,0.1464813,0.1464813,0.34969838460286456
HG_BraTS20_Training_180,0.58935523,0.22532003,0.14018805,0.14018805,0.31828776995340985
HG_BraTS20_Training_188,0.53640395,0.6194781,0.51065487,0.51065487,0.5555123488108317
HG_BraTS20_Training_191,0.7124022,0.35341525,0.24462739,0.24462739,0.43681494394938153
HG_BraTS20_Training_201,0.6804688,0.32168522,0.30397865,0.30397865,0.435377558072408
HG_BraTS20_Training_211,0.702089,0.7351543,0.52143455,0.52143455,0.6528925895690918
HG_BraTS20_Training_212,0.63844174,0.47213802,0.29677343,0.29677343,0.4691177209218343
HG_BraTS20_Training_226,0.75162244,0.6462309,0.2347105,0.2347105,0.5441879431406657
HG_BraTS20_Training_232,0.64072216,0.3766975,0.27328348,0.27328348,0.4302343924840291
HG_BraTS20_Training_241,0.7223342,0.5229131,0.20564274,0.20564274,0.4836300214131673
HG_BraTS20_Training_245,0.75495255,0.52198124,0.38445017,0.38445017,0.5537946621576945
HG_BraTS20_Training_246,0.7687481,0.5475264,0.33657825,0.33657825,0.5509509245554606
HG_BraTS20_Training_336,0.75503546,0.74755776,0.4768785,0.4768785,0.6598239342371622
HG_BraTS20_Training_338,0.724957,0.4636981,0.25507963,0.25507963,0.48124492168426514
HG_BraTS20_Training_344,0.7818934,0.58054614,0.34371707,0.34371707,0.5687188704808553
HG_BraTS20_Training_352,0.6286927,0.23159651,0.29382595,0.29382595,0.3847050666809082
LG_BraTS20_Training_262,0.59663445,0.6171646,2.078138e-12,2.078138e-12,0.404599666595459
LG_BraTS20_Training_275,0.2727245,0.1134138,3.8022814e-12,3.8022814e-12,0.12871277332305908
LG_BraTS20_Training_278,0.60920984,0.37793976,8.874689e-13,8.874689e-13,0.32904986540476483
LG_BraTS20_Training_283,0.029615713,5.786702e-13,6.6688896e-13,6.6688896e-13,0.009871904427806536
LG_BraTS20_Training_291,0.7459051,0.6924967,0.0067692907,0.0067692907,0.48172370592753094
LG_BraTS20_Training_292,0.78216183,0.78933823,0.20830688,0.20830688,0.5932689905166626
LG_BraTS20_Training_294,0.70872295,0.608008,4.286878e-13,4.286878e-13,0.4389103253682454
LG_BraTS20_Training_297,0.20816441,0.3990359,1.8800525e-12,1.8800525e-12,0.20240010817845663
LG_BraTS20_Training_310,0.7757986,0.6423062,4.8440223e-13,4.8440223e-13,0.472701629002889
LG_BraTS20_Training_324,0.6041585,0.27344728,9.0867786e-13,9.0867786e-13,0.2925352652867635
t1c
HG_BraTS20_Training_010,0.43514577,0.69151556,0.82881755,0.82881755,0.6518263022104899
HG_BraTS20_Training_012,0.53221965,0.6538228,0.60983765,0.60983765,0.5986266930898031
HG_BraTS20_Training_020,0.6675675,0.590215,0.5195273,0.5195273,0.5924365917841593
HG_BraTS20_Training_070,0.43950936,0.5428497,0.45840096,0.45840096,0.48025333881378174
HG_BraTS20_Training_089,0.62647533,0.60524726,0.83214253,0.83214253,0.6879550615946451
HG_BraTS20_Training_119,0.47359225,0.69186074,0.62554526,0.62554526,0.5969994068145752
HG_BraTS20_Training_124,0.7320953,0.73949283,0.68857694,0.68857694,0.7200550238291422
HG_BraTS20_Training_128,1.629859e-13,3.7409748e-13,1.0211375e-12,1.0211375e-12,5.194069639090822e-13
HG_BraTS20_Training_134,0.6543521,0.65301675,0.5630186,0.5630186,0.6234625180562338
HG_BraTS20_Training_140,0.8122455,0.82513636,0.7924528,0.7924528,0.8099448680877686
HG_BraTS20_Training_150,0.75980073,0.8745735,0.8822903,0.8822903,0.8388881683349609
HG_BraTS20_Training_180,0.6930813,0.799719,0.8037041,0.8037041,0.7655014197031657
HG_BraTS20_Training_188,0.4686881,0.7240211,0.68014044,0.68014044,0.624283234278361
HG_BraTS20_Training_191,0.5813365,0.60192364,0.5943606,0.5943606,0.5925402641296387
HG_BraTS20_Training_201,0.67657936,0.7872576,0.7683437,0.7683437,0.744060198465983
HG_BraTS20_Training_211,0.74313575,0.8941356,0.81486475,0.81486475,0.8173786799112955
HG_BraTS20_Training_212,0.4233048,0.45109612,0.47945768,0.47945768,0.4512861967086792
HG_BraTS20_Training_226,0.68654436,0.8676351,0.85697716,0.85697716,0.8037188847859701
HG_BraTS20_Training_232,0.5422125,0.6438824,0.61873734,0.61873734,0.6016107400258383
HG_BraTS20_Training_241,0.481052,0.51894647,0.5214723,0.5214723,0.5071569283803304
HG_BraTS20_Training_245,0.55358136,0.4985174,0.5369347,0.5369347,0.5296777884165446
HG_BraTS20_Training_246,0.59912723,0.58286196,0.7643076,0.7643076,0.6487656037012736
HG_BraTS20_Training_336,0.76553893,0.8594725,0.7705579,0.7705579,0.7985231081644694
HG_BraTS20_Training_338,0.81419414,0.9210047,0.8775659,0.8775659,0.8709216117858887
HG_BraTS20_Training_344,0.7486416,0.66993606,0.6231382,0.6231382,0.6805719534556071
HG_BraTS20_Training_352,0.6816936,0.6279977,0.782197,0.782197,0.697296142578125
LG_BraTS20_Training_262,0.7171451,0.41775075,3.0590393e-12,3.0590393e-12,0.3782986005147298
LG_BraTS20_Training_275,0.11325998,0.0056296657,1.8649758e-12,1.8649758e-12,0.03962988158067068
LG_BraTS20_Training_278,0.07946352,0.00023622977,1.0407993e-12,1.0407993e-12,0.026566582421461742
LG_BraTS20_Training_283,0.4285796,0.5940454,0.6442122,0.6442122,0.5556124051411947
LG_BraTS20_Training_291,0.5290996,0.52267975,2.9877502e-12,2.9877502e-12,0.35059309005737305
LG_BraTS20_Training_292,0.7490139,0.7394992,0.43436185,0.43436185,0.640958309173584
LG_BraTS20_Training_294,0.43605104,0.13623707,5.2548608e-12,5.2548608e-12,0.1907626986503601
LG_BraTS20_Training_297,0.04152576,0.047313128,7.593015e-12,7.593015e-12,0.029612963398297627
LG_BraTS20_Training_310,0.45192936,0.24828821,3.490036e-13,3.490036e-13,0.233405868212382
LG_BraTS20_Training_324,0.4709749,0.14029343,8.0958547e-13,8.0958547e-13,0.20375611384709677
t2
HG_BraTS20_Training_010,0.6529268,0.47421646,0.228027,0.228027,0.4517234166463216
HG_BraTS20_Training_012,0.732577,0.493215,0.29569972,0.29569972,0.507163921991984
HG_BraTS20_Training_020,0.8511918,0.73301333,0.34577405,0.34577405,0.6433264017105103
HG_BraTS20_Training_070,0.7514496,0.62627196,0.2419676,0.2419676,0.5398963689804077
HG_BraTS20_Training_089,0.7993424,0.37679923,0.30234492,0.30234492,0.4928288459777832
HG_BraTS20_Training_119,0.53775483,0.44903532,0.11750614,0.11750614,0.36809877554575604
HG_BraTS20_Training_124,0.88631785,0.69151205,0.33856446,0.33856446,0.6387980779012045
HG_BraTS20_Training_128,0.67273957,0.113374,0.113466986,0.113466986,0.2998601794242859
HG_BraTS20_Training_134,0.80407923,0.7203328,0.37030968,0.37030968,0.6315739154815674
HG_BraTS20_Training_140,0.8873515,0.7693823,0.3133612,0.3133612,0.6566983064015707
HG_BraTS20_Training_150,0.86905915,0.75366753,0.56533426,0.56533426,0.729353666305542
HG_BraTS20_Training_180,0.6247132,0.41069093,0.20660332,0.20660332,0.4140024582544963
HG_BraTS20_Training_188,0.6862972,0.6031268,0.44814205,0.44814205,0.5791886647542318
HG_BraTS20_Training_191,0.91185254,0.5998821,0.29377955,0.29377955,0.6018381118774414
HG_BraTS20_Training_201,0.83677286,0.7077744,0.50012547,0.50012547,0.6815575758616129
HG_BraTS20_Training_211,0.8093072,0.83082277,0.5994984,0.5994984,0.746542771657308
HG_BraTS20_Training_212,0.80838466,0.66666263,0.32218298,0.32218298,0.5990767876307169
HG_BraTS20_Training_226,0.8348997,0.78719205,0.3567065,0.3567065,0.6595994234085083
HG_BraTS20_Training_232,0.7505918,0.54158616,0.4155857,0.4155857,0.5692545572916666
HG_BraTS20_Training_241,0.8018779,0.47126096,0.40761617,0.40761617,0.5602516730626425
HG_BraTS20_Training_245,0.78169507,0.812405,0.5650898,0.5650898,0.7197299003601074
HG_BraTS20_Training_246,0.8068644,0.7137572,0.47644645,0.47644645,0.6656893094380697
HG_BraTS20_Training_336,0.90687424,0.7760608,0.49728274,0.49728274,0.726739247639974
HG_BraTS20_Training_338,0.89339423,0.7385238,0.41959205,0.41959205,0.6838366985321045
HG_BraTS20_Training_344,0.7677993,0.6176758,0.2995144,0.2995144,0.5616631905237833
HG_BraTS20_Training_352,0.84449154,0.43513522,0.43899465,0.43899465,0.5728737910588583
LG_BraTS20_Training_262,0.7569842,0.22088213,4.697482e-13,4.697482e-13,0.32595543066660565
LG_BraTS20_Training_275,0.6497784,0.2574023,1.4654162e-12,1.4654162e-12,0.3023935755093892
LG_BraTS20_Training_278,0.825965,0.59286046,4.9127976e-13,4.9127976e-13,0.472941795984904
LG_BraTS20_Training_283,0.73937,0.31310847,0.26634467,0.26634467,0.4396076997121175
LG_BraTS20_Training_291,0.9007006,0.66187954,0.006644741,0.006644741,0.5230749448140463
LG_BraTS20_Training_292,0.8773231,0.56060225,0.20118812,0.20118812,0.5463711420694987
LG_BraTS20_Training_294,0.83810055,0.58947814,8.4976205e-13,8.4976205e-13,0.4758595625559489
LG_BraTS20_Training_297,0.5612993,0.3500802,3.3863868e-13,3.3863868e-13,0.30379317204157513
LG_BraTS20_Training_310,0.71566063,0.56748265,3.7585505e-13,3.7585505e-13,0.42771442731221515
LG_BraTS20_Training_324,0.71281296,0.34270364,4.7508194e-13,4.7508194e-13,0.3518388668696086
WT Dice,TC Dice,ET Dice,ETPro Dice,WT HD95,TC HD95,ET HD95ETPro HD95
flairt1cet1t2
HG_BraTS20_Training_010,0.78606564,0.67600477,0.8229361,0.8229361,0.761668841044108
HG_BraTS20_Training_012,0.83145356,0.76085794,0.6688492,0.6688492,0.753720204035441
HG_BraTS20_Training_020,0.88310176,0.8149557,0.5983053,0.5983053,0.7654542128245035
HG_BraTS20_Training_070,0.8856902,0.8180066,0.618413,0.618413,0.7740365664164225
HG_BraTS20_Training_089,0.8171055,0.52728087,0.81787056,0.81787056,0.7207523187001547
HG_BraTS20_Training_119,0.7001509,0.8245933,0.6972459,0.6972459,0.7406633694966634
HG_BraTS20_Training_124,0.92570126,0.871093,0.80362797,0.80362797,0.8668073813120524
HG_BraTS20_Training_128,0.8470798,0.20339741,0.258384,0.258384,0.43628708521525067
HG_BraTS20_Training_134,0.86156285,0.8594806,0.6966506,0.6966506,0.8058980305989584
HG_BraTS20_Training_140,0.9452302,0.9020815,0.83396226,0.83396226,0.8937579790751139
HG_BraTS20_Training_150,0.93651676,0.91257584,0.9147145,0.9147145,0.9212690194447836
HG_BraTS20_Training_180,0.7071528,0.7360198,0.8178942,0.8178942,0.7536889712015787
HG_BraTS20_Training_188,0.7621424,0.6675504,0.6169357,0.6169357,0.6822094917297363
HG_BraTS20_Training_191,0.90749973,0.7975346,0.72185624,0.72185624,0.8089634577433268
HG_BraTS20_Training_201,0.8779055,0.926563,0.8318067,0.8318067,0.878758430480957
HG_BraTS20_Training_211,0.87964547,0.9156407,0.8364456,0.8364456,0.8772439161936442
HG_BraTS20_Training_212,0.83683527,0.7388164,0.60482055,0.60482055,0.7268240451812744
HG_BraTS20_Training_226,0.901932,0.8992657,0.85128826,0.85128826,0.8841620286305746
HG_BraTS20_Training_232,0.8197272,0.7346778,0.5946754,0.5946754,0.7163600921630859
HG_BraTS20_Training_241,0.83394754,0.7478557,0.7409606,0.7409606,0.7742546399434408
HG_BraTS20_Training_245,0.8623319,0.8204461,0.73497945,0.73497945,0.8059191703796387
HG_BraTS20_Training_246,0.8351237,0.6932834,0.7506105,0.7506105,0.759672482808431
HG_BraTS20_Training_336,0.95158416,0.946683,0.86699307,0.86699307,0.9217534065246582
HG_BraTS20_Training_338,0.93736464,0.93180895,0.90149397,0.90149397,0.923555850982666
HG_BraTS20_Training_344,0.8884051,0.71691746,0.6156808,0.6156808,0.7403345108032227
HG_BraTS20_Training_352,0.93169093,0.55813396,0.87660396,0.87660396,0.788809617360433
LG_BraTS20_Training_262,0.8624399,0.36868903,1.42572e-12,1.42572e-12,0.41037631034851074
LG_BraTS20_Training_275,0.7293135,0.24109457,2.6441037e-12,2.6441037e-12,0.3234693606694539
LG_BraTS20_Training_278,0.7948065,0.3316616,1.7088174e-12,1.7088174e-12,0.37548935413360596
LG_BraTS20_Training_283,0.9290023,0.6028483,0.717207,0.717207,0.7496858437856039
LG_BraTS20_Training_291,0.9219807,0.7234117,0.016075877,0.016075877,0.5538227558135986
LG_BraTS20_Training_292,0.9243377,0.83507377,0.49178997,0.49178997,0.7504004637400309
LG_BraTS20_Training_294,0.92177117,0.7115408,1.6334531e-12,1.6334531e-12,0.5444373289744059
LG_BraTS20_Training_297,0.697562,0.61506766,2.3386343e-12,2.3386343e-12,0.43754323323567706
LG_BraTS20_Training_310,0.8768769,0.65498996,6.99154e-13,6.99154e-13,0.5106222629547119
LG_BraTS20_Training_324,0.90079796,0.3021448,3.3932813e-12,3.3932813e-12,0.4009809096654256
t1cet1t2
HG_BraTS20_Training_010,0.6556051,0.65137094,0.7992319,0.7992319,0.7020692825317383
HG_BraTS20_Training_012,0.82147187,0.8029675,0.7502348,0.7502348,0.791558027267456
HG_BraTS20_Training_020,0.8628477,0.79937166,0.58855665,0.58855665,0.7502586046854655
HG_BraTS20_Training_070,0.73414254,0.80889404,0.6216661,0.6216661,0.7215675512949625
HG_BraTS20_Training_089,0.8068015,0.5865031,0.8447817,0.8447817,0.746028741200765
HG_BraTS20_Training_119,0.6981284,0.8396828,0.72773063,0.72773063,0.7551806767781576
HG_BraTS20_Training_124,0.90569836,0.87173104,0.8035929,0.8035929,0.8603407541910807
HG_BraTS20_Training_128,0.81014836,0.21930453,0.2580578,0.2580578,0.42917025089263916
HG_BraTS20_Training_134,0.8555735,0.8569291,0.6974008,0.6974008,0.8033011754353842
HG_BraTS20_Training_140,0.93237364,0.9086177,0.83713126,0.83713126,0.8927075068155924
HG_BraTS20_Training_150,0.891599,0.9180105,0.9119205,0.9119205,0.907176653544108
HG_BraTS20_Training_180,0.68429714,0.729732,0.8201929,0.8201929,0.7447406450907389
HG_BraTS20_Training_188,0.7036163,0.7200538,0.6513449,0.6513449,0.6916716893513998
HG_BraTS20_Training_191,0.88523793,0.7590896,0.74593717,0.74593717,0.7967549165089926
HG_BraTS20_Training_201,0.8608631,0.92724395,0.8324508,0.8324508,0.8735192616780599
HG_BraTS20_Training_211,0.82275486,0.9244581,0.8356292,0.8356292,0.8609473705291748
HG_BraTS20_Training_212,0.8187632,0.7399119,0.64292306,0.64292306,0.7338660558064779
HG_BraTS20_Training_226,0.83790857,0.8795645,0.8439465,0.8439465,0.8538064956665039
HG_BraTS20_Training_232,0.770848,0.7647659,0.6492591,0.6492591,0.7282910346984863
HG_BraTS20_Training_241,0.82385856,0.7555779,0.7508073,0.7508073,0.7767479419708252
HG_BraTS20_Training_245,0.8790096,0.7934696,0.76566154,0.76566154,0.8127135435740153
HG_BraTS20_Training_246,0.79031163,0.7576214,0.8002879,0.8002879,0.7827403545379639
HG_BraTS20_Training_336,0.9104667,0.9110813,0.85398597,0.85398597,0.8918446699778239
HG_BraTS20_Training_338,0.9237721,0.94175565,0.9007337,0.9007337,0.9220871925354004
HG_BraTS20_Training_344,0.8585295,0.7012647,0.62742645,0.62742645,0.7290735244750977
HG_BraTS20_Training_352,0.90761125,0.75533646,0.87610435,0.87610435,0.8463506698608398
LG_BraTS20_Training_262,0.85642135,0.45916384,2.2099447e-12,2.2099447e-12,0.4385283788045247
LG_BraTS20_Training_275,0.62295544,0.22094241,2.5265285e-12,2.5265285e-12,0.28129927317301434
LG_BraTS20_Training_278,0.7647613,0.20909332,1.8653237e-12,1.8653237e-12,0.32461822032928467
LG_BraTS20_Training_283,0.8998376,0.6967429,0.7639431,0.7639431,0.7868412335713705
LG_BraTS20_Training_291,0.9059528,0.6868318,0.017346667,0.017346667,0.5367104212443033
LG_BraTS20_Training_292,0.90174806,0.7785514,0.54983,0.54983,0.7433764934539795
LG_BraTS20_Training_294,0.86950123,0.5581645,2.6462027e-12,2.6462027e-12,0.47588857014973956
LG_BraTS20_Training_297,0.7035032,0.53475934,1.1547344e-12,1.1547344e-12,0.4127541780471802
LG_BraTS20_Training_310,0.7460861,0.48524305,4.3455587e-13,4.3455587e-13,0.4104430675506592
LG_BraTS20_Training_324,0.77510244,0.11303146,4.1580042e-12,4.1580042e-12,0.2960446278254191
flairt1cet2
HG_BraTS20_Training_010,0.78328574,0.657609,0.8172825,0.8172825,0.7527257601420084
HG_BraTS20_Training_012,0.8264124,0.73630136,0.64922136,0.64922136,0.7373116811116537
HG_BraTS20_Training_020,0.8779785,0.81544363,0.59952617,0.59952617,0.7643160820007324
HG_BraTS20_Training_070,0.88481313,0.8145082,0.622127,0.622127,0.7738161087036133
HG_BraTS20_Training_089,0.8215833,0.5225681,0.8216459,0.8216459,0.7219324111938477
HG_BraTS20_Training_119,0.7533172,0.82215387,0.7133614,0.7133614,0.7629441420237223
HG_BraTS20_Training_124,0.9320155,0.8752174,0.8078253,0.8078253,0.871686061223348
HG_BraTS20_Training_128,0.849662,0.20378202,0.26569632,0.26569632,0.43971343835194904
HG_BraTS20_Training_134,0.868185,0.86541194,0.7010309,0.7010309,0.8115425904591879
HG_BraTS20_Training_140,0.94532543,0.89226884,0.84143466,0.84143466,0.8930096626281738
HG_BraTS20_Training_150,0.93506783,0.89126784,0.9094166,0.9094166,0.9119174480438232
HG_BraTS20_Training_180,0.6886531,0.7124893,0.8027843,0.8027843,0.7346421877543131
HG_BraTS20_Training_188,0.75491214,0.6548225,0.6205714,0.6205714,0.6767687002817789
HG_BraTS20_Training_191,0.9044963,0.8231433,0.73874205,0.73874205,0.8221272627512614
HG_BraTS20_Training_201,0.87855303,0.91433096,0.8250667,0.8250667,0.8726502259572347
HG_BraTS20_Training_211,0.88142604,0.91529185,0.8420613,0.8420613,0.8795930544535319
HG_BraTS20_Training_212,0.87464666,0.8024476,0.59945357,0.59945357,0.758849302927653
HG_BraTS20_Training_226,0.8932987,0.89670587,0.85884494,0.85884494,0.8829498291015625
HG_BraTS20_Training_232,0.8294334,0.7467655,0.6075512,0.6075512,0.7279167175292969
HG_BraTS20_Training_241,0.8391081,0.73579127,0.72945505,0.72945505,0.768118143081665
HG_BraTS20_Training_245,0.78671575,0.75127566,0.6452598,0.6452598,0.7277503808339437
HG_BraTS20_Training_246,0.8300442,0.6778134,0.7471011,0.7471011,0.7516528765360514
HG_BraTS20_Training_336,0.9518659,0.9449492,0.86875105,0.86875105,0.9218553702036539
HG_BraTS20_Training_338,0.9305688,0.9270609,0.9010261,0.9010261,0.9195520083109537
HG_BraTS20_Training_344,0.8835482,0.72087675,0.61551976,0.61551976,0.7399815718332926
HG_BraTS20_Training_352,0.9121659,0.54851276,0.87215483,0.87215483,0.7776110967000326
LG_BraTS20_Training_262,0.84918183,0.31314042,1.3542795e-12,1.3542795e-12,0.3874407609303792
LG_BraTS20_Training_275,0.7699028,0.2274594,3.3467203e-12,3.3467203e-12,0.3324540853500366
LG_BraTS20_Training_278,0.7991267,0.23574843,1.8608112e-12,1.8608112e-12,0.3449583848317464
LG_BraTS20_Training_283,0.9267002,0.6073079,0.73734504,0.73734504,0.7571176687876383
LG_BraTS20_Training_291,0.92528546,0.74123937,0.01780685,0.01780685,0.5614439249038696
LG_BraTS20_Training_292,0.91308683,0.8101169,0.48226833,0.48226833,0.735157330830892
LG_BraTS20_Training_294,0.91696,0.69541615,1.8234865e-12,1.8234865e-12,0.5374587376912435
LG_BraTS20_Training_297,0.71807593,0.6278873,2.2888534e-12,2.2888534e-12,0.4486544132232666
LG_BraTS20_Training_310,0.86105186,0.59075785,6.19195e-13,6.19195e-13,0.4839365482330322
LG_BraTS20_Training_324,0.9053633,0.2365553,2.3512815e-12,2.3512815e-12,0.38063955307006836
flairt1t2
HG_BraTS20_Training_010,0.7751984,0.5281505,0.19322248,0.19322248,0.49885714054107666
HG_BraTS20_Training_012,0.8243597,0.71022,0.3642735,0.3642735,0.6329511006673177
HG_BraTS20_Training_020,0.88287026,0.79177713,0.38607427,0.38607427,0.6869072119394938
HG_BraTS20_Training_070,0.8897018,0.6690835,0.23745085,0.23745085,0.5987453460693359
HG_BraTS20_Training_089,0.8298204,0.38615397,0.1851597,0.1851597,0.4670446713765462
HG_BraTS20_Training_119,0.68892926,0.75747645,0.36019054,0.36019054,0.6021987199783325
HG_BraTS20_Training_124,0.9263317,0.75356305,0.37445047,0.37445047,0.6847817103068033
HG_BraTS20_Training_128,0.8335818,0.15993679,0.10839328,0.10839328,0.3673039674758911
HG_BraTS20_Training_134,0.8640033,0.78294134,0.41360617,0.41360617,0.6868502298990885
HG_BraTS20_Training_140,0.9445333,0.85392237,0.262651,0.262651,0.6870355606079102
HG_BraTS20_Training_150,0.92712915,0.8012738,0.42455193,0.42455193,0.7176516056060791
HG_BraTS20_Training_180,0.6930155,0.51627016,0.34641355,0.34641355,0.5185664494832357
HG_BraTS20_Training_188,0.7711468,0.5700335,0.39643773,0.39643773,0.5792060295740763
HG_BraTS20_Training_191,0.91702735,0.5712197,0.22335161,0.22335161,0.5705328782399496
HG_BraTS20_Training_201,0.8861072,0.85181034,0.5500715,0.5500715,0.7626630465189616
HG_BraTS20_Training_211,0.86575556,0.8206255,0.5391147,0.5391147,0.7418319384256998
HG_BraTS20_Training_212,0.83695763,0.6951759,0.3081958,0.3081958,0.61344313621521
HG_BraTS20_Training_226,0.9156603,0.8506973,0.36062348,0.36062348,0.7089937527974447
HG_BraTS20_Training_232,0.85411465,0.5165258,0.30748913,0.30748913,0.5593765576680502
HG_BraTS20_Training_241,0.8418712,0.67323774,0.37508002,0.37508002,0.630062977472941
HG_BraTS20_Training_245,0.8694923,0.8575876,0.61666507,0.61666507,0.7812483310699463
HG_BraTS20_Training_246,0.8522258,0.59494793,0.39773807,0.39773807,0.6149706045786539
HG_BraTS20_Training_336,0.9516492,0.884897,0.608025,0.608025,0.8148570855458578
HG_BraTS20_Training_338,0.9265913,0.8114214,0.4609377,0.4609377,0.7329834302266439
HG_BraTS20_Training_344,0.8905514,0.6404163,0.32001543,0.32001543,0.6169943809509277
HG_BraTS20_Training_352,0.9172982,0.44036806,0.5639089,0.5639089,0.6405250231424967
LG_BraTS20_Training_262,0.8533439,0.30478743,7.2129255e-13,7.2129255e-13,0.3860437870025635
LG_BraTS20_Training_275,0.73539704,0.24801385,1.5292858e-12,1.5292858e-12,0.327803631623586
LG_BraTS20_Training_278,0.8141603,0.57246846,7.0631446e-13,7.0631446e-13,0.4622095823287964
LG_BraTS20_Training_283,0.9169328,0.33820853,0.27240142,0.27240142,0.5091809431711832
LG_BraTS20_Training_291,0.92975813,0.7092194,0.0077143107,0.0077143107,0.5488972663879395
LG_BraTS20_Training_292,0.9190603,0.8198776,0.21990104,0.21990104,0.6529463132222494
LG_BraTS20_Training_294,0.9221005,0.7559579,7.9327305e-13,7.9327305e-13,0.5593527952829996
LG_BraTS20_Training_297,0.76133525,0.75094545,1.3061651e-12,1.3061651e-12,0.5040935675303141
LG_BraTS20_Training_310,0.9099735,0.76894623,5.209961e-13,5.209961e-13,0.5596399307250977
LG_BraTS20_Training_324,0.9146798,0.4335463,1.406272e-12,1.406272e-12,0.44940869013468426
flairt1cet1
HG_BraTS20_Training_010,0.76540226,0.7225745,0.83292156,0.83292156,0.7736327648162842
HG_BraTS20_Training_012,0.8320077,0.74666417,0.65444595,0.65444595,0.7443726062774658
HG_BraTS20_Training_020,0.8885489,0.8049071,0.6117346,0.6117346,0.7683968544006348
HG_BraTS20_Training_070,0.9025782,0.8306141,0.6499859,0.6499859,0.7943927447001139
HG_BraTS20_Training_089,0.83297795,0.581588,0.8749968,0.8749968,0.763187567392985
HG_BraTS20_Training_119,0.6813386,0.82117814,0.7136748,0.7136748,0.7387305100758871
HG_BraTS20_Training_124,0.924171,0.88115287,0.8008467,0.8008467,0.8687235514322916
HG_BraTS20_Training_128,0.84727484,0.21583901,0.26140144,0.26140144,0.4415050745010376
HG_BraTS20_Training_134,0.84314996,0.8167161,0.69968766,0.69968766,0.7865179379781088
HG_BraTS20_Training_140,0.9354023,0.9031508,0.8374944,0.8374944,0.8920157750447592
HG_BraTS20_Training_150,0.9109976,0.91006595,0.91855496,0.91855496,0.9132061799367269
HG_BraTS20_Training_180,0.73923576,0.80642545,0.84790903,0.84790903,0.7978567282358805
HG_BraTS20_Training_188,0.7458942,0.6755078,0.62228966,0.62228966,0.6812305450439453
HG_BraTS20_Training_191,0.8944649,0.8091663,0.7556648,0.7556648,0.8197653293609619
HG_BraTS20_Training_201,0.88382506,0.91173,0.8389365,0.8389365,0.8781638940175375
HG_BraTS20_Training_211,0.8788426,0.9171772,0.84013134,0.84013134,0.8787170251210531
HG_BraTS20_Training_212,0.72544944,0.5697336,0.560614,0.560614,0.618599017461141
HG_BraTS20_Training_226,0.8835279,0.90324306,0.87757,0.87757,0.8881136576334635
HG_BraTS20_Training_232,0.8291624,0.73663044,0.61801916,0.61801916,0.7279373009999593
HG_BraTS20_Training_241,0.83294016,0.7684835,0.7335437,0.7335437,0.7783224582672119
HG_BraTS20_Training_245,0.85145265,0.7914593,0.75531095,0.75531095,0.7994076410929362
HG_BraTS20_Training_246,0.8446121,0.68046993,0.77599317,0.77599317,0.7670250733693441
HG_BraTS20_Training_336,0.9450888,0.9385451,0.8465477,0.8465477,0.9100605646769205
HG_BraTS20_Training_338,0.9120495,0.930358,0.9032035,0.9032035,0.9152036507924398
HG_BraTS20_Training_344,0.9034069,0.78462934,0.6382341,0.6382341,0.7754234472910563
HG_BraTS20_Training_352,0.9030473,0.6034666,0.86311865,0.86311865,0.7898774941762289
LG_BraTS20_Training_262,0.86419755,0.51998526,2.6378264e-12,2.6378264e-12,0.4613942702611287
LG_BraTS20_Training_275,0.70640695,0.14857753,4.2211902e-12,4.2211902e-12,0.28499482075373334
LG_BraTS20_Training_278,0.78157413,0.13539629,2.1982854e-12,2.1982854e-12,0.3056568106015523
LG_BraTS20_Training_283,0.9232137,0.69094,0.75584316,0.75584316,0.7899990081787109
LG_BraTS20_Training_291,0.8935079,0.6933204,0.02130971,0.02130971,0.5360459884007772
LG_BraTS20_Training_292,0.8974706,0.78796256,0.46712908,0.46712908,0.7175207138061523
LG_BraTS20_Training_294,0.84787166,0.5724664,1.9293846e-12,1.9293846e-12,0.4734460115432739
LG_BraTS20_Training_297,0.526872,0.43737382,6.7476385e-12,6.7476385e-12,0.3214152654012044
LG_BraTS20_Training_310,0.888657,0.61295724,8.4019494e-13,8.4019494e-13,0.5005380709966024
LG_BraTS20_Training_324,0.8810049,0.21147996,2.5006251e-12,2.5006251e-12,0.3641616503397624
flairt1ce
HG_BraTS20_Training_010,0.77609444,0.75998855,0.854697,0.854697,0.7969266573588053
HG_BraTS20_Training_012,0.8301759,0.7498394,0.64490265,0.64490265,0.7416392962137858
HG_BraTS20_Training_020,0.88402444,0.78148246,0.60463715,0.60463715,0.756714661916097
HG_BraTS20_Training_070,0.8964984,0.76750964,0.6362284,0.6362284,0.7667454878489176
HG_BraTS20_Training_089,0.8342534,0.65503794,0.915165,0.915165,0.8014854590098063
HG_BraTS20_Training_119,0.7089189,0.82241696,0.71936756,0.71936756,0.7502344449361166
HG_BraTS20_Training_124,0.93306094,0.9046095,0.8092261,0.8092261,0.8822988669077555
HG_BraTS20_Training_128,0.8417812,0.26991585,0.28509882,0.28509882,0.4655986229578654
HG_BraTS20_Training_134,0.85299814,0.829157,0.7124074,0.7124074,0.7981874942779541
HG_BraTS20_Training_140,0.93484354,0.9009698,0.85189795,0.85189795,0.895903746287028
HG_BraTS20_Training_150,0.906686,0.9103857,0.9185145,0.9185145,0.9118620554606119
HG_BraTS20_Training_180,0.73744375,0.8381926,0.85738117,0.85738117,0.8110058307647705
HG_BraTS20_Training_188,0.73260593,0.67626816,0.64324,0.64324,0.684038003285726
HG_BraTS20_Training_191,0.8876282,0.7963913,0.75119,0.75119,0.8117365042368571
HG_BraTS20_Training_201,0.8822855,0.91932607,0.82762164,0.82762164,0.8764110406239828
HG_BraTS20_Training_211,0.87504584,0.91113675,0.8360351,0.8360351,0.8740725517272949
HG_BraTS20_Training_212,0.6554185,0.533901,0.56799614,0.56799614,0.5857718785603842
HG_BraTS20_Training_226,0.8742276,0.8825856,0.8708805,0.8708805,0.8758978843688965
HG_BraTS20_Training_232,0.83331156,0.7296642,0.65618694,0.65618694,0.739720900853475
HG_BraTS20_Training_241,0.8203275,0.71190566,0.67877865,0.67877865,0.7370039621988932
HG_BraTS20_Training_245,0.8036802,0.68977207,0.6928973,0.6928973,0.7287832101186117
HG_BraTS20_Training_246,0.8305336,0.64587057,0.7494397,0.7494397,0.7419479688008627
HG_BraTS20_Training_336,0.93760747,0.9311749,0.8404977,0.8404977,0.9030933380126953
HG_BraTS20_Training_338,0.90382993,0.93082523,0.89942294,0.89942294,0.9113593896230062
HG_BraTS20_Training_344,0.8982187,0.76852626,0.64816415,0.64816415,0.7716363271077474
HG_BraTS20_Training_352,0.8374427,0.60534954,0.8496799,0.8496799,0.7641573746999105
LG_BraTS20_Training_262,0.85639435,0.38724345,2.9949086e-12,2.9949086e-12,0.4145459334055583
LG_BraTS20_Training_275,0.75450057,0.09164289,5.988024e-12,5.988024e-12,0.2820478280385335
LG_BraTS20_Training_278,0.7880096,0.016959587,2.4172105e-12,2.4172105e-12,0.26832306385040283
LG_BraTS20_Training_283,0.93183684,0.73174226,0.7474649,0.7474649,0.8036813735961914
LG_BraTS20_Training_291,0.865202,0.6338668,0.028728029,0.028728029,0.5092655817667643
LG_BraTS20_Training_292,0.8603211,0.7045153,0.52655166,0.52655166,0.6971293290456136
LG_BraTS20_Training_294,0.7827527,0.3522621,4.4863167e-12,4.4863167e-12,0.3783382574717204
LG_BraTS20_Training_297,0.5399232,0.30919474,6.4557778e-12,6.4557778e-12,0.2830393115679423
LG_BraTS20_Training_310,0.8531563,0.4396605,6.181616e-13,6.181616e-13,0.4309389591217041
LG_BraTS20_Training_324,0.88736254,0.10650465,3.0321407e-12,3.0321407e-12,0.33128905296325684
flairt2
HG_BraTS20_Training_010,0.7686999,0.41296723,0.2140575,0.2140575,0.4652415116628011
HG_BraTS20_Training_012,0.8179472,0.65707874,0.35332784,0.35332784,0.6094512542088827
HG_BraTS20_Training_020,0.8786593,0.7913057,0.3876239,0.3876239,0.6858630180358887
HG_BraTS20_Training_070,0.8919483,0.64772356,0.2516544,0.2516544,0.5971087614695231
HG_BraTS20_Training_089,0.8461196,0.38979578,0.21064405,0.21064405,0.4821864763895671
HG_BraTS20_Training_119,0.7215273,0.74986887,0.36701462,0.36701462,0.6128036181131998
HG_BraTS20_Training_124,0.9282009,0.75899094,0.40226614,0.40226614,0.6964859962463379
HG_BraTS20_Training_128,0.83853257,0.13458575,0.11647355,0.11647355,0.3631972869237264
HG_BraTS20_Training_134,0.8310673,0.7222376,0.37011278,0.37011278,0.6411392291386923
HG_BraTS20_Training_140,0.9475643,0.8603112,0.3592003,0.3592003,0.7223586241404215
HG_BraTS20_Training_150,0.92375046,0.78953546,0.42046082,0.42046082,0.7112488746643066
HG_BraTS20_Training_180,0.6894562,0.49197075,0.33466497,0.33466497,0.5053639809290568
HG_BraTS20_Training_188,0.76618195,0.53703016,0.2997223,0.2997223,0.5343114932378134
HG_BraTS20_Training_191,0.9139941,0.6283995,0.2634054,0.2634054,0.6019330024719238
HG_BraTS20_Training_201,0.8872004,0.7917926,0.5008016,0.5008016,0.7265981833140055
HG_BraTS20_Training_211,0.8711445,0.82630944,0.5261219,0.5261219,0.7411919434865316
HG_BraTS20_Training_212,0.8237405,0.7009776,0.3294133,0.3294133,0.6180437803268433
HG_BraTS20_Training_226,0.9040494,0.8429458,0.37169993,0.37169993,0.7062317530314127
HG_BraTS20_Training_232,0.7828629,0.6104258,0.3641518,0.3641518,0.5858134826024374
HG_BraTS20_Training_241,0.8451601,0.61749685,0.39004534,0.39004534,0.6175674597422282
HG_BraTS20_Training_245,0.76555675,0.8104083,0.5480164,0.5480164,0.7079938252766927
HG_BraTS20_Training_246,0.8264274,0.579507,0.38412443,0.38412443,0.5966862440109253
HG_BraTS20_Training_336,0.953256,0.8759163,0.5974043,0.5974043,0.8088588714599609
HG_BraTS20_Training_338,0.91688883,0.8259753,0.48634538,0.48634538,0.7430698076883951
HG_BraTS20_Training_344,0.8822333,0.63351667,0.2889289,0.2889289,0.601559599240621
HG_BraTS20_Training_352,0.9159739,0.40742502,0.5572026,0.5572026,0.6268671751022339
LG_BraTS20_Training_262,0.84700656,0.25420636,5.985515e-13,5.985515e-13,0.367070992787679
LG_BraTS20_Training_275,0.7602962,0.26946393,1.7799928e-12,1.7799928e-12,0.34325337409973145
LG_BraTS20_Training_278,0.80327827,0.53182346,7.5671587e-13,7.5671587e-13,0.4450339078903198
LG_BraTS20_Training_283,0.92179686,0.440726,0.32944393,0.32944393,0.5639889240264893
LG_BraTS20_Training_291,0.9322781,0.70523155,0.007726621,0.007726621,0.5484120845794678
LG_BraTS20_Training_292,0.9064563,0.7364313,0.22669552,0.22669552,0.6231943766276041
LG_BraTS20_Training_294,0.9207399,0.7323836,7.694083e-13,7.694083e-13,0.5510411659876505
LG_BraTS20_Training_297,0.7229005,0.6630401,1.5146926e-12,1.5146926e-12,0.4619801839192708
LG_BraTS20_Training_310,0.8942505,0.6913492,5.337603e-13,5.337603e-13,0.5285332202911377
LG_BraTS20_Training_324,0.8881876,0.38154817,1.143903e-12,1.143903e-12,0.42324527104695636
t1t2
HG_BraTS20_Training_010,0.6762807,0.42706558,0.17371497,0.17371497,0.4256870746612549
HG_BraTS20_Training_012,0.82998013,0.63977396,0.46981904,0.46981904,0.6465243895848592
HG_BraTS20_Training_020,0.8696189,0.77337563,0.3684449,0.3684449,0.6704797744750977
HG_BraTS20_Training_070,0.7860866,0.6490107,0.2786125,0.2786125,0.5712366104125977
HG_BraTS20_Training_089,0.8142317,0.39930198,0.31535748,0.31535748,0.5096303621927897
HG_BraTS20_Training_119,0.6594776,0.64596754,0.2661567,0.2661567,0.5238672892252604
HG_BraTS20_Training_124,0.9128267,0.7366131,0.40819404,0.40819404,0.6858779589335123
HG_BraTS20_Training_128,0.7744341,0.13439964,0.12509438,0.12509438,0.34464271863301593
HG_BraTS20_Training_134,0.8431514,0.78601724,0.43108422,0.43108422,0.6867509682973226
HG_BraTS20_Training_140,0.9316634,0.83893853,0.31039295,0.31039295,0.6936649481455485
HG_BraTS20_Training_150,0.8765593,0.7874046,0.5513803,0.5513803,0.7384480635325114
HG_BraTS20_Training_180,0.6765609,0.4376046,0.3101696,0.3101696,0.47477837403615314
HG_BraTS20_Training_188,0.70044947,0.6544079,0.5214733,0.5214733,0.6254435777664185
HG_BraTS20_Training_191,0.9094606,0.44462278,0.2602287,0.2602287,0.5381040573120117
HG_BraTS20_Training_201,0.8617148,0.88290095,0.6549698,0.6549698,0.7998619079589844
HG_BraTS20_Training_211,0.81963485,0.83827454,0.6084238,0.6084238,0.7554443677266439
HG_BraTS20_Training_212,0.8355044,0.70679814,0.36131215,0.36131215,0.6345382531483968
HG_BraTS20_Training_226,0.8700021,0.77185774,0.34071675,0.34071675,0.6608588298161825
HG_BraTS20_Training_232,0.7625866,0.5492491,0.3727111,0.3727111,0.5615156094233195
HG_BraTS20_Training_241,0.8246459,0.7018937,0.5411552,0.5411552,0.6892315546671549
HG_BraTS20_Training_245,0.88119006,0.7979651,0.5845614,0.5845614,0.7545721530914307
HG_BraTS20_Training_246,0.8240662,0.62726057,0.43008506,0.43008506,0.627137303352356
HG_BraTS20_Training_336,0.9192242,0.8162457,0.5770985,0.5770985,0.7708560625712076
HG_BraTS20_Training_338,0.9129012,0.7679125,0.48624885,0.48624885,0.7223542531331381
HG_BraTS20_Training_344,0.8566329,0.6667262,0.3516825,0.3516825,0.6250138680140177
HG_BraTS20_Training_352,0.9067657,0.41207042,0.48494795,0.48494795,0.6012613375981649
LG_BraTS20_Training_262,0.83014834,0.3351426,7.3067366e-13,7.3067366e-13,0.38843031724294025
LG_BraTS20_Training_275,0.6382193,0.23894037,1.6926202e-12,1.6926202e-12,0.2923865516980489
LG_BraTS20_Training_278,0.78431433,0.45214993,6.0444873e-13,6.0444873e-13,0.412154754002889
LG_BraTS20_Training_283,0.90445703,0.30477524,0.32622936,0.32622936,0.5118205547332764
LG_BraTS20_Training_291,0.92309326,0.7166657,0.00803461,0.00803461,0.5492645104726156
LG_BraTS20_Training_292,0.8876116,0.75183177,0.2433155,0.2433155,0.627586285273234
LG_BraTS20_Training_294,0.84464955,0.6422365,7.592438e-13,7.592438e-13,0.49562867482503253
LG_BraTS20_Training_297,0.7382285,0.6544039,9.285051e-13,9.285051e-13,0.46421082814534503
LG_BraTS20_Training_310,0.839887,0.7108882,5.092687e-13,5.092687e-13,0.5169250965118408
LG_BraTS20_Training_324,0.7842024,0.39752758,6.9032166e-13,6.9032166e-13,0.393910010655721
flairt1
HG_BraTS20_Training_010,0.7201434,0.626854,0.29221848,0.29221848,0.5464052756627401
HG_BraTS20_Training_012,0.8287373,0.7525606,0.45230845,0.45230845,0.6778687636057535
HG_BraTS20_Training_020,0.8874381,0.7769822,0.348299,0.348299,0.6709064642588297
HG_BraTS20_Training_070,0.9012705,0.6939163,0.24144335,0.24144335,0.6122100750605265
HG_BraTS20_Training_089,0.84386784,0.36817813,0.3215846,0.3215846,0.5112101634343466
HG_BraTS20_Training_119,0.66359615,0.7997873,0.4204929,0.4204929,0.6279587745666504
HG_BraTS20_Training_124,0.9238732,0.7439124,0.40484262,0.40484262,0.6908760865529379
HG_BraTS20_Training_128,0.8462665,0.16917028,0.17331307,0.17331307,0.3962499300638835
HG_BraTS20_Training_134,0.7835034,0.59809864,0.30182153,0.30182153,0.5611411730448405
HG_BraTS20_Training_140,0.9407884,0.8676168,0.40588465,0.40588465,0.7380966345469157
HG_BraTS20_Training_150,0.8609312,0.61912614,0.36979058,0.36979058,0.6166159709294637
HG_BraTS20_Training_180,0.73050326,0.5978,0.45622393,0.45622393,0.5948424339294434
HG_BraTS20_Training_188,0.75175774,0.53825486,0.39879602,0.39879602,0.5629362265268961
HG_BraTS20_Training_191,0.91074365,0.54493517,0.3464863,0.3464863,0.6007217168807983
HG_BraTS20_Training_201,0.89432496,0.8148872,0.5332534,0.5332534,0.7474884986877441
HG_BraTS20_Training_211,0.86481154,0.75935715,0.53203547,0.53203547,0.7187347412109375
HG_BraTS20_Training_212,0.6342488,0.37709025,0.21762826,0.21762826,0.40965576966603595
HG_BraTS20_Training_226,0.88936555,0.79069376,0.44535553,0.44535553,0.7084716161092123
HG_BraTS20_Training_232,0.87503475,0.4601373,0.31482658,0.31482658,0.5499995549519857
HG_BraTS20_Training_241,0.85948217,0.58180547,0.22060291,0.22060291,0.5539635022481283
HG_BraTS20_Training_245,0.84051496,0.7394576,0.5254137,0.5254137,0.7017954190572103
HG_BraTS20_Training_246,0.8175682,0.53200185,0.31576794,0.31576794,0.5551126797993978
HG_BraTS20_Training_336,0.9403487,0.87408864,0.6215593,0.6215593,0.8119989236195883
HG_BraTS20_Training_338,0.8835688,0.72461164,0.44357795,0.44357795,0.6839195092519125
HG_BraTS20_Training_344,0.90575385,0.6985279,0.43269515,0.43269515,0.6789922714233398
HG_BraTS20_Training_352,0.8916565,0.40632224,0.57540804,0.57540804,0.6244622866312662
LG_BraTS20_Training_262,0.856163,0.40732962,7.616726e-13,7.616726e-13,0.42116419474283856
LG_BraTS20_Training_275,0.7396951,0.2929748,2.4137099e-12,2.4137099e-12,0.34422330061594647
LG_BraTS20_Training_278,0.80903405,0.5376061,5.725737e-13,5.725737e-13,0.44888003667195636
LG_BraTS20_Training_283,0.92704594,0.33286595,0.28669238,0.28669238,0.5155347585678101
LG_BraTS20_Training_291,0.9182654,0.723998,0.0048266617,0.0048266617,0.5490300258000692
LG_BraTS20_Training_292,0.87115276,0.77732056,0.17838967,0.17838967,0.6089543104171753
LG_BraTS20_Training_294,0.86276174,0.65438,6.191567e-13,6.191567e-13,0.505713939666748
LG_BraTS20_Training_297,0.50353014,0.49568075,2.3282886e-12,2.3282886e-12,0.3330702980359395
LG_BraTS20_Training_310,0.92160136,0.7611082,3.4488704e-13,3.4488704e-13,0.5609031915664673
LG_BraTS20_Training_324,0.8920705,0.41559944,1.9577133e-12,1.9577133e-12,0.43588995933532715
t1cet1
HG_BraTS20_Training_010,0.48348072,0.7896257,0.8725689,0.8725689,0.7152251402537028
HG_BraTS20_Training_012,0.6822989,0.8262763,0.7546127,0.7546127,0.7543959617614746
HG_BraTS20_Training_020,0.7670557,0.6894525,0.5886331,0.5886331,0.6817137400309244
HG_BraTS20_Training_070,0.6743879,0.7486631,0.60709834,0.60709834,0.6767164866129557
HG_BraTS20_Training_089,0.7670852,0.7038274,0.8919727,0.8919727,0.7876284122467041
HG_BraTS20_Training_119,0.5378664,0.8603601,0.73590565,0.73590565,0.7113773822784424
HG_BraTS20_Training_124,0.7558727,0.8232019,0.7343474,0.7343474,0.7711406548817953
HG_BraTS20_Training_128,0.21993083,0.22066277,0.20913461,0.20913461,0.2165760596593221
HG_BraTS20_Training_134,0.760344,0.80106103,0.67453796,0.67453796,0.745314359664917
HG_BraTS20_Training_140,0.864097,0.91751355,0.8341881,0.8341881,0.8719328244527181
HG_BraTS20_Training_150,0.81511307,0.9063643,0.90513486,0.90513486,0.8755373954772949
HG_BraTS20_Training_180,0.73223865,0.84321326,0.8427283,0.8427283,0.8060600757598877
HG_BraTS20_Training_188,0.5282183,0.7891552,0.7209024,0.7209024,0.679425319035848
HG_BraTS20_Training_191,0.691825,0.69450927,0.6843001,0.6843001,0.6902114550272623
HG_BraTS20_Training_201,0.7503654,0.92203283,0.8276568,0.8276568,0.8333516915639242
HG_BraTS20_Training_211,0.74759203,0.9280558,0.84444886,0.84444886,0.8400322596232096
HG_BraTS20_Training_212,0.5856281,0.5165412,0.5939925,0.5939925,0.5653872489929199
HG_BraTS20_Training_226,0.7437238,0.9029937,0.87079966,0.87079966,0.83917236328125
HG_BraTS20_Training_232,0.64933425,0.78818065,0.753829,0.753829,0.7304479281107584
HG_BraTS20_Training_241,0.6353553,0.7155588,0.69928896,0.69928896,0.6834010283152262
HG_BraTS20_Training_245,0.7408437,0.6777635,0.6853,0.6853,0.7013023694356283
HG_BraTS20_Training_246,0.73207766,0.68545145,0.8008621,0.8008621,0.739463726679484
HG_BraTS20_Training_336,0.80121547,0.85406864,0.7778557,0.7778557,0.8110466003417969
HG_BraTS20_Training_338,0.83136135,0.9442232,0.89288396,0.89288396,0.889489491780599
HG_BraTS20_Training_344,0.7903959,0.7320414,0.63602483,0.63602483,0.7194873491923014
HG_BraTS20_Training_352,0.7321083,0.7447706,0.83194435,0.83194435,0.7696077028910319
LG_BraTS20_Training_262,0.69776565,0.49432296,7.446016e-12,7.446016e-12,0.3973628679911296
LG_BraTS20_Training_275,0.38903582,0.123191334,5.787037e-12,5.787037e-12,0.17074239253997803
LG_BraTS20_Training_278,0.2840068,6.295346e-05,2.9010735e-12,2.9010735e-12,0.0946899155775706
LG_BraTS20_Training_283,0.6143195,0.74411577,0.7381456,0.7381456,0.6988603274027506
LG_BraTS20_Training_291,0.5423478,0.38773724,0.024266936,0.024266936,0.31811734040578205
LG_BraTS20_Training_292,0.78024906,0.65296197,0.6129276,0.6129276,0.6820462544759115
LG_BraTS20_Training_294,0.5751995,0.10130132,7.479431e-12,7.479431e-12,0.22550026575724283
LG_BraTS20_Training_297,0.11309298,0.0346707,3.0721966e-12,3.0721966e-12,0.0492545614639918
LG_BraTS20_Training_310,0.5450399,0.21497321,1.1830119e-12,1.1830119e-12,0.25333770116170246
LG_BraTS20_Training_324,0.57258624,0.023029357,2.6096033e-12,2.6096033e-12,0.19853854179382324
t1cet2
HG_BraTS20_Training_010,0.701599,0.75541025,0.8460154,0.8460154,0.7676749229431152
HG_BraTS20_Training_012,0.80473226,0.8249027,0.7438463,0.7438463,0.7911604245503744
HG_BraTS20_Training_020,0.84589636,0.775645,0.5763928,0.5763928,0.7326447168986002
HG_BraTS20_Training_070,0.78221756,0.79499763,0.6162647,0.6162647,0.7311600049336752
HG_BraTS20_Training_089,0.8278647,0.62788695,0.8776917,0.8776917,0.7778144677480062
HG_BraTS20_Training_119,0.6982795,0.8466201,0.75072974,0.75072974,0.7652097543080648
HG_BraTS20_Training_124,0.9034024,0.87358314,0.79914486,0.79914486,0.8587101300557455
HG_BraTS20_Training_128,0.772946,0.32591864,0.3649985,0.3649985,0.48795437812805176
HG_BraTS20_Training_134,0.8588475,0.85807925,0.6949781,0.6949781,0.8039682706197103
HG_BraTS20_Training_140,0.92789006,0.9108774,0.8545902,0.8545902,0.8977859020233154
HG_BraTS20_Training_150,0.8868003,0.904976,0.90481395,0.90481395,0.8988633950551351
HG_BraTS20_Training_180,0.6687761,0.7066446,0.7882341,0.7882341,0.7212182680765787
HG_BraTS20_Training_188,0.68779194,0.73312473,0.66881466,0.66881466,0.6965770721435547
HG_BraTS20_Training_191,0.87764055,0.7696807,0.7640873,0.7640873,0.8038028081258138
HG_BraTS20_Training_201,0.84796816,0.9150171,0.83168876,0.83168876,0.8648913701375326
HG_BraTS20_Training_211,0.82905686,0.92862064,0.84989387,0.84989387,0.8691904544830322
HG_BraTS20_Training_212,0.8234619,0.74869853,0.65010834,0.65010834,0.7407562732696533
HG_BraTS20_Training_226,0.8337455,0.8735698,0.847955,0.847955,0.851756731669108
HG_BraTS20_Training_232,0.7226823,0.7977111,0.74697113,0.74697113,0.7557881673177084
HG_BraTS20_Training_241,0.8109537,0.71460485,0.7163897,0.7163897,0.747316042582194
HG_BraTS20_Training_245,0.79798496,0.7108885,0.7191054,0.7191054,0.7426596482594808
HG_BraTS20_Training_246,0.82546467,0.73112524,0.8026741,0.8026741,0.7864212989807129
HG_BraTS20_Training_336,0.92163056,0.9062582,0.85306245,0.85306245,0.8936503728230795
HG_BraTS20_Training_338,0.92083746,0.9476074,0.9019897,0.9019897,0.9234782059987386
HG_BraTS20_Training_344,0.8562833,0.6759976,0.63891715,0.63891715,0.7237327098846436
HG_BraTS20_Training_352,0.89663136,0.7719448,0.8833051,0.8833051,0.8506271044413248
LG_BraTS20_Training_262,0.8682046,0.41402793,2.2168033e-12,2.2168033e-12,0.4274108409881592
LG_BraTS20_Training_275,0.64929765,0.20942612,3.4831068e-12,3.4831068e-12,0.28624125321706134
LG_BraTS20_Training_278,0.74464506,0.044499114,2.8457599e-12,2.8457599e-12,0.26304805278778076
LG_BraTS20_Training_283,0.8944458,0.7065564,0.7971172,0.7971172,0.7993731498718262
LG_BraTS20_Training_291,0.894147,0.7121627,0.025182573,0.025182573,0.5438307523727417
LG_BraTS20_Training_292,0.89527625,0.62081623,0.57545924,0.57545924,0.6971839269002279
LG_BraTS20_Training_294,0.8796341,0.45679507,3.4989503e-12,3.4989503e-12,0.44547637303670246
LG_BraTS20_Training_297,0.6910875,0.5365507,1.8563207e-12,1.8563207e-12,0.40921274820963544
LG_BraTS20_Training_310,0.7223626,0.385304,4.0175163e-13,4.0175163e-13,0.3692222038904826
LG_BraTS20_Training_324,0.75913376,0.06490569,3.432887e-12,3.432887e-12,0.27467981974283856
flair
HG_BraTS20_Training_010,0.67278135,0.6557472,0.4143877,0.4143877,0.5809720754623413
HG_BraTS20_Training_012,0.8267925,0.6943325,0.42584777,0.42584777,0.6489909092585245
HG_BraTS20_Training_020,0.8812066,0.76206553,0.33336458,0.33336458,0.6588789224624634
HG_BraTS20_Training_070,0.89845216,0.50995874,0.17070313,0.17070313,0.5263713598251343
HG_BraTS20_Training_089,0.8248684,0.40836552,0.2039702,0.2039702,0.4790680408477783
HG_BraTS20_Training_119,0.67477447,0.80625,0.5275356,0.5275356,0.6695200602213541
HG_BraTS20_Training_124,0.92547435,0.72086275,0.30392057,0.30392057,0.6500858465830485
HG_BraTS20_Training_128,0.8569129,0.13159785,0.07226539,0.07226539,0.35359203815460205
HG_BraTS20_Training_134,0.6929851,0.4199502,0.19672558,0.19672558,0.4365536371866862
HG_BraTS20_Training_140,0.94578135,0.871962,0.50333846,0.50333846,0.7736938794453939
HG_BraTS20_Training_150,0.5961519,0.44456002,0.063544765,0.063544765,0.3680855433146159
HG_BraTS20_Training_180,0.7396576,0.63473594,0.40766254,0.40766254,0.5940186580022176
HG_BraTS20_Training_188,0.65472615,0.48585552,0.16730477,0.16730477,0.43596212069193524
HG_BraTS20_Training_191,0.9150125,0.61564523,0.30777457,0.30777457,0.6128107706705729
HG_BraTS20_Training_201,0.8959695,0.7701726,0.33886996,0.33886996,0.668337345123291
HG_BraTS20_Training_211,0.7547422,0.5570203,0.17619106,0.17619106,0.4959845542907715
HG_BraTS20_Training_212,0.3880159,0.12679799,0.023026206,0.023026206,0.17928004264831543
HG_BraTS20_Training_226,0.8822949,0.70256054,0.4369745,0.4369745,0.673943281173706
HG_BraTS20_Training_232,0.8520997,0.5111329,0.35596478,0.35596478,0.5730657974878947
HG_BraTS20_Training_241,0.8226483,0.27517712,0.0971474,0.0971474,0.39832425117492676
HG_BraTS20_Training_245,0.70999235,0.70205337,0.51139474,0.51139474,0.6411468187967936
HG_BraTS20_Training_246,0.7787977,0.44975656,0.30290082,0.30290082,0.5104850133260092
HG_BraTS20_Training_336,0.9572048,0.8604743,0.5604204,0.5604204,0.7926998138427734
HG_BraTS20_Training_338,0.85365754,0.7127501,0.42101583,0.42101583,0.662474513053894
HG_BraTS20_Training_344,0.8982752,0.6663867,0.43230566,0.43230566,0.6656558911005656
HG_BraTS20_Training_352,0.7689921,0.47700852,0.4793274,0.4793274,0.5751093626022339
LG_BraTS20_Training_262,0.8640012,0.2079346,7.590133e-13,7.590133e-13,0.3573119242986043
LG_BraTS20_Training_275,0.6903493,0.37877902,2.3068051e-12,2.3068051e-12,0.35637609163920086
LG_BraTS20_Training_278,0.79060173,0.3426555,1.0663254e-12,1.0663254e-12,0.377752423286438
LG_BraTS20_Training_283,0.94004613,0.45626837,0.21489577,0.21489577,0.537070075670878
LG_BraTS20_Training_291,0.9025222,0.7247858,0.0007465782,0.0007465782,0.5426848729451498
LG_BraTS20_Training_292,0.70448405,0.38474348,0.13744709,0.13744709,0.40889155864715576
LG_BraTS20_Training_294,0.7814486,0.45904183,1.2416191e-12,1.2416191e-12,0.4134968121846517
LG_BraTS20_Training_297,0.20751151,0.0045485375,1.8214937e-11,1.8214937e-11,0.07068668305873871
LG_BraTS20_Training_310,0.9039175,0.71745455,3.2603025e-13,3.2603025e-13,0.5404573281606039
LG_BraTS20_Training_324,0.9004147,0.32660887,1.6005121e-12,1.6005121e-12,0.40900786717732746
t1
HG_BraTS20_Training_010,0.5239961,0.594761,0.25431177,0.25431177,0.45768964290618896
HG_BraTS20_Training_012,0.6750787,0.7103797,0.56956875,0.56956875,0.6516757408777872
HG_BraTS20_Training_020,0.82943386,0.65332204,0.2236475,0.2236475,0.5688011248906454
HG_BraTS20_Training_070,0.7395458,0.71001977,0.279224,0.279224,0.5762632290522257
HG_BraTS20_Training_089,0.76384324,0.38092262,0.38767433,0.38767433,0.5108133951822916
HG_BraTS20_Training_119,0.5373654,0.8112032,0.42254874,0.42254874,0.5903724431991577
HG_BraTS20_Training_124,0.7950705,0.6265344,0.34254643,0.34254643,0.5880504449208578
HG_BraTS20_Training_128,0.072690055,7.1890727e-12,7.836991e-12,7.836991e-12,0.024230018258094788
HG_BraTS20_Training_134,0.3292459,0.32616177,0.11963904,0.11963904,0.25834890206654865
HG_BraTS20_Training_140,0.8537298,0.82383657,0.22167055,0.22167055,0.633078932762146
HG_BraTS20_Training_150,0.7534977,0.3931722,0.35552266,0.35552266,0.500730832417806
HG_BraTS20_Training_180,0.6657211,0.44247466,0.26198748,0.26198748,0.4567277431488037
HG_BraTS20_Training_188,0.5463166,0.62289447,0.5,0.5,0.5564037164052328
HG_BraTS20_Training_191,0.7568361,0.33144927,0.22379135,0.22379135,0.43735893567403156
HG_BraTS20_Training_201,0.78165776,0.529959,0.37318462,0.37318462,0.5616004467010498
HG_BraTS20_Training_211,0.68745255,0.7764839,0.5197518,0.5197518,0.661229411760966
HG_BraTS20_Training_212,0.615069,0.3751232,0.22404267,0.22404267,0.4047449429829915
HG_BraTS20_Training_226,0.79700065,0.7205368,0.31130984,0.31130984,0.6096157630284628
HG_BraTS20_Training_232,0.6774391,0.3965734,0.23426011,0.23426011,0.4360908667246501
HG_BraTS20_Training_241,0.7643,0.58098567,0.22048284,0.22048284,0.5219228267669678
HG_BraTS20_Training_245,0.76077724,0.55165815,0.40565923,0.40565923,0.57269819577535
HG_BraTS20_Training_246,0.7934963,0.57722366,0.25756288,0.25756288,0.5427609284718832
HG_BraTS20_Training_336,0.7262127,0.7353498,0.4744313,0.4744313,0.6453312238057455
HG_BraTS20_Training_338,0.7813112,0.58969593,0.33114344,0.33114344,0.5673835277557373
HG_BraTS20_Training_344,0.8091489,0.56124306,0.32721847,0.32721847,0.5658701260884603
HG_BraTS20_Training_352,0.676894,0.25766477,0.36034384,0.36034384,0.43163418769836426
LG_BraTS20_Training_262,0.5978484,0.64127904,2.5025025e-12,2.5025025e-12,0.41304246584574383
LG_BraTS20_Training_275,0.21244867,4.569757e-13,1.5564202e-12,1.5564202e-12,0.07081622382005055
LG_BraTS20_Training_278,0.6248879,0.37699956,1.0217635e-12,1.0217635e-12,0.3339624802271525
LG_BraTS20_Training_283,0.0009836267,7.7285726e-13,8.141996e-13,8.141996e-13,0.0003278755660479267
LG_BraTS20_Training_291,0.78204405,0.7000101,0.008434146,0.008434146,0.49682946999867755
LG_BraTS20_Training_292,0.7902946,0.7620591,0.20726341,0.20726341,0.5865390300750732
LG_BraTS20_Training_294,0.7073498,0.604576,6.6133194e-13,6.6133194e-13,0.4373085896174113
LG_BraTS20_Training_297,0.28435898,0.5183505,1.8566654e-12,1.8566654e-12,0.2675698200861613
LG_BraTS20_Training_310,0.75402594,0.6895568,5.150657e-13,5.150657e-13,0.48119425773620605
LG_BraTS20_Training_324,0.63728005,0.3171002,9.531072e-13,9.531072e-13,0.31812675793965656
t1c
HG_BraTS20_Training_010,0.43801895,0.7506527,0.8899886,0.8899886,0.692886749903361
HG_BraTS20_Training_012,0.6583294,0.7949065,0.7671986,0.7671986,0.7401448090871176
HG_BraTS20_Training_020,0.5932912,0.52219677,0.49458233,0.49458233,0.5366901159286499
HG_BraTS20_Training_070,0.49250802,0.6539823,0.60160285,0.60160285,0.5826977094014486
HG_BraTS20_Training_089,0.59825903,0.7049409,0.9271589,0.9271589,0.7434529463450114
HG_BraTS20_Training_119,0.52139074,0.8101407,0.74480975,0.74480975,0.6921137173970541
HG_BraTS20_Training_124,0.61857086,0.7075576,0.6702126,0.6702126,0.6654470364252726
HG_BraTS20_Training_128,0.034598954,0.23240435,0.21939275,0.21939275,0.1621320148309072
HG_BraTS20_Training_134,0.70870215,0.78281546,0.6853249,0.6853249,0.7256141503651937
HG_BraTS20_Training_140,0.826921,0.8910416,0.83571994,0.83571994,0.8512274424235026
HG_BraTS20_Training_150,0.78480417,0.8925925,0.90134585,0.90134585,0.8595808347066244
HG_BraTS20_Training_180,0.70648235,0.84331167,0.81686103,0.81686103,0.7888849576314291
HG_BraTS20_Training_188,0.49168822,0.7856642,0.73139566,0.73139566,0.6695826848347982
HG_BraTS20_Training_191,0.62026155,0.66618264,0.65823805,0.65823805,0.6482274134953817
HG_BraTS20_Training_201,0.6995834,0.8574876,0.8064058,0.8064058,0.7878255844116211
HG_BraTS20_Training_211,0.75212795,0.9231279,0.84644157,0.84644157,0.8405657609303793
HG_BraTS20_Training_212,0.4195134,0.43840224,0.54954374,0.54954374,0.4691531260808309
HG_BraTS20_Training_226,0.75697434,0.8893379,0.86200356,0.86200356,0.8361052672068278
HG_BraTS20_Training_232,0.577403,0.78304756,0.74869514,0.74869514,0.7030485471089681
HG_BraTS20_Training_241,0.47826073,0.58486414,0.5729989,0.5729989,0.545374592145284
HG_BraTS20_Training_245,0.5290344,0.51717377,0.55407465,0.55407465,0.5334275960922241
HG_BraTS20_Training_246,0.7022871,0.70689565,0.800876,0.800876,0.7366862297058105
HG_BraTS20_Training_336,0.7933265,0.87466687,0.8004597,0.8004597,0.8228176434834799
HG_BraTS20_Training_338,0.79363424,0.9302386,0.88337773,0.88337773,0.869083563486735
HG_BraTS20_Training_344,0.7511812,0.66687393,0.6417471,0.6417471,0.6866006851196289
HG_BraTS20_Training_352,0.7074936,0.69247085,0.8663471,0.8663471,0.7554372151692709
LG_BraTS20_Training_262,0.67881626,0.5496228,6.506181e-12,6.506181e-12,0.40947969754536945
LG_BraTS20_Training_275,0.15081814,0.00811359,3.4602075e-11,1.0,0.05297724405924479
LG_BraTS20_Training_278,0.09385204,1.5183492e-13,2.1915406e-12,2.1915406e-12,0.03128401438395182
LG_BraTS20_Training_283,0.55330783,0.8177399,0.8112954,0.8112954,0.7274476687113444
LG_BraTS20_Training_291,0.30639625,0.26522467,5.4347825e-11,7.936508e-11,0.19054031372070312
LG_BraTS20_Training_292,0.5822686,0.55830353,0.51320046,0.51320046,0.5512575308481852
LG_BraTS20_Training_294,0.3280759,0.010049749,1.3986014e-11,1.3986014e-11,0.11270854870478313
LG_BraTS20_Training_297,0.00038387717,3.6171597e-13,3.2216495e-12,3.2216495e-12,0.00012795905543801686
LG_BraTS20_Training_310,0.28896222,0.123041645,3.8249693e-13,3.8249693e-13,0.13733462492624918
LG_BraTS20_Training_324,0.505927,0.13629238,1.592864e-12,1.592864e-12,0.2140731414159139
t2
HG_BraTS20_Training_010,0.6664366,0.31695735,0.12050998,0.12050998,0.36796800295511883
HG_BraTS20_Training_012,0.7245743,0.60008985,0.42767122,0.42767122,0.5841117699941
HG_BraTS20_Training_020,0.8650067,0.73645425,0.35562927,0.35562927,0.6523633797963461
HG_BraTS20_Training_070,0.767495,0.5383063,0.22396219,0.22396219,0.509921153386434
HG_BraTS20_Training_089,0.8078543,0.4331145,0.35755163,0.35755163,0.5328401724497477
HG_BraTS20_Training_119,0.6550872,0.51678175,0.15533139,0.15533139,0.44240009784698486
HG_BraTS20_Training_124,0.9103006,0.7450407,0.4021856,0.4021856,0.6858423550923666
HG_BraTS20_Training_128,0.7468039,0.14172922,0.13761468,0.13761468,0.3420492808024089
HG_BraTS20_Training_134,0.8026105,0.63080144,0.32743332,0.32743332,0.5869484345118204
HG_BraTS20_Training_140,0.91486293,0.84529215,0.3958855,0.3958855,0.718680222829183
HG_BraTS20_Training_150,0.8775188,0.75895125,0.5205652,0.5205652,0.7190117835998535
HG_BraTS20_Training_180,0.61957353,0.38917437,0.20837477,0.20837477,0.4057075579961141
HG_BraTS20_Training_188,0.69337595,0.7105596,0.5523913,0.5523913,0.6521089474360148
HG_BraTS20_Training_191,0.90866506,0.45316896,0.21824287,0.21824287,0.5266923109690348
HG_BraTS20_Training_201,0.85148835,0.8380166,0.5726927,0.5726927,0.7540659109751383
HG_BraTS20_Training_211,0.82387906,0.7927316,0.5582663,0.5582663,0.7249589761098226
HG_BraTS20_Training_212,0.8536311,0.6813644,0.36910173,0.36910173,0.6346991062164307
HG_BraTS20_Training_226,0.8670603,0.6985205,0.30038863,0.30038863,0.6219898064931234
HG_BraTS20_Training_232,0.71174955,0.628352,0.4465477,0.4465477,0.595549742380778
HG_BraTS20_Training_241,0.8099908,0.56121904,0.45547554,0.45547554,0.6088951428731283
HG_BraTS20_Training_245,0.7381748,0.76088715,0.49732202,0.49732202,0.6654613018035889
HG_BraTS20_Training_246,0.7610263,0.55501807,0.36321017,0.36321017,0.5597515106201172
HG_BraTS20_Training_336,0.94054973,0.6844737,0.4795236,0.4795236,0.7015156745910645
HG_BraTS20_Training_338,0.8984955,0.7528017,0.4385996,0.4385996,0.6966322263081869
HG_BraTS20_Training_344,0.82475305,0.6005829,0.24633856,0.24633856,0.5572248299916586
HG_BraTS20_Training_352,0.89493394,0.4413325,0.41983366,0.41983366,0.585366686185201
LG_BraTS20_Training_262,0.8230555,0.25936392,5.6963825e-13,5.6963825e-13,0.3608064651489258
LG_BraTS20_Training_275,0.64482623,0.21150462,2.0916127e-12,2.0916127e-12,0.28544362386067706
LG_BraTS20_Training_278,0.7682547,0.38963726,1.0386373e-12,1.0386373e-12,0.38596399625142414
LG_BraTS20_Training_283,0.8589106,0.37120518,0.32828307,0.32828307,0.5194662809371948
LG_BraTS20_Training_291,0.90951943,0.7215503,0.009398756,0.009398756,0.5468227863311768
LG_BraTS20_Training_292,0.88955843,0.34986463,0.21607307,0.21607307,0.4851653575897217
LG_BraTS20_Training_294,0.8375676,0.46395382,1.2918228e-12,1.2918228e-12,0.43384047349294025
LG_BraTS20_Training_297,0.69260865,0.37499103,1.1721955e-12,1.1721955e-12,0.35586655139923096
LG_BraTS20_Training_310,0.82006127,0.5351684,8.3963056e-13,8.3963056e-13,0.451743205388387
LG_BraTS20_Training_324,0.71736735,0.27032107,6.5295463e-13,6.5295463e-13,0.329229474067688
WT Dice,TC Dice,ET Dice,ETPro Dice,WT HD95,TC HD95,ET HD95ETPro HD95
flairt1cet1t2
HG_BraTS20_Training_010,0.77389187,0.78987163,0.8541408,0.8541408,0.8059681256612142
HG_BraTS20_Training_012,0.8456169,0.81659883,0.72087705,0.72087705,0.7943642934163412
HG_BraTS20_Training_020,0.8875407,0.80028605,0.60479015,0.60479015,0.7642056147257487
HG_BraTS20_Training_070,0.9026568,0.80605656,0.61626035,0.61626035,0.7749911944071451
HG_BraTS20_Training_089,0.850012,0.55947375,0.8481879,0.8481879,0.7525579134623209
HG_BraTS20_Training_119,0.70809424,0.8678225,0.737491,0.737491,0.7711359659830729
HG_BraTS20_Training_124,0.9382476,0.89106977,0.8244588,0.8244588,0.8845920562744141
HG_BraTS20_Training_128,0.8455656,0.28755227,0.37363437,0.37363437,0.5022507508595785
HG_BraTS20_Training_134,0.8795168,0.87309515,0.7152067,0.7152067,0.8226061662038168
HG_BraTS20_Training_140,0.9490328,0.91318655,0.84613806,0.84613806,0.9027857780456543
HG_BraTS20_Training_150,0.9427322,0.93622446,0.92864996,0.92864996,0.9358688990275065
HG_BraTS20_Training_180,0.72105986,0.75566167,0.82902735,0.82902735,0.7685829798380533
HG_BraTS20_Training_188,0.7587779,0.72365034,0.6591408,0.6591408,0.7138563791910807
HG_BraTS20_Training_191,0.9213761,0.81181157,0.74526274,0.74526274,0.826150099436442
HG_BraTS20_Training_201,0.9001756,0.9401605,0.841194,0.841194,0.8938433329264323
HG_BraTS20_Training_211,0.8875628,0.9309267,0.8494333,0.8494333,0.8893076578776041
HG_BraTS20_Training_212,0.8425362,0.75981224,0.62763816,0.62763816,0.7433288892110189
HG_BraTS20_Training_226,0.90421134,0.8980467,0.8654512,0.8654512,0.8892364501953125
HG_BraTS20_Training_232,0.7407578,0.8080035,0.75917304,0.75917304,0.7693114280700684
HG_BraTS20_Training_241,0.84882164,0.7524561,0.7362265,0.7362265,0.7791681289672852
HG_BraTS20_Training_245,0.8390284,0.78960997,0.7455177,0.7455177,0.7913853327433268
HG_BraTS20_Training_246,0.82852954,0.6929069,0.7514729,0.7514729,0.7576364676157633
HG_BraTS20_Training_336,0.9475088,0.94503963,0.87010413,0.87010413,0.9208842118581136
HG_BraTS20_Training_338,0.9306332,0.9494683,0.9071,0.9071,0.9290671348571777
HG_BraTS20_Training_344,0.9010553,0.76104397,0.6532057,0.6532057,0.77176833152771
HG_BraTS20_Training_352,0.9422119,0.5790391,0.8637705,0.8637705,0.7950071493784586
LG_BraTS20_Training_262,0.88821435,0.45000452,2.310536e-12,2.310536e-12,0.4460729757944743
LG_BraTS20_Training_275,0.5580967,0.06722408,7.309942e-12,7.309942e-12,0.2084402640660604
LG_BraTS20_Training_278,0.7776351,0.31601885,2.104377e-12,2.104377e-12,0.364551305770874
LG_BraTS20_Training_283,0.92734784,0.6550752,0.752523,0.752523,0.7783153057098389
LG_BraTS20_Training_291,0.92764765,0.7357414,0.01632,0.01632,0.5599029858907064
LG_BraTS20_Training_292,0.9219774,0.83813965,0.54206306,0.54206306,0.7673933506011963
LG_BraTS20_Training_294,0.93106276,0.7149772,1.7510068e-12,1.7510068e-12,0.5486799875895182
LG_BraTS20_Training_297,0.520007,0.47777572,2.9850747e-11,1.0,0.33259423573811847
LG_BraTS20_Training_310,0.8864997,0.65316963,8.0340644e-13,8.0340644e-13,0.5132230917612711
LG_BraTS20_Training_324,0.8770038,0.18784726,8.375209e-12,8.375209e-12,0.3549503485361735
t1cet1t2
HG_BraTS20_Training_010,0.69951475,0.76279634,0.8322316,0.8322316,0.7648475170135498
HG_BraTS20_Training_012,0.8500313,0.8214751,0.75581396,0.75581396,0.8091068267822266
HG_BraTS20_Training_020,0.8715834,0.80629617,0.5999398,0.5999398,0.7592731316884359
HG_BraTS20_Training_070,0.80850047,0.8205524,0.63819164,0.63819164,0.7557481924692789
HG_BraTS20_Training_089,0.8299374,0.6189142,0.87598145,0.87598145,0.7749443054199219
HG_BraTS20_Training_119,0.65671444,0.85592026,0.7366664,0.7366664,0.7497670650482178
HG_BraTS20_Training_124,0.91568536,0.8877179,0.81636906,0.81636906,0.8732574780782064
HG_BraTS20_Training_128,0.7850312,0.29965156,0.35791984,0.35791984,0.48086750507354736
HG_BraTS20_Training_134,0.86708856,0.86771816,0.7212982,0.7212982,0.8187016646067301
HG_BraTS20_Training_140,0.9376101,0.9149057,0.8414813,0.8414813,0.8979990482330322
HG_BraTS20_Training_150,0.89030087,0.93393457,0.92295504,0.92295504,0.9157301584879557
HG_BraTS20_Training_180,0.6925428,0.736623,0.83162034,0.83162034,0.7535953521728516
HG_BraTS20_Training_188,0.68818635,0.7440211,0.6708801,0.6708801,0.7010291417439779
HG_BraTS20_Training_191,0.9033239,0.804188,0.7872089,0.7872089,0.8315736452738444
HG_BraTS20_Training_201,0.88350827,0.93436915,0.8451846,0.8451846,0.8876873652140299
HG_BraTS20_Training_211,0.8312929,0.92788064,0.8388231,0.8388231,0.865998903910319
HG_BraTS20_Training_212,0.8359198,0.77730066,0.64748204,0.64748204,0.7535675366719564
HG_BraTS20_Training_226,0.8429378,0.89915806,0.86614954,0.86614954,0.8694151242574056
HG_BraTS20_Training_232,0.71291757,0.8097073,0.7548985,0.7548985,0.7591744263966879
HG_BraTS20_Training_241,0.84257954,0.7622174,0.7504343,0.7504343,0.7850770950317383
HG_BraTS20_Training_245,0.87525004,0.8069913,0.78487015,0.78487015,0.8223705291748047
HG_BraTS20_Training_246,0.8676771,0.7893306,0.8177168,0.8177168,0.824908177057902
HG_BraTS20_Training_336,0.9174926,0.91347814,0.8611835,0.8611835,0.8973848025004069
HG_BraTS20_Training_338,0.9134298,0.94927734,0.9057436,0.9057436,0.9228169123331705
HG_BraTS20_Training_344,0.8732952,0.7197577,0.6477449,0.6477449,0.746932586034139
HG_BraTS20_Training_352,0.9049356,0.8273349,0.8781708,0.8781708,0.8701470692952474
LG_BraTS20_Training_262,0.87668055,0.54933715,4.2016807e-12,4.2016807e-12,0.47533925374348956
LG_BraTS20_Training_275,0.54099447,0.1554216,4.608295e-12,4.608295e-12,0.23213869333267212
LG_BraTS20_Training_278,0.724634,0.22138783,2.2371365e-12,2.2371365e-12,0.3153405984242757
LG_BraTS20_Training_283,0.90313596,0.7111181,0.79759204,0.79759204,0.803948720296224
LG_BraTS20_Training_291,0.9118361,0.71094584,0.01764494,0.01764494,0.5468089580535889
LG_BraTS20_Training_292,0.9016447,0.699215,0.58243245,0.58243245,0.7277640501658121
LG_BraTS20_Training_294,0.897958,0.49600285,3.4246575e-12,3.4246575e-12,0.4646536111831665
LG_BraTS20_Training_297,0.70912135,0.58307564,1.17647055e-11,1.17647055e-11,0.43073232968648273
LG_BraTS20_Training_310,0.8380574,0.51811373,6.187353e-13,6.187353e-13,0.4520570437113444
LG_BraTS20_Training_324,0.7980065,0.014782676,6.365372e-12,6.365372e-12,0.2709297140439351
flairt1cet2
HG_BraTS20_Training_010,0.80530244,0.78255713,0.847891,0.847891,0.8119168281555176
HG_BraTS20_Training_012,0.8467197,0.78775144,0.7028182,0.7028182,0.7790964444478353
HG_BraTS20_Training_020,0.8854032,0.805971,0.605307,0.605307,0.7655604680379232
HG_BraTS20_Training_070,0.8956615,0.80826503,0.62148595,0.62148595,0.7751375039418539
HG_BraTS20_Training_089,0.84415334,0.5416432,0.8439148,0.8439148,0.7432370980580648
HG_BraTS20_Training_119,0.7312037,0.8510365,0.72956103,0.72956103,0.7706003983815511
HG_BraTS20_Training_124,0.94110745,0.889901,0.82834136,0.82834136,0.8864499727884928
HG_BraTS20_Training_128,0.85887325,0.27369076,0.35179263,0.35179263,0.4947855472564697
HG_BraTS20_Training_134,0.8905036,0.883868,0.7219699,0.7219699,0.8321138223012289
HG_BraTS20_Training_140,0.95025176,0.8983652,0.85004216,0.85004216,0.8995530605316162
HG_BraTS20_Training_150,0.9430264,0.9246541,0.92304415,0.92304415,0.930241584777832
HG_BraTS20_Training_180,0.6937866,0.7253426,0.8107211,0.8107211,0.7432834307352701
HG_BraTS20_Training_188,0.754601,0.70998967,0.6520439,0.6520439,0.7055448691050211
HG_BraTS20_Training_191,0.91717494,0.83553517,0.7560774,0.7560774,0.8362625439961752
HG_BraTS20_Training_201,0.90072614,0.93235666,0.8342224,0.8342224,0.8891017436981201
HG_BraTS20_Training_211,0.8861463,0.9293105,0.85273075,0.85273075,0.8893958727518717
HG_BraTS20_Training_212,0.8489619,0.78392226,0.6084272,0.6084272,0.747103770573934
HG_BraTS20_Training_226,0.8955329,0.89916116,0.8732814,0.8732814,0.8893251419067383
HG_BraTS20_Training_232,0.7692318,0.8130866,0.7398772,0.7398772,0.7740651766459147
HG_BraTS20_Training_241,0.8482676,0.714497,0.7095549,0.7095549,0.7574398517608643
HG_BraTS20_Training_245,0.78220886,0.7465922,0.6847498,0.6847498,0.7378502686818441
HG_BraTS20_Training_246,0.818053,0.6797819,0.74268436,0.74268436,0.7468397617340088
HG_BraTS20_Training_336,0.9503543,0.9506772,0.8791513,0.8791513,0.9267276128133138
HG_BraTS20_Training_338,0.92711514,0.9423985,0.90654975,0.90654975,0.9253544807434082
HG_BraTS20_Training_344,0.89502424,0.7305089,0.63970786,0.63970786,0.7550803025563558
HG_BraTS20_Training_352,0.92650956,0.5516486,0.86067826,0.86067826,0.779612143834432
LG_BraTS20_Training_262,0.87425476,0.34157762,1.59821e-12,1.59821e-12,0.40527745087941486
LG_BraTS20_Training_275,0.64737123,0.08597063,6.8399453e-12,6.8399453e-12,0.24444729089736938
LG_BraTS20_Training_278,0.8009941,0.24590741,2.5106703e-12,2.5106703e-12,0.3489671548207601
LG_BraTS20_Training_283,0.9344757,0.6517902,0.7674025,0.7674025,0.7845561504364014
LG_BraTS20_Training_291,0.93225485,0.7473613,0.016773162,0.016773162,0.565463105837504
LG_BraTS20_Training_292,0.92107254,0.8286857,0.51599896,0.51599896,0.7552523612976074
LG_BraTS20_Training_294,0.9272997,0.6973715,1.8539118e-12,1.8539118e-12,0.5415570735931396
LG_BraTS20_Training_297,0.57243484,0.5574582,1.7301037e-11,1.7301037e-11,0.3766310214996338
LG_BraTS20_Training_310,0.8787764,0.6293722,6.5789475e-13,6.5789475e-13,0.5027161836624146
LG_BraTS20_Training_324,0.8987097,0.18022217,5.1229507e-12,5.1229507e-12,0.35964397589365643
flairt1t2
HG_BraTS20_Training_010,0.79997814,0.63090706,0.24243435,0.24243435,0.5577731927235922
HG_BraTS20_Training_012,0.8423097,0.73772,0.45198175,0.45198175,0.6773371696472168
HG_BraTS20_Training_020,0.886946,0.7701339,0.38563436,0.38563436,0.6809047857920328
HG_BraTS20_Training_070,0.9029158,0.6595919,0.23162286,0.23162286,0.5980434815088908
HG_BraTS20_Training_089,0.85265666,0.41461262,0.19305556,0.19305556,0.48677492141723633
HG_BraTS20_Training_119,0.7065295,0.82244223,0.4771541,0.4771541,0.6687085628509521
HG_BraTS20_Training_124,0.9319173,0.7620816,0.43075177,0.43075177,0.7082502047220866
HG_BraTS20_Training_128,0.8596615,0.23719564,0.13633378,0.13633378,0.41106367111206055
HG_BraTS20_Training_134,0.873346,0.7820707,0.41694915,0.41694915,0.6907885869344076
HG_BraTS20_Training_140,0.948553,0.84701717,0.27603695,0.27603695,0.6905357042948405
HG_BraTS20_Training_150,0.93369716,0.786262,0.42581823,0.42581823,0.7152591546376547
HG_BraTS20_Training_180,0.69704896,0.46702108,0.31138366,0.31138366,0.4918178717295329
HG_BraTS20_Training_188,0.78055954,0.6112383,0.41235545,0.41235545,0.6013844013214111
HG_BraTS20_Training_191,0.9296763,0.59351295,0.25804958,0.25804958,0.5937463045120239
HG_BraTS20_Training_201,0.9040846,0.88938504,0.6088398,0.6088398,0.8007698059082031
HG_BraTS20_Training_211,0.8735447,0.8337769,0.5453264,0.5453264,0.7508827050526937
HG_BraTS20_Training_212,0.86019236,0.72285175,0.33608335,0.33608335,0.6397091547648112
HG_BraTS20_Training_226,0.91755205,0.86347127,0.39238054,0.39238054,0.724467913309733
HG_BraTS20_Training_232,0.7596512,0.56359535,0.39360318,0.39360318,0.5722832282384237
HG_BraTS20_Training_241,0.8685177,0.6440788,0.42160127,0.42160127,0.6447325944900513
HG_BraTS20_Training_245,0.86616224,0.84668934,0.61000204,0.61000204,0.7742845217386881
HG_BraTS20_Training_246,0.84152764,0.64506525,0.43969652,0.43969652,0.642096479733785
HG_BraTS20_Training_336,0.9483762,0.8823432,0.6100437,0.6100437,0.8135876655578613
HG_BraTS20_Training_338,0.91315526,0.7846671,0.46365738,0.46365738,0.7204932371775309
HG_BraTS20_Training_344,0.9028389,0.74107105,0.37524986,0.37524986,0.6730532646179199
HG_BraTS20_Training_352,0.93569106,0.44555598,0.3874293,0.3874293,0.5895587603251139
LG_BraTS20_Training_262,0.8745652,0.29407746,6.6608936e-13,6.6608936e-13,0.38954754670461017
LG_BraTS20_Training_275,0.734311,0.3250997,3.859514e-12,3.859514e-12,0.35313689708709717
LG_BraTS20_Training_278,0.8079284,0.5476236,7.821666e-13,7.821666e-13,0.45185065269470215
LG_BraTS20_Training_283,0.9270223,0.37796557,0.28107172,0.28107172,0.5286865234375
LG_BraTS20_Training_291,0.93755186,0.7094404,0.0069394684,0.0069394684,0.5513105392456055
LG_BraTS20_Training_292,0.9211746,0.8419136,0.22325003,0.22325003,0.6621127525965372
LG_BraTS20_Training_294,0.92859995,0.77471393,6.501528e-13,6.501528e-13,0.5677712758382162
LG_BraTS20_Training_297,0.6858059,0.7632643,1.4585764e-12,1.4585764e-12,0.48302340507507324
LG_BraTS20_Training_310,0.9126414,0.7510964,5.134788e-13,5.134788e-13,0.5545792579650879
LG_BraTS20_Training_324,0.88505495,0.39622316,1.905851e-12,1.905851e-12,0.427092711130778
flairt1cet1
HG_BraTS20_Training_010,0.75749385,0.8067488,0.853574,0.853574,0.8059388796488444
HG_BraTS20_Training_012,0.8551673,0.83043665,0.73311895,0.73311895,0.806240955988566
HG_BraTS20_Training_020,0.8916054,0.7930265,0.6162121,0.6162121,0.7669479846954346
HG_BraTS20_Training_070,0.90521926,0.80282766,0.65384907,0.65384907,0.7872986793518066
HG_BraTS20_Training_089,0.84660584,0.6474435,0.91307503,0.91307503,0.8023747603098551
HG_BraTS20_Training_119,0.7005513,0.8670554,0.74392486,0.74392486,0.7705105145772299
HG_BraTS20_Training_124,0.94507563,0.9192443,0.8372059,0.8372059,0.9005085627237955
HG_BraTS20_Training_128,0.86939776,0.29495502,0.33452916,0.33452916,0.4996273120244344
HG_BraTS20_Training_134,0.8776471,0.850017,0.7272334,0.7272334,0.818299134572347
HG_BraTS20_Training_140,0.9405487,0.9132579,0.8527652,0.8527652,0.9021906057993571
HG_BraTS20_Training_150,0.92534184,0.93965524,0.9352138,0.9352138,0.9334036509195963
HG_BraTS20_Training_180,0.72331285,0.7896171,0.84616256,0.84616256,0.7863641579945883
HG_BraTS20_Training_188,0.7428339,0.70825016,0.6477952,0.6477952,0.6996264457702637
HG_BraTS20_Training_191,0.8995226,0.804378,0.76932746,0.76932746,0.8244093259175619
HG_BraTS20_Training_201,0.90680295,0.92787564,0.8456363,0.8456363,0.8934383392333984
HG_BraTS20_Training_211,0.88644534,0.9274948,0.8460103,0.8460103,0.8866501649220785
HG_BraTS20_Training_212,0.77521944,0.64142025,0.60022986,0.60022986,0.6722898483276367
HG_BraTS20_Training_226,0.88008285,0.8966163,0.88164425,0.88164425,0.8861144383748373
HG_BraTS20_Training_232,0.8132777,0.7678116,0.6560224,0.6560224,0.7457038561503092
HG_BraTS20_Training_241,0.8466609,0.77934074,0.75468004,0.75468004,0.7935605049133301
HG_BraTS20_Training_245,0.8763065,0.81760144,0.7822581,0.7822581,0.8253886699676514
HG_BraTS20_Training_246,0.8427365,0.6793067,0.7828374,0.7828374,0.768293539683024
HG_BraTS20_Training_336,0.9442233,0.94030774,0.8574266,0.8574266,0.9139858881632487
HG_BraTS20_Training_338,0.90329397,0.94068575,0.90747374,0.90747374,0.917151133219401
HG_BraTS20_Training_344,0.91093916,0.81581783,0.65851814,0.65851814,0.79509170850118
HG_BraTS20_Training_352,0.89918095,0.6558211,0.8523925,0.8523925,0.8024648030598959
LG_BraTS20_Training_262,0.872638,0.59026617,3.9872407e-12,3.9872407e-12,0.48763473828633624
LG_BraTS20_Training_275,0.5901476,0.030188028,9.643201e-12,9.643201e-12,0.20677854617436728
LG_BraTS20_Training_278,0.78827643,0.17915915,2.4685263e-12,2.4685263e-12,0.3224785327911377
LG_BraTS20_Training_283,0.93105876,0.7464302,0.79103833,0.79103833,0.8228424390157064
LG_BraTS20_Training_291,0.9053118,0.7070746,0.025460046,0.025460046,0.5459488232930502
LG_BraTS20_Training_292,0.8839308,0.76257086,0.5014245,0.5014245,0.7159753640492758
LG_BraTS20_Training_294,0.8524407,0.5591922,2.6752274e-12,2.6752274e-12,0.4705442984898885
LG_BraTS20_Training_297,0.39789137,0.23302047,9.319665e-12,9.319665e-12,0.21030394236246744
LG_BraTS20_Training_310,0.8858541,0.5676422,7.964954e-13,7.964954e-13,0.4844987789789836
LG_BraTS20_Training_324,0.8739709,0.11830128,3.167564e-12,3.167564e-12,0.33075739940007526
flairt1ce
HG_BraTS20_Training_010,0.79052955,0.8236621,0.8715197,0.8715197,0.8285704453786215
HG_BraTS20_Training_012,0.8578794,0.8148572,0.710591,0.710591,0.7944425741831461
HG_BraTS20_Training_020,0.88797534,0.7680864,0.6080551,0.6080551,0.7547055880228678
HG_BraTS20_Training_070,0.89182395,0.7126539,0.63315207,0.63315207,0.7458766301472982
HG_BraTS20_Training_089,0.82146376,0.7298565,0.93929815,0.93929815,0.8302061557769775
HG_BraTS20_Training_119,0.73042464,0.84142196,0.7278632,0.7278632,0.7665699323018392
HG_BraTS20_Training_124,0.9486406,0.9358406,0.8534067,0.8534067,0.9126292864481608
HG_BraTS20_Training_128,0.8721815,0.37415287,0.38148147,0.38148147,0.5426052411397299
HG_BraTS20_Training_134,0.8750508,0.8431461,0.72227037,0.72227037,0.8134891192118326
HG_BraTS20_Training_140,0.9398044,0.9091276,0.8626847,0.8626847,0.9038722515106201
HG_BraTS20_Training_150,0.91961664,0.9496318,0.9407725,0.9407725,0.936673641204834
HG_BraTS20_Training_180,0.71102166,0.8126855,0.85925525,0.85925525,0.794320821762085
HG_BraTS20_Training_188,0.74381346,0.7066353,0.66139257,0.66139257,0.7039470672607422
HG_BraTS20_Training_191,0.8915241,0.7943881,0.75933844,0.75933844,0.8150835037231445
HG_BraTS20_Training_201,0.9065204,0.9278251,0.8367588,0.8367588,0.8903681437174479
HG_BraTS20_Training_211,0.8761865,0.920229,0.8463313,0.8463313,0.880915641784668
HG_BraTS20_Training_212,0.762476,0.63460165,0.6189567,0.6189567,0.6720114549001058
HG_BraTS20_Training_226,0.87393147,0.87380415,0.874233,0.874233,0.8739895820617676
HG_BraTS20_Training_232,0.8085511,0.7300386,0.6835987,0.6835987,0.7407294909159342
HG_BraTS20_Training_241,0.83969134,0.73501736,0.7086007,0.7086007,0.7611031532287598
HG_BraTS20_Training_245,0.8482449,0.7368608,0.739606,0.739606,0.774903933207194
HG_BraTS20_Training_246,0.8332121,0.62968343,0.754077,0.754077,0.738990863164266
HG_BraTS20_Training_336,0.9333824,0.9370542,0.8529218,0.8529218,0.9077861309051514
HG_BraTS20_Training_338,0.8879343,0.93981194,0.9087459,0.9087459,0.912164052327474
HG_BraTS20_Training_344,0.88469493,0.7502163,0.661708,0.661708,0.765539805094401
HG_BraTS20_Training_352,0.75521874,0.634143,0.83873224,0.83873224,0.7426980336507162
LG_BraTS20_Training_262,0.85022,0.5327367,3.713331e-12,3.713331e-12,0.46098558108011883
LG_BraTS20_Training_275,0.7449645,0.029456126,1.4005602e-11,1.4005602e-11,0.2581402063369751
LG_BraTS20_Training_278,0.81039834,0.038255233,3.1142946e-12,3.1142946e-12,0.28288451830546063
LG_BraTS20_Training_283,0.9377989,0.7673008,0.78390104,0.78390104,0.8296669324239095
LG_BraTS20_Training_291,0.8879054,0.6374501,0.024651445,0.024651445,0.5166689952214559
LG_BraTS20_Training_292,0.8488412,0.6687335,0.51538235,0.51538235,0.6776523590087891
LG_BraTS20_Training_294,0.7800746,0.22640252,7.4515645e-12,7.4515645e-12,0.3354923725128174
LG_BraTS20_Training_297,0.51127934,0.2850942,2.4691358e-11,1.0,0.2654578487078349
LG_BraTS20_Training_310,0.85458964,0.35518888,6.1394894e-13,6.1394894e-13,0.4032595157623291
LG_BraTS20_Training_324,0.8816423,0.03804054,3.885004e-12,3.885004e-12,0.3065609335899353
flairt2
HG_BraTS20_Training_010,0.7769736,0.6097837,0.36981314,0.36981314,0.58552352587382
HG_BraTS20_Training_012,0.83051395,0.6594539,0.35911527,0.35911527,0.6163610219955444
HG_BraTS20_Training_020,0.88094866,0.78278273,0.38780808,0.38780808,0.6838464736938477
HG_BraTS20_Training_070,0.89663255,0.6539496,0.2538071,0.2538071,0.6014630794525146
HG_BraTS20_Training_089,0.8598338,0.3982807,0.19421875,0.19421875,0.48411107063293457
HG_BraTS20_Training_119,0.7281693,0.7935553,0.4359974,0.4359974,0.6525740226109823
HG_BraTS20_Training_124,0.93058175,0.77312785,0.44495657,0.44495657,0.7162220478057861
HG_BraTS20_Training_128,0.85209906,0.19680548,0.15470473,0.15470473,0.40120307604471844
HG_BraTS20_Training_134,0.836626,0.741927,0.41177267,0.41177267,0.6634418964385986
HG_BraTS20_Training_140,0.9505607,0.84270763,0.34832326,0.34832326,0.7138638496398926
HG_BraTS20_Training_150,0.9337266,0.79322004,0.46674323,0.46674323,0.7312299410502116
HG_BraTS20_Training_180,0.6921708,0.47617307,0.33666897,0.33666897,0.5016709566116333
HG_BraTS20_Training_188,0.7568512,0.5982626,0.32981297,0.32981297,0.5616422494252523
HG_BraTS20_Training_191,0.923085,0.64632964,0.30375275,0.30375275,0.624389131863912
HG_BraTS20_Training_201,0.9017857,0.82861197,0.58390003,0.58390003,0.7714325586954752
HG_BraTS20_Training_211,0.8780642,0.84405214,0.55106086,0.55106086,0.757725715637207
HG_BraTS20_Training_212,0.8048232,0.6878726,0.31903657,0.31903657,0.6039108037948608
HG_BraTS20_Training_226,0.90709925,0.857341,0.4072631,0.4072631,0.723901112874349
HG_BraTS20_Training_232,0.740543,0.60955775,0.40508768,0.40508768,0.5850628217061361
HG_BraTS20_Training_241,0.844061,0.47374126,0.34032977,0.34032977,0.5527106920878092
HG_BraTS20_Training_245,0.7208109,0.7795832,0.5236982,0.5236982,0.6746973991394043
HG_BraTS20_Training_246,0.7933402,0.5914381,0.40568066,0.40568066,0.5968196392059326
HG_BraTS20_Training_336,0.95039994,0.88385403,0.6226424,0.6226424,0.8189654350280762
HG_BraTS20_Training_338,0.9114271,0.8094232,0.50460184,0.50460184,0.741817315419515
HG_BraTS20_Training_344,0.896092,0.7010821,0.3269045,0.3269045,0.6413595676422119
HG_BraTS20_Training_352,0.92603433,0.39866206,0.40595314,0.40595314,0.5768831968307495
LG_BraTS20_Training_262,0.8687871,0.25164962,5.533422e-13,5.533422e-13,0.37347888946533203
LG_BraTS20_Training_275,0.7273508,0.34182706,3.958828e-12,3.958828e-12,0.35639262199401855
LG_BraTS20_Training_278,0.79828435,0.50369424,9.252406e-13,9.252406e-13,0.433992862701416
LG_BraTS20_Training_283,0.92654413,0.4631136,0.27485523,0.27485523,0.5548376639684042
LG_BraTS20_Training_291,0.9381373,0.71273935,0.0074153296,0.0074153296,0.5527639786402384
LG_BraTS20_Training_292,0.9202238,0.7844309,0.23372737,0.23372737,0.6461273431777954
LG_BraTS20_Training_294,0.9255625,0.74801224,6.515507e-13,6.515507e-13,0.5578582286834717
LG_BraTS20_Training_297,0.60986143,0.6948927,1.8308313e-12,1.8308313e-12,0.43491804599761963
LG_BraTS20_Training_310,0.8990975,0.7377014,4.5435959e-13,4.5435959e-13,0.545599619547526
LG_BraTS20_Training_324,0.88880336,0.40193996,1.0532968e-12,1.0532968e-12,0.43024778366088867
t1t2
HG_BraTS20_Training_010,0.71903604,0.47948605,0.19749638,0.19749638,0.46533950169881183
HG_BraTS20_Training_012,0.8531362,0.66064715,0.46651798,0.46651798,0.6601004600524902
HG_BraTS20_Training_020,0.87655544,0.7761179,0.3764571,0.3764571,0.6763768196105957
HG_BraTS20_Training_070,0.84779876,0.71029466,0.31857073,0.31857073,0.6255547205607096
HG_BraTS20_Training_089,0.84210235,0.42473748,0.3119546,0.3119546,0.5262648264567057
HG_BraTS20_Training_119,0.6567389,0.75275296,0.4133923,0.4133923,0.6076280275980631
HG_BraTS20_Training_124,0.9134921,0.7242921,0.41393757,0.41393757,0.6839072704315186
HG_BraTS20_Training_128,0.7875783,0.15280862,0.14145455,0.14145455,0.3606138229370117
HG_BraTS20_Training_134,0.856525,0.8209889,0.4832485,0.4832485,0.720254103342692
HG_BraTS20_Training_140,0.935608,0.8327647,0.30981234,0.30981234,0.6927283604939779
HG_BraTS20_Training_150,0.87590706,0.7915921,0.5355918,0.5355918,0.7343636353810629
HG_BraTS20_Training_180,0.68517053,0.423328,0.2903267,0.2903267,0.46627509593963623
HG_BraTS20_Training_188,0.687574,0.65632904,0.50743884,0.50743884,0.617113987604777
HG_BraTS20_Training_191,0.9200174,0.5263517,0.28346625,0.28346625,0.5766117970148722
HG_BraTS20_Training_201,0.88914573,0.8957441,0.6830637,0.6830637,0.8226511478424072
HG_BraTS20_Training_211,0.8334856,0.84398437,0.6140931,0.6140931,0.7638543446858724
HG_BraTS20_Training_212,0.8388078,0.7362035,0.38260704,0.38260704,0.6525394121805826
HG_BraTS20_Training_226,0.8678559,0.8111045,0.37242177,0.37242177,0.6837940216064453
HG_BraTS20_Training_232,0.71858543,0.56956786,0.42406878,0.42406878,0.5707406997680664
HG_BraTS20_Training_241,0.84353757,0.65448654,0.5332832,0.5332832,0.6771024068196615
HG_BraTS20_Training_245,0.8748784,0.8150342,0.6059962,0.6059962,0.7653028964996338
HG_BraTS20_Training_246,0.8880619,0.764556,0.530271,0.530271,0.7276296615600586
HG_BraTS20_Training_336,0.92346805,0.8097854,0.59337485,0.59337485,0.7755427360534668
HG_BraTS20_Training_338,0.9058742,0.76542383,0.5026961,0.5026961,0.7246646881103516
HG_BraTS20_Training_344,0.8724445,0.7226849,0.38868797,0.38868797,0.6612724860509237
HG_BraTS20_Training_352,0.9057674,0.5082311,0.56487995,0.56487995,0.6596261660257975
LG_BraTS20_Training_262,0.8644213,0.30827817,5.880623e-13,5.880623e-13,0.3908998171488444
LG_BraTS20_Training_275,0.5919916,0.25317848,3.5868006e-12,3.5868006e-12,0.28172336022059125
LG_BraTS20_Training_278,0.7620796,0.53762203,5.7149386e-13,5.7149386e-13,0.43323389689127606
LG_BraTS20_Training_283,0.91097015,0.30713886,0.33980858,0.33980858,0.5193058649698893
LG_BraTS20_Training_291,0.9306267,0.6952583,0.0065012393,0.0065012393,0.5441287358601888
LG_BraTS20_Training_292,0.8896417,0.76040095,0.24939823,0.24939823,0.6331469615300497
LG_BraTS20_Training_294,0.895472,0.70069677,6.7331e-13,6.7331e-13,0.5320562521616617
LG_BraTS20_Training_297,0.70862937,0.75629073,1.4042971e-12,1.4042971e-12,0.4883066813151042
LG_BraTS20_Training_310,0.86948586,0.73891836,4.7776025e-13,4.7776025e-13,0.5361347198486328
LG_BraTS20_Training_324,0.83664995,0.42008874,7.9579816e-13,7.9579816e-13,0.4189128875732422
flairt1
HG_BraTS20_Training_010,0.7006419,0.67699367,0.36066076,0.36066076,0.5794320901234945
HG_BraTS20_Training_012,0.844412,0.821592,0.6173065,0.6173065,0.7611034711201986
HG_BraTS20_Training_020,0.8891113,0.75154227,0.36427763,0.36427763,0.6683104038238525
HG_BraTS20_Training_070,0.9055335,0.65292025,0.24420224,0.24420224,0.6008853514989217
HG_BraTS20_Training_089,0.8585033,0.41025716,0.3669375,0.3669375,0.5452326536178589
HG_BraTS20_Training_119,0.68605095,0.8555111,0.56949425,0.56949425,0.703685442606608
HG_BraTS20_Training_124,0.9324713,0.7488823,0.45740786,0.45740786,0.7129205067952474
HG_BraTS20_Training_128,0.86571,0.26616427,0.2582749,0.2582749,0.4633830785751343
HG_BraTS20_Training_134,0.81677735,0.63112944,0.29531875,0.29531875,0.5810751517613729
HG_BraTS20_Training_140,0.9434193,0.8600351,0.4658533,0.4658533,0.7564358711242676
HG_BraTS20_Training_150,0.8786114,0.6637533,0.46987444,0.46987444,0.6707463264465332
HG_BraTS20_Training_180,0.71577907,0.50577563,0.40014052,0.40014052,0.5405650933583578
HG_BraTS20_Training_188,0.76270837,0.5770361,0.43105826,0.43105826,0.5902675787607828
HG_BraTS20_Training_191,0.9154611,0.5442926,0.3955399,0.3955399,0.6184312105178833
HG_BraTS20_Training_201,0.90320045,0.87086713,0.6461254,0.6461254,0.8067309856414795
HG_BraTS20_Training_211,0.8640201,0.7766179,0.5793275,0.5793275,0.7399884859720866
HG_BraTS20_Training_212,0.67975813,0.44059134,0.25140938,0.25140938,0.4572529395421346
HG_BraTS20_Training_226,0.8787742,0.76121193,0.45622605,0.45622605,0.698737382888794
HG_BraTS20_Training_232,0.8527186,0.50356174,0.34956798,0.34956798,0.5686161120732626
HG_BraTS20_Training_241,0.86431694,0.51546574,0.29502854,0.29502854,0.5582704146703085
HG_BraTS20_Training_245,0.85645753,0.72902274,0.5366764,0.5366764,0.7073855400085449
HG_BraTS20_Training_246,0.81868947,0.54010504,0.31098178,0.31098178,0.556592067082723
HG_BraTS20_Training_336,0.935097,0.874163,0.650485,0.650485,0.819914976755778
HG_BraTS20_Training_338,0.87532496,0.72125465,0.48779026,0.48779026,0.6947899659474691
HG_BraTS20_Training_344,0.90670323,0.73093355,0.469418,0.469418,0.7023515701293945
HG_BraTS20_Training_352,0.90109485,0.44392157,0.51997066,0.51997066,0.6216623783111572
LG_BraTS20_Training_262,0.8685453,0.3823978,6.836204e-13,6.836204e-13,0.4169810215632121
LG_BraTS20_Training_275,0.65814924,0.12721026,7.267442e-12,7.267442e-12,0.2617865006128947
LG_BraTS20_Training_278,0.7981961,0.47664073,7.141327e-13,7.141327e-13,0.424945592880249
LG_BraTS20_Training_283,0.921669,0.36702102,0.32409114,0.32409114,0.5375937620798746
LG_BraTS20_Training_291,0.9213679,0.73491853,0.004345993,0.004345993,0.5535441637039185
LG_BraTS20_Training_292,0.87755364,0.7826845,0.17003858,0.17003858,0.6100922425587972
LG_BraTS20_Training_294,0.88966954,0.68865603,5.0691943e-13,5.0691943e-13,0.5261085033416748
LG_BraTS20_Training_297,0.5015508,0.51211524,1.7286085e-12,1.7286085e-12,0.3378886779149373
LG_BraTS20_Training_310,0.9178623,0.7203526,3.5059426e-13,3.5059426e-13,0.5460716088612875
LG_BraTS20_Training_324,0.87730294,0.33957312,3.4494653e-12,3.4494653e-12,0.4056253433227539
t1cet1
HG_BraTS20_Training_010,0.53226864,0.8246072,0.86430895,0.86430895,0.7403949101765951
HG_BraTS20_Training_012,0.7009875,0.8372945,0.76031554,0.76031554,0.7661991914113363
HG_BraTS20_Training_020,0.79474944,0.6941601,0.59886634,0.59886634,0.695925235748291
HG_BraTS20_Training_070,0.6626116,0.74751204,0.6144339,0.6144339,0.6748525301615397
HG_BraTS20_Training_089,0.7460469,0.7712335,0.9077463,0.9077463,0.8083422183990479
HG_BraTS20_Training_119,0.55167127,0.86139446,0.735001,0.735001,0.716022253036499
HG_BraTS20_Training_124,0.7827724,0.8627665,0.7819928,0.7819928,0.8091772397359213
HG_BraTS20_Training_128,0.20641075,0.17261331,0.1732205,0.1732205,0.18408151467641196
HG_BraTS20_Training_134,0.7760009,0.77424496,0.7049185,0.7049185,0.751721461613973
HG_BraTS20_Training_140,0.87044513,0.9171701,0.83473486,0.83473486,0.8741167386372884
HG_BraTS20_Training_150,0.8386391,0.93494415,0.92699367,0.92699367,0.9001922607421875
HG_BraTS20_Training_180,0.71384585,0.8279491,0.85618544,0.85618544,0.7993268171946207
HG_BraTS20_Training_188,0.5392533,0.780175,0.7107031,0.7107031,0.6767104466756185
HG_BraTS20_Training_191,0.73238295,0.7550985,0.7445218,0.7445218,0.7440010706583658
HG_BraTS20_Training_201,0.7948943,0.93440413,0.8427667,0.8427667,0.8573550383249918
HG_BraTS20_Training_211,0.7551626,0.9306878,0.8469744,0.8469744,0.8442749182383219
HG_BraTS20_Training_212,0.6466719,0.59499764,0.6401317,0.6401317,0.627267082532247
HG_BraTS20_Training_226,0.7189211,0.9188544,0.8818282,0.8818282,0.839867909749349
HG_BraTS20_Training_232,0.66268796,0.7915119,0.75598127,0.75598127,0.7367269992828369
HG_BraTS20_Training_241,0.70538265,0.7425124,0.73125786,0.73125786,0.7263843218485514
HG_BraTS20_Training_245,0.82329607,0.7767272,0.7588858,0.7588858,0.7863030433654785
HG_BraTS20_Training_246,0.72457284,0.73082006,0.828093,0.828093,0.7611619631449381
HG_BraTS20_Training_336,0.83710617,0.88733625,0.8031309,0.8031309,0.8425244490305582
HG_BraTS20_Training_338,0.83391505,0.94114834,0.89612865,0.89612865,0.8903973897298177
HG_BraTS20_Training_344,0.80892074,0.71807694,0.6414169,0.6414169,0.72280486424764
HG_BraTS20_Training_352,0.79374295,0.7774329,0.8738985,0.8738985,0.8150247732798258
LG_BraTS20_Training_262,0.6888721,0.41274497,2.1052632e-11,1.0,0.3672056992848714
LG_BraTS20_Training_275,0.22322224,0.0037409815,1.4925373e-11,1.4925373e-11,0.07565440734227498
LG_BraTS20_Training_278,0.24219163,1.5770383e-13,3.0988534e-12,3.0988534e-12,0.08073054254055023
LG_BraTS20_Training_283,0.6915196,0.82043004,0.8175501,0.8175501,0.7764999071756998
LG_BraTS20_Training_291,0.6002971,0.42893168,0.006837607,0.006837607,0.34535547097524005
LG_BraTS20_Training_292,0.78360677,0.55739796,0.51942205,0.51942205,0.6201422611872355
LG_BraTS20_Training_294,0.5656379,0.010087731,1.2437811e-11,1.2437811e-11,0.19190853834152222
LG_BraTS20_Training_297,0.10928225,3.7016473e-13,4.0883074e-12,4.0883074e-12,0.036427415907382965
LG_BraTS20_Training_310,0.5757933,0.174369,9.908839e-13,9.908839e-13,0.25005412101745605
LG_BraTS20_Training_324,0.56500334,0.0020655543,2.2862367e-12,2.2862367e-12,0.189022958278656
t1cet2
HG_BraTS20_Training_010,0.73458153,0.80563045,0.85564303,0.85564303,0.7986183166503906
HG_BraTS20_Training_012,0.82512677,0.8142227,0.75480455,0.75480455,0.7980513572692871
HG_BraTS20_Training_020,0.8532948,0.7775127,0.5817589,0.5817589,0.7375221252441406
HG_BraTS20_Training_070,0.83437437,0.8096637,0.6197329,0.6197329,0.7545903523763021
HG_BraTS20_Training_089,0.85348654,0.6339533,0.8974359,0.8974359,0.7949585914611816
HG_BraTS20_Training_119,0.6607011,0.8476859,0.7491925,0.7491925,0.7525264422098795
HG_BraTS20_Training_124,0.9124585,0.8686473,0.8021669,0.8021669,0.861090898513794
HG_BraTS20_Training_128,0.49858406,0.47690463,0.5031488,0.5031488,0.49287915229797363
HG_BraTS20_Training_134,0.86279655,0.88032216,0.71704304,0.71704304,0.8200538953145345
HG_BraTS20_Training_140,0.9369606,0.9125468,0.85158354,0.85158354,0.9003636042277018
HG_BraTS20_Training_150,0.890082,0.9228594,0.9151276,0.9151276,0.9093562761942545
HG_BraTS20_Training_180,0.69479465,0.7348673,0.82135504,0.82135504,0.7503390312194824
HG_BraTS20_Training_188,0.6523151,0.76573724,0.6936038,0.6936038,0.7038853963216146
HG_BraTS20_Training_191,0.89682025,0.8265708,0.8091907,0.8091907,0.8441939353942871
HG_BraTS20_Training_201,0.8661098,0.916012,0.83708245,0.83708245,0.87306809425354
HG_BraTS20_Training_211,0.83571565,0.93085134,0.85297686,0.85297686,0.8731812636057535
HG_BraTS20_Training_212,0.8203021,0.76975316,0.6391186,0.6391186,0.7430579662322998
HG_BraTS20_Training_226,0.84134626,0.89622074,0.86951137,0.86951137,0.8690261046091715
HG_BraTS20_Training_232,0.68654954,0.8170348,0.788218,0.788218,0.7639341354370117
HG_BraTS20_Training_241,0.81796765,0.6701441,0.6799834,0.6799834,0.7226983706156412
HG_BraTS20_Training_245,0.782159,0.7453293,0.7407521,0.7407521,0.756080150604248
HG_BraTS20_Training_246,0.85126495,0.7502839,0.82027006,0.82027006,0.8072729905446371
HG_BraTS20_Training_336,0.92554146,0.92661244,0.867852,0.867852,0.9066686630249023
HG_BraTS20_Training_338,0.91429067,0.94581485,0.90067744,0.90067744,0.9202609856923422
HG_BraTS20_Training_344,0.85899657,0.65667784,0.64836746,0.64836746,0.7213472525278727
HG_BraTS20_Training_352,0.89729667,0.8120402,0.8832857,0.8832857,0.8642075061798096
LG_BraTS20_Training_262,0.8682656,0.5195136,3.4423408e-12,3.4423408e-12,0.46259307861328125
LG_BraTS20_Training_275,0.4614325,0.09214092,7.501876e-12,7.501876e-12,0.18452447652816772
LG_BraTS20_Training_278,0.6724239,0.057995345,3.3036009e-12,3.3036009e-12,0.24347307284673056
LG_BraTS20_Training_283,0.89084715,0.7424538,0.843113,0.843113,0.8254713217417399
LG_BraTS20_Training_291,0.90201646,0.7310769,0.021135757,0.021135757,0.5514097213745117
LG_BraTS20_Training_292,0.90350264,0.64228106,0.6024418,0.6024418,0.7160751819610596
LG_BraTS20_Training_294,0.89826125,0.44112036,3.192848e-12,3.192848e-12,0.4464605251948039
LG_BraTS20_Training_297,0.59681594,0.57374215,1.8726591e-11,1.8726591e-11,0.39018603165944415
LG_BraTS20_Training_310,0.7957217,0.45055187,5.223023e-13,5.223023e-13,0.41542450586954754
LG_BraTS20_Training_324,0.7824518,0.029043432,5.7636886e-12,5.7636886e-12,0.2704984148343404
flair
HG_BraTS20_Training_010,0.67288625,0.56460243,0.3144033,0.3144033,0.5172973473866781
HG_BraTS20_Training_012,0.83931047,0.6665826,0.43234473,0.43234473,0.6460792223612467
HG_BraTS20_Training_020,0.8843168,0.75079626,0.3484939,0.3484939,0.6612023115158081
HG_BraTS20_Training_070,0.8851731,0.40121463,0.17212048,0.17212048,0.48616937796274823
HG_BraTS20_Training_089,0.8430274,0.41306275,0.21558014,0.21558014,0.4905567566553752
HG_BraTS20_Training_119,0.7127427,0.7939394,0.5290499,0.5290499,0.6785773436228434
HG_BraTS20_Training_124,0.9360051,0.75754815,0.3611922,0.3611922,0.6849151452382406
HG_BraTS20_Training_128,0.8682241,0.2451572,0.16838823,0.16838823,0.4272565046946208
HG_BraTS20_Training_134,0.66207933,0.27109984,0.18441048,0.18441048,0.37252986431121826
HG_BraTS20_Training_140,0.94990903,0.8467325,0.5253141,0.5253141,0.773985226949056
HG_BraTS20_Training_150,0.72857624,0.4757213,0.12881278,0.12881278,0.4443701108296712
HG_BraTS20_Training_180,0.73885924,0.6381606,0.46768585,0.46768585,0.6149019002914429
HG_BraTS20_Training_188,0.6602927,0.39043447,0.08974261,0.08974261,0.3801565965016683
HG_BraTS20_Training_191,0.9168663,0.59240377,0.33810163,0.33810163,0.6157905658086141
HG_BraTS20_Training_201,0.90902627,0.82625836,0.46823123,0.46823123,0.7345052560170492
HG_BraTS20_Training_211,0.6834684,0.3173032,0.08560811,0.08560811,0.36212658882141113
HG_BraTS20_Training_212,0.54534554,0.25943157,0.08108891,0.08108891,0.29528868198394775
HG_BraTS20_Training_226,0.8773121,0.6982971,0.5007782,0.5007782,0.6921291351318359
HG_BraTS20_Training_232,0.7949361,0.42558947,0.36006105,0.36006105,0.5268622239430746
HG_BraTS20_Training_241,0.8428335,0.24701716,0.09661666,0.09661666,0.3954890966415405
HG_BraTS20_Training_245,0.7237506,0.6617989,0.49995795,0.49995795,0.6285024881362915
HG_BraTS20_Training_246,0.7506501,0.3577977,0.23279347,0.23279347,0.44708041350046795
HG_BraTS20_Training_336,0.95032674,0.8690169,0.5921994,0.5921994,0.8038476308186849
HG_BraTS20_Training_338,0.8455339,0.66586053,0.44046226,0.44046226,0.6506189107894897
HG_BraTS20_Training_344,0.9008109,0.6727797,0.4355992,0.4355992,0.6697298685709635
HG_BraTS20_Training_352,0.5860641,0.3841309,0.42082083,0.42082083,0.4636719226837158
LG_BraTS20_Training_262,0.86442536,0.22191747,6.4582795e-13,6.4582795e-13,0.36211427052815753
LG_BraTS20_Training_275,0.6827372,0.15857871,6.715917e-12,6.715917e-12,0.2804386218388875
LG_BraTS20_Training_278,0.79321533,0.29513535,1.8907165e-12,1.8907165e-12,0.3627835512161255
LG_BraTS20_Training_283,0.9367581,0.5250219,0.3678071,0.3678071,0.6098624070485433
LG_BraTS20_Training_291,0.9134328,0.71088135,0.0022908736,0.0022908736,0.5422016382217407
LG_BraTS20_Training_292,0.5817339,0.120508164,0.01399753,0.01399753,0.2387465238571167
LG_BraTS20_Training_294,0.7663902,0.4166435,1.0790979e-12,1.0790979e-12,0.3943445682525635
LG_BraTS20_Training_297,0.26296788,0.016230114,2.6455026e-11,1.0,0.09306599696477254
LG_BraTS20_Training_310,0.9049399,0.6942837,2.8533927e-13,2.8533927e-13,0.5330745379130045
LG_BraTS20_Training_324,0.8231714,0.23796044,1.830161e-12,1.830161e-12,0.3537106116612752
t1
HG_BraTS20_Training_010,0.601315,0.5457465,0.19166717,0.19166717,0.44624292850494385
HG_BraTS20_Training_012,0.7119171,0.75741094,0.62673426,0.62673426,0.6986873944600424
HG_BraTS20_Training_020,0.8334304,0.6337129,0.2142926,0.2142926,0.5604786475499471
HG_BraTS20_Training_070,0.76383,0.6890147,0.27457446,0.27457446,0.5758063793182373
HG_BraTS20_Training_089,0.76312834,0.43512735,0.40280673,0.40280673,0.5336874723434448
HG_BraTS20_Training_119,0.5971456,0.78890043,0.39524308,0.39524308,0.5937630335489908
HG_BraTS20_Training_124,0.8282223,0.6533759,0.3595357,0.3595357,0.6137112776438395
HG_BraTS20_Training_128,0.10172847,7.1890727e-12,7.836991e-12,7.836991e-12,0.033909489711125694
HG_BraTS20_Training_134,0.61352587,0.59654707,0.20958273,0.20958273,0.47321856021881104
HG_BraTS20_Training_140,0.82828873,0.82003725,0.21597777,0.21597777,0.6214345693588257
HG_BraTS20_Training_150,0.80535275,0.60126615,0.42195967,0.42195967,0.6095261573791504
HG_BraTS20_Training_180,0.6103836,0.30787402,0.20962334,0.20962334,0.3759603500366211
HG_BraTS20_Training_188,0.53991884,0.67173785,0.53024083,0.53024083,0.5806325276692709
HG_BraTS20_Training_191,0.74129325,0.29338896,0.18416695,0.18416695,0.40628306070963544
HG_BraTS20_Training_201,0.81946945,0.6812148,0.46939272,0.46939272,0.6566923459370931
HG_BraTS20_Training_211,0.6995105,0.80062443,0.5525079,0.5525079,0.6842142740885416
HG_BraTS20_Training_212,0.66559845,0.49520382,0.2820673,0.2820673,0.48095651467641193
HG_BraTS20_Training_226,0.7760469,0.7126584,0.30630404,0.30630404,0.5983364582061768
HG_BraTS20_Training_232,0.6682854,0.44438025,0.2961289,0.2961289,0.4695981740951538
HG_BraTS20_Training_241,0.75965005,0.5526377,0.22104846,0.22104846,0.5111120939254761
HG_BraTS20_Training_245,0.7913184,0.6035549,0.4638511,0.4638511,0.6195748249689738
HG_BraTS20_Training_246,0.7557525,0.65427107,0.32233837,0.32233837,0.5774539709091187
HG_BraTS20_Training_336,0.8072607,0.79769593,0.5566357,0.5566357,0.7205307483673096
HG_BraTS20_Training_338,0.78835094,0.6483135,0.36437306,0.36437306,0.6003458499908447
HG_BraTS20_Training_344,0.7976183,0.66241884,0.37148362,0.37148362,0.6105069319407145
HG_BraTS20_Training_352,0.79384613,0.4083129,0.51197606,0.51197606,0.5713783899943033
LG_BraTS20_Training_262,0.55326676,0.6495565,3.407155e-12,3.407155e-12,0.40094109376271564
LG_BraTS20_Training_275,0.20044294,9.258402e-13,4.1666667e-11,1.0,0.06681431333223979
LG_BraTS20_Training_278,0.624882,0.5227161,6.633499e-13,6.633499e-13,0.38253267606099445
LG_BraTS20_Training_283,0.00012920176,8.7504374e-13,8.865248e-13,8.865248e-13,4.306725168135017e-05
LG_BraTS20_Training_291,0.8052324,0.70425737,0.007268017,0.007268017,0.5055859486262003
LG_BraTS20_Training_292,0.79577214,0.7666528,0.19996998,0.19996998,0.587464968363444
LG_BraTS20_Training_294,0.74833554,0.63526976,9.249838e-13,9.249838e-13,0.4612017472585042
LG_BraTS20_Training_297,0.4032158,0.6235414,2.3646252e-12,2.3646252e-12,0.3422524134318034
LG_BraTS20_Training_310,0.79578406,0.66714376,4.4087824e-13,4.4087824e-13,0.4876426060994466
LG_BraTS20_Training_324,0.5878737,0.20666993,1.4242985e-12,1.4242985e-12,0.26484787464141846
t1c
HG_BraTS20_Training_010,0.45902026,0.7854908,0.8856945,0.8856945,0.7100685437520345
HG_BraTS20_Training_012,0.6838241,0.82656515,0.7808878,0.7808878,0.7637590567270914
HG_BraTS20_Training_020,0.65892315,0.58293897,0.5335236,0.5335236,0.5917952060699463
HG_BraTS20_Training_070,0.5202344,0.66352725,0.58298236,0.58298236,0.5889146327972412
HG_BraTS20_Training_089,0.62760633,0.7170595,0.9389009,0.9389009,0.7611889044443766
HG_BraTS20_Training_119,0.5526688,0.83059406,0.74244577,0.74244577,0.7085695266723633
HG_BraTS20_Training_124,0.67077875,0.74217206,0.73063695,0.73063695,0.7145291964213053
HG_BraTS20_Training_128,0.0061733453,0.0588069,0.058445353,0.058445353,0.04114186763763428
HG_BraTS20_Training_134,0.7215625,0.7451506,0.7072022,0.7072022,0.7246384620666504
HG_BraTS20_Training_140,0.84775954,0.8998216,0.83880347,0.83880347,0.8621281782786051
HG_BraTS20_Training_150,0.8000345,0.93054503,0.92843145,0.92843145,0.8863370418548584
HG_BraTS20_Training_180,0.7148105,0.8289719,0.8555095,0.8555095,0.7997639973958334
HG_BraTS20_Training_188,0.48005137,0.79084814,0.7309476,0.7309476,0.6672824223836263
HG_BraTS20_Training_191,0.69343436,0.75267243,0.74443257,0.74443257,0.7301797866821289
HG_BraTS20_Training_201,0.7409909,0.86626744,0.82347643,0.82347643,0.8102448781331381
HG_BraTS20_Training_211,0.76115054,0.91844976,0.8482818,0.8482818,0.8426273663838705
HG_BraTS20_Training_212,0.51910305,0.51717514,0.59253937,0.59253937,0.5429391860961914
HG_BraTS20_Training_226,0.76066905,0.9115097,0.8839499,0.8839499,0.8520428339640299
HG_BraTS20_Training_232,0.59060514,0.7606048,0.738805,0.738805,0.6966716448465983
HG_BraTS20_Training_241,0.5412803,0.64383113,0.6259394,0.6259394,0.6036836306254069
HG_BraTS20_Training_245,0.7206021,0.71625936,0.7188499,0.7188499,0.7185704708099365
HG_BraTS20_Training_246,0.67864746,0.69431996,0.8345296,0.8345296,0.7358323733011881
HG_BraTS20_Training_336,0.8251841,0.90594745,0.8305484,0.8305484,0.8538932800292969
HG_BraTS20_Training_338,0.8123779,0.9250833,0.896142,0.896142,0.8778676986694336
HG_BraTS20_Training_344,0.75090337,0.63144696,0.64503735,0.64503735,0.6757958730061849
HG_BraTS20_Training_352,0.7245818,0.74858004,0.8818832,0.8818832,0.7850150267283121
LG_BraTS20_Training_262,0.65050906,0.5907127,9.587727e-12,9.587727e-12,0.413740595181783
LG_BraTS20_Training_275,0.047051474,7.5137124e-13,4.0716614e-12,4.0716614e-12,0.01568382481733958
LG_BraTS20_Training_278,0.08642098,1.5059788e-13,2.207993e-12,2.207993e-12,0.028806994358698528
LG_BraTS20_Training_283,0.6099008,0.85104,0.85483795,0.85483795,0.7719262440999349
LG_BraTS20_Training_291,0.45316678,0.3202467,2.3696682e-11,7.936508e-11,0.2578044931093852
LG_BraTS20_Training_292,0.6816518,0.58932376,0.44602802,0.44602802,0.5723345279693604
LG_BraTS20_Training_294,0.31030107,0.025052626,1.4124294e-11,1.4124294e-11,0.11178456743558247
LG_BraTS20_Training_297,0.035185006,0.06880116,1.6409583e-12,1.6409583e-12,0.03466205298900604
LG_BraTS20_Training_310,0.4361489,0.16378129,4.875908e-13,4.875908e-13,0.1999767223993937
LG_BraTS20_Training_324,0.56001747,0.03811574,1.7015484e-12,1.7015484e-12,0.1993777354558309
t2
HG_BraTS20_Training_010,0.7261285,0.4925024,0.26052046,0.26052046,0.4930504560470581
HG_BraTS20_Training_012,0.81478435,0.6368646,0.4644504,0.4644504,0.6386997699737549
HG_BraTS20_Training_020,0.8653815,0.74943286,0.36955485,0.36955485,0.6614563862482706
HG_BraTS20_Training_070,0.8441495,0.6446241,0.2683244,0.2683244,0.5856993198394775
HG_BraTS20_Training_089,0.8410321,0.4243963,0.3012648,0.3012648,0.5222310622533163
HG_BraTS20_Training_119,0.68606967,0.72077286,0.36821273,0.36821273,0.5916850566864014
HG_BraTS20_Training_124,0.9093978,0.711867,0.39456883,0.39456883,0.6719445387522379
HG_BraTS20_Training_128,0.59240746,0.115882754,0.110643804,0.110643804,0.2729780077934265
HG_BraTS20_Training_134,0.8243113,0.74009913,0.4105905,0.4105905,0.6583336591720581
HG_BraTS20_Training_140,0.93743867,0.8421481,0.36935344,0.36935344,0.7163134415944418
HG_BraTS20_Training_150,0.87820446,0.7884823,0.55045086,0.55045086,0.7390458583831787
HG_BraTS20_Training_180,0.64622104,0.3937555,0.20516428,0.20516428,0.4150469700495402
HG_BraTS20_Training_188,0.65530825,0.74632317,0.53826153,0.53826153,0.6466309626897176
HG_BraTS20_Training_191,0.91902405,0.5391083,0.23812392,0.23812392,0.5654187202453613
HG_BraTS20_Training_201,0.8699768,0.78118706,0.5750807,0.5750807,0.7420814832051595
HG_BraTS20_Training_211,0.8305276,0.8311216,0.6039395,0.6039395,0.7551962534586588
HG_BraTS20_Training_212,0.8248333,0.68294966,0.34005433,0.34005433,0.6159457365671793
HG_BraTS20_Training_226,0.8707555,0.79295737,0.3684073,0.3684073,0.6773734092712402
HG_BraTS20_Training_232,0.6779072,0.6093966,0.42300072,0.42300072,0.5701014995574951
HG_BraTS20_Training_241,0.8083613,0.43242976,0.35501203,0.35501203,0.531934380531311
HG_BraTS20_Training_245,0.68687016,0.73992443,0.47981775,0.47981775,0.6355374256769816
HG_BraTS20_Training_246,0.8496257,0.70768094,0.5018944,0.5018944,0.6864003340403239
HG_BraTS20_Training_336,0.9299955,0.74209017,0.5284783,0.5284783,0.733521302541097
HG_BraTS20_Training_338,0.8973409,0.7635399,0.46660802,0.46660802,0.7091629505157471
HG_BraTS20_Training_344,0.854996,0.64585793,0.26722267,0.26722267,0.5893588860829672
HG_BraTS20_Training_352,0.896698,0.47075564,0.3686239,0.3686239,0.5786925156911215
LG_BraTS20_Training_262,0.8579522,0.2509315,5.2405405e-13,5.2405405e-13,0.3696278731028239
LG_BraTS20_Training_275,0.555132,0.26925775,4.1981527e-12,4.1981527e-12,0.2747965653737386
LG_BraTS20_Training_278,0.717524,0.40462196,1.0856585e-12,1.0856585e-12,0.3740486303965251
LG_BraTS20_Training_283,0.8752042,0.37692493,0.3223866,0.3223866,0.5248385667800903
LG_BraTS20_Training_291,0.91938937,0.68562555,0.0071884138,0.0071884138,0.5374011198679606
LG_BraTS20_Training_292,0.89690775,0.4052518,0.24738988,0.24738988,0.5165164868036906
LG_BraTS20_Training_294,0.8948598,0.5715861,8.872327e-13,8.872327e-13,0.4888153076171875
LG_BraTS20_Training_297,0.6174508,0.61168617,2.1848372e-12,2.1848372e-12,0.4097123146057129
LG_BraTS20_Training_310,0.8700798,0.6793583,7.7875553e-13,7.7875553e-13,0.5164793729782104
LG_BraTS20_Training_324,0.83491594,0.3382453,7.3410657e-13,7.3410657e-13,0.3910537560780843
WT Dice,TC Dice,ET Dice,ETPro Dice,WT HD95,TC HD95,ET HD95ETPro HD95
flairt1cet1t2
HG_BraTS20_Training_010,0.7907029,0.776821,0.846821,0.846821,0.8047816753387451
HG_BraTS20_Training_012,0.8413761,0.84145534,0.7434786,0.7434786,0.8087700208028158
HG_BraTS20_Training_020,0.894003,0.8218906,0.6145656,0.6145656,0.7768197059631348
HG_BraTS20_Training_070,0.8861989,0.8224397,0.6208244,0.6208244,0.776487668355306
HG_BraTS20_Training_089,0.8211544,0.50314236,0.8379208,0.8379208,0.7207392056783041
HG_BraTS20_Training_119,0.67167807,0.861765,0.7249131,0.7249131,0.7527853647867838
HG_BraTS20_Training_124,0.94188386,0.90555376,0.854633,0.854633,0.9006902376810709
HG_BraTS20_Training_128,0.8542258,0.33415106,0.37240583,0.37240583,0.5202608903249105
HG_BraTS20_Training_134,0.8847752,0.885385,0.7369837,0.7369837,0.8357146581013998
HG_BraTS20_Training_140,0.94965196,0.91067475,0.8415127,0.8415127,0.9006131490071615
HG_BraTS20_Training_150,0.9267174,0.9200975,0.93213856,0.93213856,0.9263178507486979
HG_BraTS20_Training_180,0.7085672,0.75336945,0.8390072,0.8390072,0.766981283823649
HG_BraTS20_Training_188,0.7574943,0.7266333,0.6641132,0.6641132,0.7160802682240804
HG_BraTS20_Training_191,0.9236829,0.84716445,0.7720761,0.7720761,0.8476411501566569
HG_BraTS20_Training_201,0.92067033,0.93850774,0.84312826,0.84312826,0.9007687568664551
HG_BraTS20_Training_211,0.861455,0.9261691,0.85015166,0.85015166,0.8792586326599121
HG_BraTS20_Training_212,0.86348116,0.7564088,0.6587838,0.6587838,0.7595578829447428
HG_BraTS20_Training_226,0.8904104,0.9222989,0.87903976,0.87903976,0.897249698638916
HG_BraTS20_Training_232,0.8140223,0.74761266,0.68666923,0.68666923,0.7494347890218099
HG_BraTS20_Training_241,0.87583077,0.7667912,0.76834816,0.76834816,0.8036567370096842
HG_BraTS20_Training_245,0.89056534,0.8,0.76216894,0.76216894,0.8175780773162842
HG_BraTS20_Training_246,0.8588455,0.73226357,0.76148266,0.76148266,0.7841972510019938
HG_BraTS20_Training_336,0.94186455,0.940796,0.8688413,0.8688413,0.9171673456827799
HG_BraTS20_Training_338,0.9151854,0.93257666,0.91030043,0.91030043,0.9193542003631592
HG_BraTS20_Training_344,0.8978839,0.74020463,0.6571132,0.6571132,0.7650672594706217
HG_BraTS20_Training_352,0.92481065,0.5268077,0.8575697,0.8575697,0.7697293758392334
LG_BraTS20_Training_262,0.8600628,0.41173285,2.1172983e-12,2.1172983e-12,0.42393187681833905
LG_BraTS20_Training_275,0.7557806,0.13203943,5.0890585e-12,5.0890585e-12,0.29594000180562335
LG_BraTS20_Training_278,0.832539,0.41865286,1.943257e-12,1.943257e-12,0.41706395149230957
LG_BraTS20_Training_283,0.9278926,0.5940015,0.7260389,0.7260389,0.7493109703063965
LG_BraTS20_Training_291,0.94687295,0.73821723,0.018254837,0.018254837,0.5677816867828369
LG_BraTS20_Training_292,0.9210426,0.8716851,0.5353367,0.5353367,0.7760214805603027
LG_BraTS20_Training_294,0.92026424,0.7208053,2.5490697e-12,2.5490697e-12,0.5470231771469116
LG_BraTS20_Training_297,0.6514254,0.6762091,6.199628e-12,6.199628e-12,0.4425448576609294
LG_BraTS20_Training_310,0.8921805,0.7189114,6.204244e-13,6.204244e-13,0.5370306173960367
LG_BraTS20_Training_324,0.9087096,0.24690473,9.1911765e-12,9.1911765e-12,0.3852047920227051
t1cet1t2
HG_BraTS20_Training_010,0.6551336,0.77895576,0.83866334,0.83866334,0.7575842539469401
HG_BraTS20_Training_012,0.8352833,0.8589139,0.79263324,0.79263324,0.8289434909820557
HG_BraTS20_Training_020,0.8756044,0.8029962,0.61426693,0.61426693,0.764289140701294
HG_BraTS20_Training_070,0.7353821,0.83294266,0.6550723,0.6550723,0.7411323388417562
HG_BraTS20_Training_089,0.79364955,0.60426027,0.87955964,0.87955964,0.7591565450032552
HG_BraTS20_Training_119,0.6509733,0.8610841,0.74262345,0.74262345,0.7515602906545004
HG_BraTS20_Training_124,0.91734195,0.9096051,0.8514059,0.8514059,0.8927842775980631
HG_BraTS20_Training_128,0.8030055,0.34961912,0.35517693,0.35517693,0.5026005109151205
HG_BraTS20_Training_134,0.8776394,0.8842117,0.73446983,0.73446983,0.8321069876352946
HG_BraTS20_Training_140,0.925844,0.9134203,0.8404968,0.8404968,0.8932537237803141
HG_BraTS20_Training_150,0.8757956,0.9413189,0.92627877,0.92627877,0.9144644737243652
HG_BraTS20_Training_180,0.6786525,0.75164104,0.8517881,0.8517881,0.7606938680013021
HG_BraTS20_Training_188,0.7071768,0.7540177,0.67628515,0.67628515,0.7124932607014974
HG_BraTS20_Training_191,0.8981141,0.8192829,0.8024878,0.8024878,0.8399616082509359
HG_BraTS20_Training_201,0.9033585,0.92952305,0.84816605,0.84816605,0.8936825593312582
HG_BraTS20_Training_211,0.81201756,0.92996055,0.8456435,0.8456435,0.8625405629475912
HG_BraTS20_Training_212,0.8317313,0.75156206,0.6591669,0.6591669,0.7474867502848307
HG_BraTS20_Training_226,0.8110347,0.91479754,0.8808667,0.8808667,0.8688996632893881
HG_BraTS20_Training_232,0.7895054,0.76548046,0.684762,0.684762,0.7465826670328776
HG_BraTS20_Training_241,0.8520533,0.7726219,0.7668601,0.7668601,0.7971784273783366
HG_BraTS20_Training_245,0.8895928,0.80613256,0.7905632,0.7905632,0.8287628491719564
HG_BraTS20_Training_246,0.85335046,0.8307949,0.81909585,0.81909585,0.8344136873881022
HG_BraTS20_Training_336,0.91329163,0.927386,0.87045646,0.87045646,0.9037113189697266
HG_BraTS20_Training_338,0.9075475,0.9510678,0.91194963,0.91194963,0.9235216776529948
HG_BraTS20_Training_344,0.8634294,0.6713799,0.6441457,0.6441457,0.726318359375
HG_BraTS20_Training_352,0.8981813,0.8013305,0.87561935,0.87561935,0.8583770593007406
LG_BraTS20_Training_262,0.85450476,0.5497991,4.664179e-12,4.664179e-12,0.46810126304626465
LG_BraTS20_Training_275,0.65925825,0.17594521,3.5038543e-12,3.5038543e-12,0.27840115626653034
LG_BraTS20_Training_278,0.789996,0.28466353,2.2123893e-12,2.2123893e-12,0.35821986198425293
LG_BraTS20_Training_283,0.8891428,0.6747624,0.7709325,0.7709325,0.7782792250315348
LG_BraTS20_Training_291,0.9200841,0.7479553,0.023451032,0.023451032,0.5638301769892374
LG_BraTS20_Training_292,0.9073536,0.6753489,0.5792575,0.5792575,0.7206532955169678
LG_BraTS20_Training_294,0.88486236,0.5103389,3.9572616e-12,3.9572616e-12,0.4650670687357585
LG_BraTS20_Training_297,0.7377596,0.66186327,2.9922202e-12,2.9922202e-12,0.46654097239176434
LG_BraTS20_Training_310,0.7649711,0.5240096,3.6844627e-13,3.6844627e-13,0.42966024080912274
LG_BraTS20_Training_324,0.76497185,0.04010902,3.327787e-12,3.327787e-12,0.26836029688517254
flairt1cet2
HG_BraTS20_Training_010,0.797154,0.7659005,0.83470106,0.83470106,0.7992518742879232
HG_BraTS20_Training_012,0.8397854,0.80558324,0.7256306,0.7256306,0.7903330326080322
HG_BraTS20_Training_020,0.8900361,0.83077776,0.61124575,0.61124575,0.7773532072703043
HG_BraTS20_Training_070,0.8697607,0.8399614,0.6416906,0.6416906,0.7838042577107748
HG_BraTS20_Training_089,0.79910374,0.46936095,0.8161031,0.8161031,0.6948559284210205
HG_BraTS20_Training_119,0.71188563,0.8453067,0.7201916,0.7201916,0.7591279347737631
HG_BraTS20_Training_124,0.9382741,0.89885765,0.861424,0.861424,0.8995185693105062
HG_BraTS20_Training_128,0.84256554,0.30694893,0.36560965,0.36560965,0.5050413608551025
HG_BraTS20_Training_134,0.8958346,0.8941609,0.73866516,0.73866516,0.8428869247436523
HG_BraTS20_Training_140,0.9463978,0.8876517,0.84376466,0.84376466,0.89260466893514
HG_BraTS20_Training_150,0.93209416,0.8999395,0.928928,0.928928,0.9203205108642578
HG_BraTS20_Training_180,0.67288333,0.7030908,0.8028105,0.8028105,0.7262615362803141
HG_BraTS20_Training_188,0.7421835,0.6835413,0.63159513,0.63159513,0.6857732931772867
HG_BraTS20_Training_191,0.9198507,0.8692442,0.7779131,0.7779131,0.8556693394978842
HG_BraTS20_Training_201,0.9241984,0.92868423,0.83545834,0.83545834,0.8961136341094971
HG_BraTS20_Training_211,0.85470134,0.91317415,0.8398131,0.8398131,0.8692294756571451
HG_BraTS20_Training_212,0.910398,0.85648984,0.6552131,0.6552131,0.8073670069376627
HG_BraTS20_Training_226,0.8811434,0.9194002,0.88309485,0.88309485,0.894546111424764
HG_BraTS20_Training_232,0.8547875,0.76035166,0.6610631,0.6610631,0.7587340672810873
HG_BraTS20_Training_241,0.8793165,0.75258106,0.75206363,0.75206363,0.7946537335713705
HG_BraTS20_Training_245,0.8695247,0.77535504,0.7297585,0.7297585,0.791546106338501
HG_BraTS20_Training_246,0.8465357,0.73604274,0.75664234,0.75664234,0.7797402540842692
HG_BraTS20_Training_336,0.93975174,0.9455657,0.8750155,0.8750155,0.9201110204060873
HG_BraTS20_Training_338,0.9040352,0.92273635,0.90346277,0.90346277,0.9100780487060547
HG_BraTS20_Training_344,0.89145935,0.7233918,0.6416438,0.6416438,0.7521649996439616
HG_BraTS20_Training_352,0.89848226,0.4953489,0.845303,0.845303,0.7463780244191488
LG_BraTS20_Training_262,0.8233248,0.2809041,1.3345789e-12,1.3345789e-12,0.3680763244628906
LG_BraTS20_Training_275,0.7995932,0.16298003,4.616805e-12,4.616805e-12,0.32085774342219037
LG_BraTS20_Training_278,0.8338012,0.33459595,2.0990763e-12,2.0990763e-12,0.3894657293955485
LG_BraTS20_Training_283,0.9174084,0.5978016,0.7416693,0.7416693,0.7522931098937988
LG_BraTS20_Training_291,0.95224386,0.73638666,0.017006522,0.017006522,0.5685456991195679
LG_BraTS20_Training_292,0.9111551,0.85175765,0.4560225,0.4560225,0.7396450837453207
LG_BraTS20_Training_294,0.9156947,0.72087866,2.1953897e-12,2.1953897e-12,0.5455244382222494
LG_BraTS20_Training_297,0.72406495,0.7485282,3.977725e-12,3.977725e-12,0.490864356358846
LG_BraTS20_Training_310,0.88965374,0.7300165,5.281225e-13,5.281225e-13,0.5398900906244913
LG_BraTS20_Training_324,0.90256166,0.22891124,3.7467217e-12,3.7467217e-12,0.37715764840443927
flairt1t2
HG_BraTS20_Training_010,0.78843236,0.66633904,0.21037567,0.21037567,0.5550490220387777
HG_BraTS20_Training_012,0.83258355,0.77388805,0.48501492,0.48501492,0.6971621513366699
HG_BraTS20_Training_020,0.88999146,0.8221799,0.41210786,0.41210786,0.7080930868784586
HG_BraTS20_Training_070,0.8902953,0.68416804,0.24953347,0.24953347,0.6079989274342855
HG_BraTS20_Training_089,0.82846206,0.37704846,0.17387694,0.17387694,0.4597957928975423
HG_BraTS20_Training_119,0.6549867,0.79213834,0.4235248,0.4235248,0.6235499382019043
HG_BraTS20_Training_124,0.92866653,0.7648139,0.44583437,0.44583437,0.7131049633026123
HG_BraTS20_Training_128,0.84752053,0.23859788,0.16832098,0.16832098,0.4181464910507202
HG_BraTS20_Training_134,0.8816656,0.8104735,0.44542933,0.44542933,0.712522824605306
HG_BraTS20_Training_140,0.9438203,0.8329838,0.23745076,0.23745076,0.6714182694753011
HG_BraTS20_Training_150,0.9164829,0.78205645,0.4591025,0.4591025,0.7192139625549316
HG_BraTS20_Training_180,0.68142444,0.5451585,0.4021642,0.4021642,0.5429157416025797
HG_BraTS20_Training_188,0.7665513,0.62735313,0.44976613,0.44976613,0.6145568688710531
HG_BraTS20_Training_191,0.93628377,0.62953717,0.2654724,0.2654724,0.6104311148325602
HG_BraTS20_Training_201,0.9235267,0.8543856,0.60957795,0.60957795,0.7958300908406576
HG_BraTS20_Training_211,0.84435874,0.7785263,0.508331,0.508331,0.7104053497314453
HG_BraTS20_Training_212,0.8937513,0.7763635,0.37099603,0.37099603,0.6803702513376871
HG_BraTS20_Training_226,0.9037971,0.8962584,0.4065153,0.4065153,0.7355236212412516
HG_BraTS20_Training_232,0.82840836,0.5634586,0.38771513,0.38771513,0.5931940078735352
HG_BraTS20_Training_241,0.8839061,0.6134316,0.45285913,0.45285913,0.6500656207402548
HG_BraTS20_Training_245,0.9014199,0.85712945,0.616579,0.616579,0.7917094230651855
HG_BraTS20_Training_246,0.8761415,0.70278007,0.46053725,0.46053725,0.6798195838928223
HG_BraTS20_Training_336,0.9384931,0.8854271,0.5804479,0.5804479,0.8014560540517172
HG_BraTS20_Training_338,0.9072179,0.76886034,0.44511715,0.44511715,0.7070651849110922
HG_BraTS20_Training_344,0.8952189,0.73464024,0.3912232,0.3912232,0.6736941337585449
HG_BraTS20_Training_352,0.92002076,0.4437709,0.3465965,0.3465965,0.57012939453125
LG_BraTS20_Training_262,0.8428186,0.26242337,5.8312437e-13,5.8312437e-13,0.3684140046437581
LG_BraTS20_Training_275,0.81663895,0.33787292,2.9620852e-12,2.9620852e-12,0.3848373095194499
LG_BraTS20_Training_278,0.8378218,0.6024645,6.370644e-13,6.370644e-13,0.4800954262415568
LG_BraTS20_Training_283,0.9247489,0.35823902,0.32110468,0.32110468,0.5346975326538086
LG_BraTS20_Training_291,0.950559,0.6713227,0.006444013,0.006444013,0.5427752335866293
LG_BraTS20_Training_292,0.9099181,0.8715782,0.24647364,0.24647364,0.6759899457295736
LG_BraTS20_Training_294,0.914756,0.76701444,5.98659e-13,5.98659e-13,0.5605901479721069
LG_BraTS20_Training_297,0.74087685,0.8174779,1.3308491e-12,1.3308491e-12,0.5194515784581503
LG_BraTS20_Training_310,0.91250634,0.8133083,4.3455587e-13,4.3455587e-13,0.5752715269724528
LG_BraTS20_Training_324,0.9003776,0.4146857,1.5725743e-12,1.5725743e-12,0.4383544127146403
flairt1cet1
HG_BraTS20_Training_010,0.7533125,0.8060923,0.8507071,0.8507071,0.8033706347147623
HG_BraTS20_Training_012,0.84980166,0.8173949,0.7310068,0.7310068,0.7994011243184408
HG_BraTS20_Training_020,0.8915086,0.80949146,0.62750864,0.62750864,0.7761695384979248
HG_BraTS20_Training_070,0.8984693,0.828631,0.6716964,0.6716964,0.7995989322662354
HG_BraTS20_Training_089,0.8375723,0.6138499,0.90485364,0.90485364,0.7854252656300863
HG_BraTS20_Training_119,0.68756485,0.8583247,0.74174994,0.74174994,0.7625465393066406
HG_BraTS20_Training_124,0.94748837,0.93762594,0.8566415,0.8566415,0.9139185746510824
HG_BraTS20_Training_128,0.86461115,0.287693,0.31012374,0.31012374,0.4874759515126546
HG_BraTS20_Training_134,0.86337614,0.84222865,0.7353509,0.7353509,0.8136518796284994
HG_BraTS20_Training_140,0.9463722,0.9158322,0.853601,0.853601,0.9052685101826986
HG_BraTS20_Training_150,0.9253009,0.9279184,0.9363951,0.9363951,0.9298714796702067
HG_BraTS20_Training_180,0.7364141,0.8463555,0.86750257,0.86750257,0.8167573610941569
HG_BraTS20_Training_188,0.7346884,0.7134945,0.6593177,0.6593177,0.7025001843770345
HG_BraTS20_Training_191,0.91052467,0.8545427,0.8071065,0.8071065,0.8573912779490153
HG_BraTS20_Training_201,0.9274557,0.9290438,0.85021096,0.85021096,0.9022368590037028
HG_BraTS20_Training_211,0.85551053,0.92240417,0.8476021,0.8476021,0.8751722971598307
HG_BraTS20_Training_212,0.7914324,0.6184755,0.59677744,0.59677744,0.6688950856526693
HG_BraTS20_Training_226,0.87632024,0.9155966,0.88937414,0.88937414,0.8937637011210123
HG_BraTS20_Training_232,0.8673965,0.7534348,0.62754697,0.62754697,0.749459425608317
HG_BraTS20_Training_241,0.87899786,0.8243293,0.78298867,0.78298867,0.8287719090779623
HG_BraTS20_Training_245,0.9017489,0.82885367,0.7997114,0.7997114,0.8434379895528158
HG_BraTS20_Training_246,0.88251555,0.7402146,0.7994822,0.7994822,0.8074041207631429
HG_BraTS20_Training_336,0.9357038,0.9372166,0.8599907,0.8599907,0.9109703699747721
HG_BraTS20_Training_338,0.89987713,0.9410842,0.9177899,0.9177899,0.9195837179819742
HG_BraTS20_Training_344,0.9053391,0.79474163,0.6773146,0.6773146,0.7924651304880778
HG_BraTS20_Training_352,0.8982153,0.6299973,0.84950644,0.84950644,0.7925729751586914
LG_BraTS20_Training_262,0.866969,0.62481135,5.313496e-12,5.313496e-12,0.49726009368896484
LG_BraTS20_Training_275,0.6256161,0.055104032,5.790388e-12,5.790388e-12,0.22690669695536295
LG_BraTS20_Training_278,0.8071425,0.25106293,2.6723678e-12,2.6723678e-12,0.35273512204488117
LG_BraTS20_Training_283,0.938368,0.73239917,0.77566135,0.77566135,0.8154761791229248
LG_BraTS20_Training_291,0.9246382,0.74372745,0.03190491,0.03190491,0.5667568842569987
LG_BraTS20_Training_292,0.8465747,0.74641097,0.5111631,0.5111631,0.7013829549153646
LG_BraTS20_Training_294,0.893384,0.60287505,2.7746948e-12,2.7746948e-12,0.49875299135843915
LG_BraTS20_Training_297,0.41353828,0.28251076,2.0242915e-11,1.0,0.23201634486516318
LG_BraTS20_Training_310,0.89521706,0.6196346,6.8422855e-13,6.8422855e-13,0.5049505631128947
LG_BraTS20_Training_324,0.895881,0.16850618,3.782148e-12,3.782148e-12,0.35479573408762616
flairt1ce
HG_BraTS20_Training_010,0.78720164,0.84193754,0.8730307,0.8730307,0.8340566158294678
HG_BraTS20_Training_012,0.8439839,0.8475849,0.74831986,0.74831986,0.8132962385813395
HG_BraTS20_Training_020,0.8872553,0.7761123,0.6151953,0.6151953,0.7595210075378418
HG_BraTS20_Training_070,0.86641204,0.7405631,0.6494,0.6494,0.7521250247955322
HG_BraTS20_Training_089,0.8168958,0.7597872,0.93879,0.93879,0.8384910424550375
HG_BraTS20_Training_119,0.73021024,0.85958165,0.7495766,0.7495766,0.7797895272572836
HG_BraTS20_Training_124,0.94539756,0.9549791,0.87677896,0.87677896,0.9257185459136963
HG_BraTS20_Training_128,0.83020335,0.38385734,0.3669369,0.3669369,0.5269991954167684
HG_BraTS20_Training_134,0.8493367,0.82861096,0.7289674,0.7289674,0.8023050626118978
HG_BraTS20_Training_140,0.94506454,0.9094366,0.86582375,0.86582375,0.9067749977111816
HG_BraTS20_Training_150,0.9259246,0.9468991,0.94057685,0.94057685,0.9378001689910889
HG_BraTS20_Training_180,0.70992154,0.83939034,0.8634082,0.8634082,0.8042400677998861
HG_BraTS20_Training_188,0.72816783,0.7195785,0.67012125,0.67012125,0.7059558232625326
HG_BraTS20_Training_191,0.895763,0.8252196,0.78771377,0.78771377,0.8362321058909098
HG_BraTS20_Training_201,0.92774945,0.932716,0.84275013,0.84275013,0.9010718663533529
HG_BraTS20_Training_211,0.84785706,0.92832285,0.8506294,0.8506294,0.8756031195322672
HG_BraTS20_Training_212,0.7757863,0.59913963,0.61527854,0.61527854,0.6634014447530111
HG_BraTS20_Training_226,0.86691815,0.8880365,0.88221085,0.88221085,0.8790551821390787
HG_BraTS20_Training_232,0.8675428,0.76940304,0.66788596,0.66788596,0.7682772477467855
HG_BraTS20_Training_241,0.87120706,0.7777741,0.7320066,0.7320066,0.7936625480651855
HG_BraTS20_Training_245,0.88935685,0.7463989,0.75294673,0.75294673,0.796234130859375
HG_BraTS20_Training_246,0.85969096,0.64742655,0.7544971,0.7544971,0.7538715203603109
HG_BraTS20_Training_336,0.9257818,0.9402001,0.86051875,0.86051875,0.9088335037231445
HG_BraTS20_Training_338,0.878614,0.943264,0.9131471,0.9131471,0.911674976348877
HG_BraTS20_Training_344,0.884362,0.6714995,0.6597306,0.6597306,0.7385307153066
HG_BraTS20_Training_352,0.82236004,0.6739687,0.85660714,0.85660714,0.7843119303385416
LG_BraTS20_Training_262,0.84312034,0.59870267,5.9136606e-12,5.9136606e-12,0.48060766855875653
LG_BraTS20_Training_275,0.79647315,0.05798067,6.925208e-12,6.925208e-12,0.2848179340362549
LG_BraTS20_Training_278,0.8325777,0.04102548,3.4281796e-12,3.4281796e-12,0.29120105504989624
LG_BraTS20_Training_283,0.92853934,0.7617453,0.7717908,0.7717908,0.8206918239593506
LG_BraTS20_Training_291,0.90863174,0.6610313,0.03258656,0.03258656,0.5340832074483236
LG_BraTS20_Training_292,0.8482424,0.705418,0.53514004,0.53514004,0.6962668100992838
LG_BraTS20_Training_294,0.8298747,0.28472367,6.5189048e-12,6.5189048e-12,0.3715327978134155
LG_BraTS20_Training_297,0.5110301,0.30353716,4.048583e-11,1.0,0.2715224027633667
LG_BraTS20_Training_310,0.85938853,0.41536388,4.738663e-13,4.738663e-13,0.42491745948791504
LG_BraTS20_Training_324,0.90066504,0.035270136,4.1271153e-12,4.1271153e-12,0.31197839975357056
flairt2
HG_BraTS20_Training_010,0.79137444,0.47334054,0.23432225,0.23432225,0.4996790885925293
HG_BraTS20_Training_012,0.8215353,0.695261,0.37852642,0.37852642,0.6317742665608724
HG_BraTS20_Training_020,0.88827425,0.82858795,0.40292338,0.40292338,0.7065951824188232
HG_BraTS20_Training_070,0.8830511,0.6864662,0.25143299,0.25143299,0.606983462969462
HG_BraTS20_Training_089,0.82641596,0.36188015,0.168714,0.168714,0.45233670870463055
HG_BraTS20_Training_119,0.7030866,0.7770841,0.411566,0.411566,0.6305789152781168
HG_BraTS20_Training_124,0.923928,0.7910264,0.46827254,0.46827254,0.7277422746022543
HG_BraTS20_Training_128,0.8412379,0.20750025,0.20454837,0.20454837,0.4177621603012085
HG_BraTS20_Training_134,0.87037134,0.8146023,0.44772676,0.44772676,0.7109001477559408
HG_BraTS20_Training_140,0.94338816,0.82396704,0.31904435,0.31904435,0.6954665184020996
HG_BraTS20_Training_150,0.92038774,0.786405,0.4636582,0.4636582,0.7234837214152018
HG_BraTS20_Training_180,0.6685946,0.5287846,0.39883485,0.39883485,0.5320713122685751
HG_BraTS20_Training_188,0.75906855,0.56729746,0.35605976,0.35605976,0.5608085791269938
HG_BraTS20_Training_191,0.9354523,0.69661736,0.29461545,0.29461545,0.642228364944458
HG_BraTS20_Training_201,0.93219376,0.8057459,0.5766078,0.5766078,0.7715158462524414
HG_BraTS20_Training_211,0.8462962,0.8126731,0.51445395,0.51445395,0.7244744300842285
HG_BraTS20_Training_212,0.88157016,0.7838645,0.38689676,0.38689676,0.6841104825337728
HG_BraTS20_Training_226,0.89535934,0.8943421,0.4398993,0.4398993,0.7432002226511637
HG_BraTS20_Training_232,0.8199626,0.60587656,0.39251962,0.39251962,0.6061195929845175
HG_BraTS20_Training_241,0.8902213,0.5693742,0.40058154,0.40058154,0.6200590133666992
HG_BraTS20_Training_245,0.8581678,0.85375655,0.6157199,0.6157199,0.7758814493815104
HG_BraTS20_Training_246,0.83551705,0.6594236,0.42699596,0.42699596,0.6406455437342325
HG_BraTS20_Training_336,0.93667895,0.893677,0.5947738,0.5947738,0.8083765506744385
HG_BraTS20_Training_338,0.8959156,0.7898912,0.47581136,0.47581136,0.720539410909017
HG_BraTS20_Training_344,0.8854089,0.6939491,0.3142576,0.3142576,0.6312052011489868
HG_BraTS20_Training_352,0.90405023,0.42508525,0.4074539,0.4074539,0.5788631041844686
LG_BraTS20_Training_262,0.82109815,0.2226696,4.947311e-13,4.947311e-13,0.34792256355285645
LG_BraTS20_Training_275,0.82141954,0.36505762,2.3815195e-12,2.3815195e-12,0.3954923947652181
LG_BraTS20_Training_278,0.83028895,0.58135855,6.7476385e-13,6.7476385e-13,0.4705491860707601
LG_BraTS20_Training_283,0.9129312,0.43335864,0.30170912,0.30170912,0.5493330160776774
LG_BraTS20_Training_291,0.9548005,0.68125516,0.00682187,0.00682187,0.5476258595784506
LG_BraTS20_Training_292,0.9129158,0.84770125,0.24282673,0.24282673,0.667814572652181
LG_BraTS20_Training_294,0.91458434,0.74599415,6.642753e-13,6.642753e-13,0.5535261631011963
LG_BraTS20_Training_297,0.68686855,0.75681806,1.6570008e-12,1.6570008e-12,0.48122886816660565
LG_BraTS20_Training_310,0.9097954,0.8090759,3.8268724e-13,3.8268724e-13,0.5729571183522543
LG_BraTS20_Training_324,0.8866291,0.39050123,8.5940185e-13,8.5940185e-13,0.42571012179056805
t1t2
HG_BraTS20_Training_010,0.696211,0.5248279,0.19679387,0.19679387,0.47261091073354083
HG_BraTS20_Training_012,0.8486963,0.72530293,0.548845,0.548845,0.7076147397359213
HG_BraTS20_Training_020,0.87461793,0.8123238,0.39218655,0.39218655,0.6930427551269531
HG_BraTS20_Training_070,0.8197047,0.71044093,0.30746335,0.30746335,0.612536350886027
HG_BraTS20_Training_089,0.8076596,0.39719883,0.29730967,0.29730967,0.5007226864496866
HG_BraTS20_Training_119,0.6418453,0.7426463,0.40418738,0.40418738,0.5962262948354086
HG_BraTS20_Training_124,0.9066487,0.7220628,0.41228306,0.41228306,0.6803315480550131
HG_BraTS20_Training_128,0.80703336,0.19955842,0.17312157,0.17312157,0.39323778947194415
HG_BraTS20_Training_134,0.86467737,0.83032143,0.49824458,0.49824458,0.7310810883839926
HG_BraTS20_Training_140,0.92165613,0.8072981,0.2518688,0.2518688,0.6602743864059448
HG_BraTS20_Training_150,0.8673129,0.81649977,0.60053676,0.60053676,0.7614498138427734
HG_BraTS20_Training_180,0.6611898,0.5049599,0.40644926,0.40644926,0.524199644724528
HG_BraTS20_Training_188,0.69837314,0.72193867,0.57946557,0.57946557,0.6665924390157064
HG_BraTS20_Training_191,0.9206427,0.5200767,0.29612795,0.29612795,0.5789490938186646
HG_BraTS20_Training_201,0.90190405,0.8676888,0.6839372,0.6839372,0.8178432782491049
HG_BraTS20_Training_211,0.8168653,0.8259367,0.59791386,0.59791386,0.7469053268432617
HG_BraTS20_Training_212,0.8777435,0.78556055,0.4204661,0.4204661,0.6945900917053223
HG_BraTS20_Training_226,0.850851,0.8499365,0.38372412,0.38372412,0.6948372522989908
HG_BraTS20_Training_232,0.80216265,0.51807594,0.3499934,0.3499934,0.5567440191904703
HG_BraTS20_Training_241,0.8586504,0.5980768,0.5236299,0.5236299,0.6601190567016602
HG_BraTS20_Training_245,0.8945269,0.81001484,0.6022878,0.6022878,0.7689431508382162
HG_BraTS20_Training_246,0.86015254,0.7950503,0.5364978,0.5364978,0.7305668989817301
HG_BraTS20_Training_336,0.90944874,0.859692,0.60489273,0.60489273,0.7913444836934408
HG_BraTS20_Training_338,0.9086734,0.7768716,0.5026834,0.5026834,0.7294094562530518
HG_BraTS20_Training_344,0.86735535,0.75589925,0.43048987,0.43048987,0.684581438700358
HG_BraTS20_Training_352,0.9041043,0.49457738,0.56660587,0.56660587,0.6550958156585693
LG_BraTS20_Training_262,0.830421,0.3037645,5.7846935e-13,5.7846935e-13,0.37806181112925213
LG_BraTS20_Training_275,0.7173834,0.23626883,4.091653e-12,4.091653e-12,0.31788406769434613
LG_BraTS20_Training_278,0.80599535,0.5553082,5.144562e-13,5.144562e-13,0.4537678559621175
LG_BraTS20_Training_283,0.8967824,0.2994154,0.34870788,0.34870788,0.5149685541788737
LG_BraTS20_Training_291,0.9338475,0.67612755,0.006157933,0.006157933,0.5387109915415446
LG_BraTS20_Training_292,0.8852205,0.82043165,0.27443838,0.27443838,0.660030206044515
LG_BraTS20_Training_294,0.87318456,0.6978754,7.683442e-13,7.683442e-13,0.5236866474151611
LG_BraTS20_Training_297,0.7798281,0.793456,1.1579435e-12,1.1579435e-12,0.5244280497233073
LG_BraTS20_Training_310,0.8569578,0.75887567,4.1657988e-13,4.1657988e-13,0.5386111736297607
LG_BraTS20_Training_324,0.8141942,0.36745113,9.0489546e-13,9.0489546e-13,0.39388179779052734
flairt1
HG_BraTS20_Training_010,0.68669295,0.65393114,0.3385647,0.3385647,0.5597295761108398
HG_BraTS20_Training_012,0.8403328,0.8128583,0.59165245,0.59165245,0.7482811609903971
HG_BraTS20_Training_020,0.8872306,0.8162055,0.3759495,0.3759495,0.6931285858154297
HG_BraTS20_Training_070,0.8925799,0.73424864,0.31943342,0.31943342,0.6487540006637573
HG_BraTS20_Training_089,0.8407538,0.37780935,0.35060698,0.35060698,0.5230566660563151
HG_BraTS20_Training_119,0.6660646,0.8101117,0.4873124,0.4873124,0.6544962326685587
HG_BraTS20_Training_124,0.93030196,0.7586943,0.49246684,0.49246684,0.7271544138590494
HG_BraTS20_Training_128,0.8766785,0.26483518,0.26458207,0.26458207,0.46869858105977374
HG_BraTS20_Training_134,0.8087685,0.6513023,0.3666796,0.3666796,0.6089168389638265
HG_BraTS20_Training_140,0.9392528,0.8437798,0.44084534,0.44084534,0.7412926355997721
HG_BraTS20_Training_150,0.8842434,0.66799515,0.51407576,0.51407576,0.6887714068094889
HG_BraTS20_Training_180,0.70736784,0.6048799,0.5151427,0.5151427,0.6091301441192627
HG_BraTS20_Training_188,0.72000813,0.5165937,0.38871405,0.38871405,0.5417719682057699
HG_BraTS20_Training_191,0.93313974,0.60566497,0.4790808,0.4790808,0.6726285616556803
HG_BraTS20_Training_201,0.9215712,0.86149627,0.6764634,0.6764634,0.819843610127767
HG_BraTS20_Training_211,0.83405834,0.7280693,0.55302024,0.55302024,0.7050492763519287
HG_BraTS20_Training_212,0.7243423,0.4770522,0.27616754,0.27616754,0.49252068996429443
HG_BraTS20_Training_226,0.87775534,0.8163605,0.49807277,0.49807277,0.7307295799255371
HG_BraTS20_Training_232,0.8756857,0.53868055,0.40444392,0.40444392,0.6062700748443604
HG_BraTS20_Training_241,0.8772082,0.45630896,0.35405147,0.35405147,0.5625228484471639
HG_BraTS20_Training_245,0.8868393,0.7872944,0.5725508,0.5725508,0.7488948504130045
HG_BraTS20_Training_246,0.8479931,0.5928838,0.34887508,0.34887508,0.5965840021769205
HG_BraTS20_Training_336,0.9290758,0.8969069,0.67901397,0.67901397,0.8349989255269369
HG_BraTS20_Training_338,0.86554366,0.715545,0.50530875,0.50530875,0.6954658031463623
HG_BraTS20_Training_344,0.8952343,0.7386714,0.49787837,0.49787837,0.710594654083252
HG_BraTS20_Training_352,0.87786233,0.43931398,0.44606146,0.44606146,0.5877459446589152
LG_BraTS20_Training_262,0.8488563,0.41731665,7.759156e-13,7.759156e-13,0.4220576286315918
LG_BraTS20_Training_275,0.72793776,0.23116258,3.654971e-12,3.654971e-12,0.31970012187957764
LG_BraTS20_Training_278,0.8301414,0.52571046,5.886508e-13,5.886508e-13,0.4519506295522054
LG_BraTS20_Training_283,0.9338404,0.3575847,0.35868666,0.35868666,0.5500372648239136
LG_BraTS20_Training_291,0.9348176,0.70775247,0.00536441,0.00536441,0.5493114789326986
LG_BraTS20_Training_292,0.8651216,0.80098265,0.19785124,0.19785124,0.621318499247233
LG_BraTS20_Training_294,0.89863455,0.7121798,3.8461538e-13,3.8461538e-13,0.5369381109873453
LG_BraTS20_Training_297,0.57477665,0.60738283,1.354463e-12,1.354463e-12,0.3940531412760417
LG_BraTS20_Training_310,0.9208401,0.79068685,3.1129374e-13,3.1129374e-13,0.5705089569091797
LG_BraTS20_Training_324,0.88080007,0.41898593,1.8251505e-12,1.8251505e-12,0.4332619905471802
t1cet1
HG_BraTS20_Training_010,0.55079997,0.8494325,0.86851573,0.86851573,0.7562494277954102
HG_BraTS20_Training_012,0.7309857,0.877615,0.8006403,0.8006403,0.8030803203582764
HG_BraTS20_Training_020,0.78686714,0.6641269,0.599622,0.599622,0.6835386753082275
HG_BraTS20_Training_070,0.65624976,0.7242091,0.6013282,0.6013282,0.6605956554412842
HG_BraTS20_Training_089,0.74623984,0.81727326,0.91028804,0.91028804,0.8246003786722819
HG_BraTS20_Training_119,0.5361502,0.86176205,0.75211096,0.75211096,0.7166744073232015
HG_BraTS20_Training_124,0.78067285,0.86521494,0.78788203,0.78788203,0.8112566471099854
HG_BraTS20_Training_128,0.3089672,0.1749881,0.17804155,0.17804155,0.22066561381022134
HG_BraTS20_Training_134,0.79942816,0.82160884,0.7092448,0.7092448,0.7767605781555176
HG_BraTS20_Training_140,0.87733597,0.9254772,0.8537524,0.8537524,0.8855218887329102
HG_BraTS20_Training_150,0.85185224,0.944463,0.93348044,0.93348044,0.9099318981170654
HG_BraTS20_Training_180,0.7609109,0.9145353,0.8810553,0.8810553,0.8521672089894613
HG_BraTS20_Training_188,0.5686954,0.8077586,0.7352613,0.7352613,0.7039051055908203
HG_BraTS20_Training_191,0.7319991,0.77080035,0.7592484,0.7592484,0.7540159225463867
HG_BraTS20_Training_201,0.82013816,0.9362483,0.8500763,0.8500763,0.8688209851582845
HG_BraTS20_Training_211,0.73612165,0.9350387,0.85657054,0.85657054,0.8425769805908203
HG_BraTS20_Training_212,0.66530687,0.52517724,0.62571096,0.62571096,0.6053983370463053
HG_BraTS20_Training_226,0.6862789,0.923727,0.88967323,0.88967323,0.8332263628641764
HG_BraTS20_Training_232,0.66092205,0.8200722,0.79374856,0.79374856,0.7582476139068604
HG_BraTS20_Training_241,0.7668655,0.77536535,0.74923044,0.74923044,0.7638204097747803
HG_BraTS20_Training_245,0.8125119,0.74684596,0.74754083,0.74754083,0.7689661979675293
HG_BraTS20_Training_246,0.7395246,0.7713868,0.8387976,0.8387976,0.7832363446553549
HG_BraTS20_Training_336,0.83031726,0.8915137,0.80356467,0.80356467,0.8417985439300537
HG_BraTS20_Training_338,0.8347933,0.94432634,0.8977805,0.8977805,0.8923000494639078
HG_BraTS20_Training_344,0.76420116,0.5899159,0.64161307,0.64161307,0.66524338722229
HG_BraTS20_Training_352,0.79569125,0.8145813,0.8859248,0.8859248,0.83206574122111
LG_BraTS20_Training_262,0.6981228,0.4188023,2.8169014e-11,1.0,0.3723083734512329
LG_BraTS20_Training_275,0.26987052,0.020039719,1.9455253e-11,1.9455253e-11,0.09663674235343933
LG_BraTS20_Training_278,0.25102565,0.00074421614,4.8076924e-12,4.8076924e-12,0.08392329017321269
LG_BraTS20_Training_283,0.6883061,0.7972014,0.7879099,0.7879099,0.7578058242797852
LG_BraTS20_Training_291,0.53933346,0.29205775,0.043956045,7.936508e-11,0.2917824188868205
LG_BraTS20_Training_292,0.7862638,0.43360618,0.637619,0.637619,0.6191629966100057
LG_BraTS20_Training_294,0.59891397,0.00016326975,1.7006802e-11,1.7006802e-11,0.1996924082438151
LG_BraTS20_Training_297,0.099883914,0.109714724,1.6666667e-09,1.0,0.06986621022224426
LG_BraTS20_Training_310,0.49992418,0.1502254,6.184292e-13,6.184292e-13,0.21671652793884277
LG_BraTS20_Training_324,0.6027861,0.00084938237,2.7019723e-12,2.7019723e-12,0.20121182998021445
t1cet2
HG_BraTS20_Training_010,0.6872234,0.79202014,0.84131426,0.84131426,0.7735192775726318
HG_BraTS20_Training_012,0.82408655,0.8326384,0.7766428,0.7766428,0.8111225763956705
HG_BraTS20_Training_020,0.87227964,0.79478353,0.6022873,0.6022873,0.7564501762390137
HG_BraTS20_Training_070,0.7658809,0.8363543,0.65086144,0.65086144,0.7510321935017904
HG_BraTS20_Training_089,0.81590986,0.58248353,0.8867387,0.8867387,0.7617107232411703
HG_BraTS20_Training_119,0.654205,0.8388804,0.7525483,0.7525483,0.7485445340474447
HG_BraTS20_Training_124,0.9173315,0.8958618,0.8571162,0.8571162,0.8901031812032064
HG_BraTS20_Training_128,0.78616667,0.41524607,0.44975513,0.44975513,0.550389289855957
HG_BraTS20_Training_134,0.87668157,0.88879746,0.73358923,0.73358923,0.8330227533976237
HG_BraTS20_Training_140,0.9311148,0.9027094,0.8553982,0.8553982,0.8964074452718099
HG_BraTS20_Training_150,0.88073856,0.9375778,0.9246814,0.9246814,0.9143325487772623
HG_BraTS20_Training_180,0.6858703,0.7423695,0.83818454,0.83818454,0.7554748058319092
HG_BraTS20_Training_188,0.69421023,0.7504372,0.6772407,0.6772407,0.7072960535685221
HG_BraTS20_Training_191,0.8951431,0.8551843,0.82600266,0.82600266,0.8587766488393148
HG_BraTS20_Training_201,0.89,0.92335695,0.8486217,0.8486217,0.8873262405395508
HG_BraTS20_Training_211,0.82068056,0.9281463,0.85111046,0.85111046,0.8666458129882812
HG_BraTS20_Training_212,0.83895504,0.7565869,0.6725497,0.6725497,0.7560305595397949
HG_BraTS20_Training_226,0.8163643,0.9096736,0.8804039,0.8804039,0.8688139120737711
HG_BraTS20_Training_232,0.7352192,0.7968516,0.7729861,0.7729861,0.7683522701263428
HG_BraTS20_Training_241,0.84961516,0.7219783,0.7385568,0.7385568,0.7700501283009847
HG_BraTS20_Training_245,0.8405492,0.7577891,0.7526036,0.7526036,0.7836472988128662
HG_BraTS20_Training_246,0.8589144,0.7915512,0.8234884,0.8234884,0.82465132077535
HG_BraTS20_Training_336,0.9262966,0.9421554,0.88474476,0.88474476,0.9177322387695312
HG_BraTS20_Training_338,0.9122142,0.94589525,0.90292764,0.90292764,0.9203457037607828
HG_BraTS20_Training_344,0.85754275,0.63135993,0.6462677,0.6462677,0.7117234865824381
HG_BraTS20_Training_352,0.88852865,0.783299,0.88222027,0.88222027,0.8513493537902832
LG_BraTS20_Training_262,0.8552063,0.4465591,2.541296e-12,2.541296e-12,0.43392181396484375
LG_BraTS20_Training_275,0.70173633,0.17334563,4.1288192e-12,4.1288192e-12,0.2916939854621887
LG_BraTS20_Training_278,0.7702852,0.23096666,2.4826215e-12,2.4826215e-12,0.3337506055831909
LG_BraTS20_Training_283,0.86605144,0.64961,0.8010529,0.8010529,0.7722380956013998
LG_BraTS20_Training_291,0.92154336,0.7500435,0.023453094,0.023453094,0.5650133291880289
LG_BraTS20_Training_292,0.9049325,0.6228582,0.5858505,0.5858505,0.7045470873514811
LG_BraTS20_Training_294,0.8857054,0.44471923,3.6166365e-12,3.6166365e-12,0.4434748888015747
LG_BraTS20_Training_297,0.7197755,0.69271797,5.181347e-12,5.181347e-12,0.47083115577697754
LG_BraTS20_Training_310,0.77473724,0.5565917,3.557959e-13,3.557959e-13,0.44377628962198895
LG_BraTS20_Training_324,0.7823686,0.08757156,2.6109661e-12,2.6109661e-12,0.28998005390167236
flair
HG_BraTS20_Training_010,0.6734842,0.5938466,0.3516442,0.3516442,0.5396583477656046
HG_BraTS20_Training_012,0.83490545,0.7324448,0.47482345,0.47482345,0.6807245413462321
HG_BraTS20_Training_020,0.8877026,0.8007644,0.3593042,0.3593042,0.6825904051462809
HG_BraTS20_Training_070,0.8877407,0.51257473,0.19578403,0.19578403,0.5320331255594889
HG_BraTS20_Training_089,0.80000913,0.45000073,0.3005061,0.3005061,0.5168386697769165
HG_BraTS20_Training_119,0.6816065,0.82321686,0.5612521,0.5612521,0.688691775004069
HG_BraTS20_Training_124,0.93479204,0.77519554,0.42130345,0.42130345,0.710430383682251
HG_BraTS20_Training_128,0.8679684,0.26473692,0.23278236,0.23278236,0.4551625649134318
HG_BraTS20_Training_134,0.6893279,0.3121799,0.2121021,0.2121021,0.4045366048812866
HG_BraTS20_Training_140,0.94821316,0.8162051,0.5393523,0.5393523,0.7679235140482584
HG_BraTS20_Training_150,0.8405588,0.59699255,0.29259527,0.29259527,0.5767155488332113
HG_BraTS20_Training_180,0.7272359,0.67105293,0.5378512,0.5378512,0.6453800201416016
HG_BraTS20_Training_188,0.5610796,0.40479314,0.13867226,0.13867226,0.36818166573842365
HG_BraTS20_Training_191,0.93272686,0.64401114,0.39616907,0.39616907,0.6576356887817383
HG_BraTS20_Training_201,0.932649,0.85214496,0.4780004,0.4780004,0.7542648315429688
HG_BraTS20_Training_211,0.7464395,0.53832555,0.25533673,0.25533673,0.5133672555287679
HG_BraTS20_Training_212,0.6569322,0.40578586,0.1734673,0.1734673,0.41206177075703937
HG_BraTS20_Training_226,0.8884807,0.7695533,0.57723576,0.57723576,0.7450899283091227
HG_BraTS20_Training_232,0.821163,0.55563825,0.4286226,0.4286226,0.6018079519271851
HG_BraTS20_Training_241,0.86951244,0.28537834,0.147633,0.147633,0.4341745773951213
HG_BraTS20_Training_245,0.78644896,0.74407756,0.5460753,0.5460753,0.6922005812327067
HG_BraTS20_Training_246,0.75305015,0.24039507,0.198647,0.198647,0.3973640600840251
HG_BraTS20_Training_336,0.9394296,0.86833435,0.56897616,0.56897616,0.7922466595967611
HG_BraTS20_Training_338,0.83976305,0.6615034,0.43091908,0.43091908,0.6440618435541788
HG_BraTS20_Training_344,0.8904935,0.6581126,0.4462872,0.4462872,0.6649644374847412
HG_BraTS20_Training_352,0.6412267,0.44040066,0.40432492,0.40432492,0.49531741937001544
LG_BraTS20_Training_262,0.8528507,0.2609866,6.855419e-13,6.855419e-13,0.3712790807088216
LG_BraTS20_Training_275,0.7326307,0.28996646,2.8465698e-12,2.8465698e-12,0.34086573123931885
LG_BraTS20_Training_278,0.82353306,0.43387106,9.984025e-13,9.984025e-13,0.4191346963246663
LG_BraTS20_Training_283,0.94096136,0.50982136,0.41383868,0.41383868,0.6215404669443766
LG_BraTS20_Training_291,0.9295407,0.7076998,0.0017344498,0.0017344498,0.5463249683380127
LG_BraTS20_Training_292,0.7441792,0.49709973,0.2157398,0.2157398,0.48567291100819904
LG_BraTS20_Training_294,0.7992925,0.4981786,8.710043e-13,8.710043e-13,0.43249034881591797
LG_BraTS20_Training_297,0.042154808,4.0793017e-13,1.0,1.0,0.3473849296569824
LG_BraTS20_Training_310,0.9165499,0.7594267,2.4818822e-13,2.4818822e-13,0.5586588780085245
LG_BraTS20_Training_324,0.8850656,0.33848283,1.0817828e-12,1.0817828e-12,0.4078494707743327
t1
HG_BraTS20_Training_010,0.5815053,0.62262225,0.27624768,0.27624768,0.49345842997233075
HG_BraTS20_Training_012,0.7464415,0.74282414,0.62558836,0.62558836,0.7049513657887777
HG_BraTS20_Training_020,0.83158535,0.68932843,0.2794627,0.2794627,0.6001255114873251
HG_BraTS20_Training_070,0.76295245,0.72463375,0.31399775,0.31399775,0.6005280017852783
HG_BraTS20_Training_089,0.7573096,0.43724725,0.43585896,0.43585896,0.5434719324111938
HG_BraTS20_Training_119,0.5930708,0.74140793,0.409358,0.409358,0.581278920173645
HG_BraTS20_Training_124,0.82537246,0.6620352,0.39916804,0.39916804,0.6288585662841797
HG_BraTS20_Training_128,0.09447468,7.1890727e-12,7.836991e-12,7.836991e-12,0.0314915602405866
HG_BraTS20_Training_134,0.6858274,0.624507,0.2469203,0.2469203,0.5190849304199219
HG_BraTS20_Training_140,0.8008886,0.76196223,0.13996243,0.13996243,0.5676044225692749
HG_BraTS20_Training_150,0.7743464,0.6552633,0.49804738,0.49804738,0.642552375793457
HG_BraTS20_Training_180,0.58210576,0.40496367,0.32094926,0.32094926,0.43600622812906903
HG_BraTS20_Training_188,0.5360231,0.68548125,0.5513885,0.5513885,0.5909642775853475
HG_BraTS20_Training_191,0.78267604,0.2669882,0.22271757,0.22271757,0.4241272608439128
HG_BraTS20_Training_201,0.8176559,0.6143915,0.45589262,0.45589262,0.6293133099873861
HG_BraTS20_Training_211,0.6901479,0.74681437,0.5366012,0.5366012,0.6578544775644938
HG_BraTS20_Training_212,0.6762952,0.49744403,0.27864775,0.27864775,0.48412899176279706
HG_BraTS20_Training_226,0.7715911,0.75841933,0.35916492,0.35916492,0.6297251383463541
HG_BraTS20_Training_232,0.6831793,0.43933934,0.3049389,0.3049389,0.475819190343221
HG_BraTS20_Training_241,0.7620163,0.4982363,0.2696883,0.2696883,0.5099802811940511
HG_BraTS20_Training_245,0.77928364,0.5969559,0.46234143,0.46234143,0.6128603219985962
HG_BraTS20_Training_246,0.7597519,0.7032611,0.35637835,0.35637835,0.6064637502034506
HG_BraTS20_Training_336,0.8271636,0.83249354,0.57408494,0.57408494,0.7445806662241617
HG_BraTS20_Training_338,0.7787865,0.6318441,0.41276363,0.41276363,0.6077980597813925
HG_BraTS20_Training_344,0.7895796,0.7461487,0.46568725,0.46568725,0.6671384970347086
HG_BraTS20_Training_352,0.74654984,0.39224765,0.506244,0.506244,0.5483471552530924
LG_BraTS20_Training_262,0.5012811,0.7460242,3.7188547e-12,3.7188547e-12,0.41576842466990155
LG_BraTS20_Training_275,0.14029369,6.614631e-13,2.4685263e-12,2.4685263e-12,0.04676456252733866
LG_BraTS20_Training_278,0.59549266,0.44869727,7.8106694e-13,7.8106694e-13,0.34806330998738605
LG_BraTS20_Training_283,2.1401361e-13,8.7504374e-13,8.865248e-13,8.865248e-13,6.58527341453515e-13
LG_BraTS20_Training_291,0.79493135,0.7083937,0.0072026267,0.0072026267,0.5035092035929362
LG_BraTS20_Training_292,0.81645805,0.81824344,0.25103635,0.25103635,0.628579298655192
LG_BraTS20_Training_294,0.73428327,0.6110306,7.5329565e-13,7.5329565e-13,0.4484379291534424
LG_BraTS20_Training_297,0.4980018,0.689765,1.8684605e-12,1.8684605e-12,0.3959222634633382
LG_BraTS20_Training_310,0.7748586,0.6546082,5.0291694e-13,5.0291694e-13,0.4764889081319173
LG_BraTS20_Training_324,0.63771564,0.31991133,1.3024225e-12,1.3024225e-12,0.3192089796066284
t1c
HG_BraTS20_Training_010,0.4679248,0.7892926,0.87949556,0.87949556,0.7122376759847006
HG_BraTS20_Training_012,0.6985331,0.82529277,0.79028136,0.79028136,0.7713690598805746
HG_BraTS20_Training_020,0.6232873,0.4996442,0.4753656,0.4753656,0.5327657063802084
HG_BraTS20_Training_070,0.51377976,0.6621957,0.59566605,0.59566605,0.5905471642812093
HG_BraTS20_Training_089,0.5767909,0.73817086,0.9240572,0.9240572,0.7463396390279134
HG_BraTS20_Training_119,0.5072278,0.8057039,0.74837583,0.74837583,0.687102476755778
HG_BraTS20_Training_124,0.7374261,0.8305283,0.7870779,0.7870779,0.785010814666748
HG_BraTS20_Training_128,0.026710555,0.117741935,0.119060926,0.119060926,0.08783780535062154
HG_BraTS20_Training_134,0.7776709,0.83018744,0.7312036,0.7312036,0.7796873251597086
HG_BraTS20_Training_140,0.85818505,0.9052363,0.8460347,0.8460347,0.8698186874389648
HG_BraTS20_Training_150,0.822704,0.936772,0.928549,0.928549,0.8960083325703939
HG_BraTS20_Training_180,0.75094676,0.9119095,0.8751409,0.8751409,0.8459990819295248
HG_BraTS20_Training_188,0.5200579,0.80812407,0.74406207,0.74406207,0.6907480557759603
HG_BraTS20_Training_191,0.68071824,0.7638294,0.7511919,0.7511919,0.731913169225057
HG_BraTS20_Training_201,0.79277056,0.91978586,0.83540034,0.83540034,0.8493189016977946
HG_BraTS20_Training_211,0.7443966,0.92961574,0.8566799,0.8566799,0.8435641129811605
HG_BraTS20_Training_212,0.54493886,0.44899443,0.5489625,0.5489625,0.5142985979715983
HG_BraTS20_Training_226,0.72592705,0.9144372,0.88763577,0.88763577,0.8426666259765625
HG_BraTS20_Training_232,0.6081965,0.8048094,0.78627515,0.78627515,0.7330936590830485
HG_BraTS20_Training_241,0.5958219,0.64052707,0.61993283,0.61993283,0.6187605857849121
HG_BraTS20_Training_245,0.72388077,0.6843583,0.6942535,0.6942535,0.700830856959025
HG_BraTS20_Training_246,0.6848099,0.7010597,0.83254766,0.83254766,0.7394723892211914
HG_BraTS20_Training_336,0.82194406,0.9105303,0.8280569,0.8280569,0.8535103797912598
HG_BraTS20_Training_338,0.81879574,0.9277174,0.88616604,0.88616604,0.8775597413380941
HG_BraTS20_Training_344,0.73931456,0.5817219,0.62438303,0.62438303,0.6484731833140055
HG_BraTS20_Training_352,0.74123985,0.6940458,0.89166933,0.89166933,0.7756516138712565
LG_BraTS20_Training_262,0.69692785,0.6092543,6.6225163e-12,6.6225163e-12,0.4353940486907959
LG_BraTS20_Training_275,0.056128833,0.0039633857,2.5641025e-10,1.0,0.02003073940674464
LG_BraTS20_Training_278,0.04929416,1.5621338e-13,3.2446463e-12,3.2446463e-12,0.01643138627211253
LG_BraTS20_Training_283,0.6236131,0.8277797,0.84477913,0.84477913,0.7653907140096029
LG_BraTS20_Training_291,0.44679716,0.4002843,1.5037594e-11,1.5037594e-11,0.2823604742685954
LG_BraTS20_Training_292,0.75338644,0.68740326,0.46102196,0.46102196,0.6339371999104818
LG_BraTS20_Training_294,0.38042113,0.024054287,2.8248587e-11,1.0,0.13482514023780823
LG_BraTS20_Training_297,0.009584455,0.028280323,1.0764263e-11,1.0764263e-11,0.012621592730283737
LG_BraTS20_Training_310,0.39169857,0.20453152,3.7017842e-13,3.7017842e-13,0.19874336322148642
LG_BraTS20_Training_324,0.5628023,0.044687945,1.4486455e-12,1.4486455e-12,0.20249674717585245
t2
HG_BraTS20_Training_010,0.6783416,0.44590232,0.22875197,0.22875197,0.4509986639022827
HG_BraTS20_Training_012,0.8192514,0.69526684,0.47789216,0.47789216,0.66413680712382
HG_BraTS20_Training_020,0.8733506,0.7680976,0.36706793,0.36706793,0.6695054372151693
HG_BraTS20_Training_070,0.8036181,0.6097058,0.22751608,0.22751608,0.54694664478302
HG_BraTS20_Training_089,0.806246,0.42306787,0.2923794,0.2923794,0.507231076558431
HG_BraTS20_Training_119,0.6993358,0.76597005,0.43836752,0.43836752,0.6345577637354533
HG_BraTS20_Training_124,0.8952257,0.726192,0.4141473,0.4141473,0.6785217126210531
HG_BraTS20_Training_128,0.76542187,0.1878632,0.18215357,0.18215357,0.3784795602162679
HG_BraTS20_Training_134,0.8433042,0.7481273,0.39595732,0.39595732,0.6624629497528076
HG_BraTS20_Training_140,0.9192068,0.8090016,0.34020448,0.34020448,0.6894709269205729
HG_BraTS20_Training_150,0.870449,0.780075,0.59326893,0.59326893,0.7479310035705566
HG_BraTS20_Training_180,0.63138205,0.47291616,0.26304433,0.26304433,0.45578086376190186
HG_BraTS20_Training_188,0.6930996,0.7603637,0.6011026,0.6011026,0.6848553021748861
HG_BraTS20_Training_191,0.91620386,0.5537647,0.24120115,0.24120115,0.5703899065653483
HG_BraTS20_Training_201,0.8952359,0.7469602,0.5707558,0.5707558,0.7376506328582764
HG_BraTS20_Training_211,0.8126111,0.8018511,0.5761364,0.5761364,0.7301994959513346
HG_BraTS20_Training_212,0.8894933,0.80063254,0.41620088,0.41620088,0.7021088600158691
HG_BraTS20_Training_226,0.8529937,0.8216097,0.3650612,0.3650612,0.6798882484436035
HG_BraTS20_Training_232,0.74693197,0.5872191,0.38731724,0.38731724,0.5738227367401123
HG_BraTS20_Training_241,0.8658957,0.4604815,0.3999012,0.3999012,0.5754261016845703
HG_BraTS20_Training_245,0.8383956,0.8070111,0.5590707,0.5590707,0.7348257700602213
HG_BraTS20_Training_246,0.8343786,0.73168945,0.47987604,0.47987604,0.6819814046223959
HG_BraTS20_Training_336,0.92006344,0.82013136,0.5483776,0.5483776,0.7628574371337891
HG_BraTS20_Training_338,0.89448303,0.7364691,0.4545621,0.4545621,0.6951714356740316
HG_BraTS20_Training_344,0.85498947,0.6352128,0.2666957,0.2666957,0.5856326421101888
HG_BraTS20_Training_352,0.88506806,0.49908772,0.42771512,0.42771512,0.603956937789917
LG_BraTS20_Training_262,0.7963055,0.21020894,4.5949545e-13,4.5949545e-13,0.33550481001536053
LG_BraTS20_Training_275,0.72102576,0.25008622,4.2826554e-12,4.2826554e-12,0.3237040042877197
LG_BraTS20_Training_278,0.7852182,0.4845101,8.507742e-13,8.507742e-13,0.4232427676518758
LG_BraTS20_Training_283,0.84484947,0.36178815,0.2656092,0.2656092,0.49074896176656085
LG_BraTS20_Training_291,0.9315508,0.6685461,0.007398274,0.007398274,0.5358317295710245
LG_BraTS20_Training_292,0.88916606,0.41959634,0.28965265,0.28965265,0.5328050454457601
LG_BraTS20_Training_294,0.8604711,0.548882,1.078516e-12,1.078516e-12,0.46978437900543213
LG_BraTS20_Training_297,0.74231774,0.680698,1.7822135e-12,1.7822135e-12,0.4743385712305705
LG_BraTS20_Training_310,0.86305124,0.7104316,6.295247e-13,6.295247e-13,0.5244942506154379
LG_BraTS20_Training_324,0.7951663,0.2072382,9.051412e-13,9.051412e-13,0.3341348171234131
WT Dice,TC Dice,ET Dice,ETPro Dice,WT HD95,TC HD95,ET HD95ETPro HD95
flairt1cet1t2
HG_BraTS20_Training_010,0.7671082,0.7763429,0.85485876,0.85485876,0.7994365692138672
HG_BraTS20_Training_012,0.8515547,0.8579929,0.75803864,0.75803864,0.8225286801656088
HG_BraTS20_Training_020,0.89308983,0.81818986,0.62044024,0.62044024,0.7772399584452311
HG_BraTS20_Training_070,0.90042216,0.8119743,0.62964606,0.62964606,0.7806808153788248
HG_BraTS20_Training_089,0.841458,0.52768403,0.8515123,0.8515123,0.7402181625366211
HG_BraTS20_Training_119,0.68233156,0.87417454,0.7356652,0.7356652,0.7640571594238281
HG_BraTS20_Training_124,0.9408857,0.8988335,0.8401918,0.8401918,0.8933037122090658
HG_BraTS20_Training_128,0.86215323,0.37147596,0.38582504,0.38582504,0.5398180882136027
HG_BraTS20_Training_134,0.868684,0.8657005,0.7281101,0.7281101,0.8208315372467041
HG_BraTS20_Training_140,0.9522394,0.9181822,0.85086894,0.85086894,0.9070968627929688
HG_BraTS20_Training_150,0.9339979,0.93886346,0.93883514,0.93883514,0.9372321764628092
HG_BraTS20_Training_180,0.71259934,0.76774174,0.8481004,0.8481004,0.776147206624349
HG_BraTS20_Training_188,0.76876813,0.7712264,0.7055046,0.7055046,0.7484997113545736
HG_BraTS20_Training_191,0.92738247,0.79093003,0.730648,0.730648,0.8163201808929443
HG_BraTS20_Training_201,0.9130565,0.93919146,0.83897793,0.83897793,0.897075335184733
HG_BraTS20_Training_211,0.8691052,0.9263174,0.8508128,0.8508128,0.882078488667806
HG_BraTS20_Training_212,0.87859213,0.77324927,0.6813373,0.6813373,0.7777262528737386
HG_BraTS20_Training_226,0.90119743,0.91097945,0.87704206,0.87704206,0.896406332651774
HG_BraTS20_Training_232,0.7644771,0.78037745,0.75620073,0.75620073,0.7670183976491293
HG_BraTS20_Training_241,0.86234313,0.77598524,0.7467212,0.7467212,0.7950165271759033
HG_BraTS20_Training_245,0.87738496,0.8056927,0.7729611,0.7729611,0.8186795711517334
HG_BraTS20_Training_246,0.825529,0.69556606,0.71919686,0.71919686,0.7467639446258545
HG_BraTS20_Training_336,0.9394702,0.9388523,0.86777854,0.86777854,0.9153669675191244
HG_BraTS20_Training_338,0.9272311,0.9410208,0.9145434,0.9145434,0.9275983969370524
HG_BraTS20_Training_344,0.8988504,0.7184497,0.65428096,0.65428096,0.7571936448415121
HG_BraTS20_Training_352,0.9366314,0.5933139,0.87208307,0.87208307,0.8006761074066162
LG_BraTS20_Training_262,0.8689953,0.49954095,3.649635e-12,3.649635e-12,0.4561787446339925
LG_BraTS20_Training_275,0.77167815,0.09913058,6.1881186e-12,6.1881186e-12,0.29026957352956134
LG_BraTS20_Training_278,0.816843,0.22185871,3.6483034e-12,3.6483034e-12,0.34623388449350995
LG_BraTS20_Training_283,0.9365408,0.6019946,0.64065325,0.64065325,0.7263962427775065
LG_BraTS20_Training_291,0.94570774,0.73555434,0.025590809,0.025590809,0.5689509312311808
LG_BraTS20_Training_292,0.9230535,0.8452745,0.52985,0.52985,0.7660593191782633
LG_BraTS20_Training_294,0.9257478,0.73528624,3.021148e-12,3.021148e-12,0.553678035736084
LG_BraTS20_Training_297,0.6079358,0.6034507,1.615509e-11,1.615509e-11,0.4037954807281494
LG_BraTS20_Training_310,0.9084651,0.7448328,8.4832033e-13,8.4832033e-13,0.5510993003845215
LG_BraTS20_Training_324,0.8917276,0.2517119,8.635578e-12,8.635578e-12,0.38114651044209796
t1cet1t2
HG_BraTS20_Training_010,0.6816777,0.80947214,0.8586157,0.8586157,0.7832551797231039
HG_BraTS20_Training_012,0.84813833,0.8788508,0.802825,0.802825,0.8432714144388834
HG_BraTS20_Training_020,0.87713647,0.78329176,0.61762786,0.61762786,0.7593520482381185
HG_BraTS20_Training_070,0.8056275,0.8017529,0.65206623,0.65206623,0.7531488736470541
HG_BraTS20_Training_089,0.8151385,0.6718542,0.9116839,0.9116839,0.7995588779449463
HG_BraTS20_Training_119,0.6608293,0.88121367,0.76420283,0.76420283,0.7687486012776693
HG_BraTS20_Training_124,0.9202995,0.9129626,0.84209126,0.84209126,0.8917844295501709
HG_BraTS20_Training_128,0.79247993,0.43899065,0.44660193,0.44660193,0.559357484181722
HG_BraTS20_Training_134,0.8754001,0.8769305,0.73115814,0.73115814,0.8278295199076334
HG_BraTS20_Training_140,0.935253,0.9274467,0.8535131,0.8535131,0.905404249827067
HG_BraTS20_Training_150,0.88722324,0.94753265,0.9333478,0.9333478,0.9227011998494467
HG_BraTS20_Training_180,0.6910344,0.7690457,0.8604543,0.8604543,0.7735114892323812
HG_BraTS20_Training_188,0.7172902,0.7919438,0.7116109,0.7116109,0.7402815818786621
HG_BraTS20_Training_191,0.90727997,0.7445,0.75719744,0.75719744,0.8029924233754476
HG_BraTS20_Training_201,0.8921377,0.9250202,0.8388137,0.8388137,0.8853239218393961
HG_BraTS20_Training_211,0.8297573,0.9379978,0.8530099,0.8530099,0.8735883235931396
HG_BraTS20_Training_212,0.82895464,0.7383847,0.6699539,0.6699539,0.745764414469401
HG_BraTS20_Training_226,0.84706444,0.9014878,0.87919104,0.87919104,0.8759144147237142
HG_BraTS20_Training_232,0.7626684,0.7817685,0.7610164,0.7610164,0.7684844334920248
HG_BraTS20_Training_241,0.8362969,0.7562268,0.74768096,0.74768096,0.7800682385762533
HG_BraTS20_Training_245,0.89912647,0.79917884,0.79183805,0.79183805,0.8300477663675944
HG_BraTS20_Training_246,0.8624446,0.80852854,0.8023273,0.8023273,0.8244334856669108
HG_BraTS20_Training_336,0.9207411,0.90854216,0.85319525,0.85319525,0.8941594759623209
HG_BraTS20_Training_338,0.91390574,0.9524045,0.9150175,0.9150175,0.9271092414855957
HG_BraTS20_Training_344,0.86728203,0.6099117,0.6350573,0.6350573,0.7040836811065674
HG_BraTS20_Training_352,0.902352,0.8654937,0.8880995,0.8880995,0.8853150208791097
LG_BraTS20_Training_262,0.8658332,0.5886128,7.674597e-12,7.674597e-12,0.4848153591156006
LG_BraTS20_Training_275,0.598744,0.18556398,5.4764513e-12,5.4764513e-12,0.26143598556518555
LG_BraTS20_Training_278,0.75727826,0.14165007,3.3738192e-12,3.3738192e-12,0.29964278141657513
LG_BraTS20_Training_283,0.90477306,0.7085855,0.7078711,0.7078711,0.7737431526184082
LG_BraTS20_Training_291,0.9217296,0.7213933,0.03208003,0.03208003,0.5584009885787964
LG_BraTS20_Training_292,0.9093574,0.64485514,0.6253507,0.6253507,0.7265210946400961
LG_BraTS20_Training_294,0.8991007,0.38558102,4.826255e-12,4.826255e-12,0.4282272656758626
LG_BraTS20_Training_297,0.7370599,0.66352856,1.2391574e-11,1.2391574e-11,0.46686283747355145
LG_BraTS20_Training_310,0.81205773,0.50539756,5.685048e-13,5.685048e-13,0.4391517639160156
LG_BraTS20_Training_324,0.80455667,0.050393585,4.7014575e-12,4.7014575e-12,0.2849834163983663
flairt1cet2
HG_BraTS20_Training_010,0.7959405,0.7933264,0.8339924,0.8339924,0.8077530860900879
HG_BraTS20_Training_012,0.8504363,0.8119868,0.73057336,0.73057336,0.797665516535441
HG_BraTS20_Training_020,0.8902346,0.83426476,0.6211106,0.6211106,0.7818699677785238
HG_BraTS20_Training_070,0.8867937,0.83174855,0.6500113,0.6500113,0.789517879486084
HG_BraTS20_Training_089,0.82575417,0.49147537,0.8243522,0.8243522,0.7138605912526449
HG_BraTS20_Training_119,0.7053514,0.8590973,0.7300084,0.7300084,0.764819065729777
HG_BraTS20_Training_124,0.94216776,0.90264857,0.8534598,0.8534598,0.8994253476460775
HG_BraTS20_Training_128,0.85494405,0.32479495,0.3915023,0.3915023,0.5237470865249634
HG_BraTS20_Training_134,0.8923241,0.88820714,0.7356982,0.7356982,0.8387431303660074
HG_BraTS20_Training_140,0.94973993,0.9030995,0.85361904,0.85361904,0.9021528561909994
HG_BraTS20_Training_150,0.9362456,0.9192734,0.9370571,0.9370571,0.9308586915334066
HG_BraTS20_Training_180,0.6729584,0.7105479,0.80824256,0.80824256,0.7305829524993896
HG_BraTS20_Training_188,0.76006794,0.7560705,0.6922511,0.6922511,0.7361298402150472
HG_BraTS20_Training_191,0.9266612,0.8327542,0.7503034,0.7503034,0.8365729649861654
HG_BraTS20_Training_201,0.92024076,0.93521744,0.8356833,0.8356833,0.897047201792399
HG_BraTS20_Training_211,0.8625183,0.9155316,0.84729606,0.84729606,0.8751153151194254
HG_BraTS20_Training_212,0.9201381,0.85939825,0.67393,0.67393,0.8178221384684244
HG_BraTS20_Training_226,0.89345115,0.9106809,0.8814701,0.8814701,0.8952007293701172
HG_BraTS20_Training_232,0.8183553,0.7662806,0.7048805,0.7048805,0.7631721496582031
HG_BraTS20_Training_241,0.86660784,0.7655024,0.7340791,0.7340791,0.7887298266092936
HG_BraTS20_Training_245,0.83807665,0.7654393,0.73466986,0.73466986,0.7793952624003092
HG_BraTS20_Training_246,0.8245388,0.7086388,0.71858084,0.71858084,0.750586191813151
HG_BraTS20_Training_336,0.93978745,0.9515224,0.8785679,0.8785679,0.9232925573984782
HG_BraTS20_Training_338,0.91872257,0.9327898,0.911119,0.911119,0.9208771387736002
HG_BraTS20_Training_344,0.8940894,0.7261281,0.6421992,0.6421992,0.7541389465332031
HG_BraTS20_Training_352,0.91532785,0.54416615,0.8548318,0.8548318,0.7714419364929199
LG_BraTS20_Training_262,0.83983785,0.34086865,1.6871942e-12,1.6871942e-12,0.3935688336690267
LG_BraTS20_Training_275,0.7918714,0.1413968,5.8241116e-12,5.8241116e-12,0.3110894163449605
LG_BraTS20_Training_278,0.8224344,0.12452273,3.921569e-12,3.921569e-12,0.31565239032109577
LG_BraTS20_Training_283,0.93351156,0.61189467,0.7029623,0.7029623,0.7494561672210693
LG_BraTS20_Training_291,0.95317036,0.74097455,0.021609385,0.021609385,0.5719181299209595
LG_BraTS20_Training_292,0.9131752,0.8464979,0.48136592,0.48136592,0.7470130125681559
LG_BraTS20_Training_294,0.91972566,0.7452104,2.1177467e-12,2.1177467e-12,0.5549786885579427
LG_BraTS20_Training_297,0.6679209,0.6684099,7.770008e-12,7.770008e-12,0.445443590482076
LG_BraTS20_Training_310,0.90359783,0.7478409,6.3987715e-13,6.3987715e-13,0.5504795710245768
LG_BraTS20_Training_324,0.8980722,0.25944117,5e-12,5e-12,0.3858377933502197
flairt1t2
HG_BraTS20_Training_010,0.77550584,0.6756804,0.24641193,0.24641193,0.5658660332361857
HG_BraTS20_Training_012,0.8404615,0.7677643,0.52365416,0.52365416,0.7106266816457113
HG_BraTS20_Training_020,0.889604,0.8198407,0.4113615,0.4113615,0.7069354057312012
HG_BraTS20_Training_070,0.90160406,0.64634746,0.24692471,0.24692471,0.598292072614034
HG_BraTS20_Training_089,0.8406373,0.41267756,0.21598946,0.21598946,0.489768107732137
HG_BraTS20_Training_119,0.693485,0.79173064,0.4844479,0.4844479,0.6565545399983724
HG_BraTS20_Training_124,0.9305065,0.73655283,0.42530316,0.42530316,0.6974542140960693
HG_BraTS20_Training_128,0.85018986,0.24560201,0.18148543,0.18148543,0.42575907707214355
HG_BraTS20_Training_134,0.8506676,0.72848684,0.34134808,0.34134808,0.6401675144831339
HG_BraTS20_Training_140,0.94872814,0.84847635,0.3023551,0.3023551,0.6998531818389893
HG_BraTS20_Training_150,0.9221059,0.8083503,0.47470307,0.47470307,0.7350530624389648
HG_BraTS20_Training_180,0.68149567,0.5376163,0.38932264,0.38932264,0.5361448526382446
HG_BraTS20_Training_188,0.77783626,0.6950945,0.48179334,0.48179334,0.6515746911366781
HG_BraTS20_Training_191,0.9372977,0.54667187,0.25433937,0.25433937,0.5794363021850586
HG_BraTS20_Training_201,0.9169639,0.88685703,0.654369,0.654369,0.8193966547648112
HG_BraTS20_Training_211,0.852789,0.81126654,0.5296792,0.5296792,0.7312448819478353
HG_BraTS20_Training_212,0.9006501,0.79567206,0.400102,0.400102,0.6988080342610677
HG_BraTS20_Training_226,0.9104688,0.88056564,0.416975,0.416975,0.7360031604766846
HG_BraTS20_Training_232,0.8099015,0.619145,0.38670233,0.38670233,0.6052495638529459
HG_BraTS20_Training_241,0.8683707,0.6665777,0.47331178,0.47331178,0.669420083363851
HG_BraTS20_Training_245,0.8923717,0.866945,0.64258903,0.64258903,0.8006352583567301
HG_BraTS20_Training_246,0.8465792,0.65038455,0.42936555,0.42936555,0.642109751701355
HG_BraTS20_Training_336,0.93443954,0.88883007,0.6002378,0.6002378,0.8078358173370361
HG_BraTS20_Training_338,0.91963094,0.77873355,0.44051462,0.44051462,0.7129596869150797
HG_BraTS20_Training_344,0.90913606,0.80513316,0.49427798,0.49427798,0.7361823717753092
HG_BraTS20_Training_352,0.9314364,0.52081716,0.41136283,0.41136283,0.6212054888407389
LG_BraTS20_Training_262,0.8534896,0.31188348,6.836672e-13,6.836672e-13,0.3884576956431071
LG_BraTS20_Training_275,0.8168688,0.27347493,4.0883074e-12,4.0883074e-12,0.363447904586792
LG_BraTS20_Training_278,0.82780606,0.42152748,8.6964084e-13,8.6964084e-13,0.41644450028737384
LG_BraTS20_Training_283,0.9295322,0.3600176,0.31410477,0.31410477,0.5345515410105387
LG_BraTS20_Training_291,0.95229274,0.68145895,0.006038862,0.006038862,0.5465968449910482
LG_BraTS20_Training_292,0.91827697,0.83624643,0.23593412,0.23593412,0.6634858449300131
LG_BraTS20_Training_294,0.92472285,0.77368176,7.4615726e-13,7.4615726e-13,0.5661348501841227
LG_BraTS20_Training_297,0.732412,0.73855484,2.4003841e-12,2.4003841e-12,0.4903222719828288
LG_BraTS20_Training_310,0.91512465,0.8055656,4.9448645e-13,4.9448645e-13,0.5735634167989095
LG_BraTS20_Training_324,0.8926222,0.40708157,1.6539861e-12,1.6539861e-12,0.4332345724105835
flairt1cet1
HG_BraTS20_Training_010,0.7500975,0.80316085,0.8608019,0.8608019,0.8046867847442627
HG_BraTS20_Training_012,0.8587155,0.8076725,0.73609066,0.73609066,0.8008262316385905
HG_BraTS20_Training_020,0.89155525,0.8225305,0.6390043,0.6390043,0.7843633492787679
HG_BraTS20_Training_070,0.90479124,0.8292162,0.6791247,0.6791247,0.8043773969014486
HG_BraTS20_Training_089,0.8364237,0.6112719,0.90253496,0.90253496,0.7834102312723795
HG_BraTS20_Training_119,0.68610203,0.8597617,0.7415505,0.7415505,0.7624714374542236
HG_BraTS20_Training_124,0.9445604,0.920481,0.84802544,0.84802544,0.9043556849161783
HG_BraTS20_Training_128,0.86709934,0.30367365,0.3229334,0.3229334,0.49790215492248535
HG_BraTS20_Training_134,0.86502945,0.8462536,0.7421663,0.7421663,0.817816416422526
HG_BraTS20_Training_140,0.94696313,0.91144615,0.858061,0.858061,0.9054900805155436
HG_BraTS20_Training_150,0.9260658,0.93933535,0.9442049,0.9442049,0.9365353584289551
HG_BraTS20_Training_180,0.7267906,0.828514,0.8646763,0.8646763,0.8066602547963461
HG_BraTS20_Training_188,0.7301609,0.7292646,0.6763629,0.6763629,0.7119294802347819
HG_BraTS20_Training_191,0.91009706,0.8135902,0.7846504,0.7846504,0.8361125787099203
HG_BraTS20_Training_201,0.91949874,0.92824256,0.8503413,0.8503413,0.8993608951568604
HG_BraTS20_Training_211,0.87069374,0.92226565,0.84172875,0.84172875,0.8782293796539307
HG_BraTS20_Training_212,0.8393382,0.71469206,0.64460903,0.64460903,0.7328797181447347
HG_BraTS20_Training_226,0.88295114,0.91645896,0.8899399,0.8899399,0.8964500427246094
HG_BraTS20_Training_232,0.8366509,0.7731855,0.66843456,0.66843456,0.7594236532847086
HG_BraTS20_Training_241,0.8721194,0.8054597,0.76554346,0.76554346,0.8143742084503174
HG_BraTS20_Training_245,0.89686966,0.8277488,0.79007995,0.79007995,0.8382328351338705
HG_BraTS20_Training_246,0.8569765,0.73340255,0.77861404,0.77861404,0.7896643479665121
HG_BraTS20_Training_336,0.93246526,0.9318377,0.8578416,0.8578416,0.907381534576416
HG_BraTS20_Training_338,0.9077892,0.9322967,0.92010117,0.92010117,0.9200623830159506
HG_BraTS20_Training_344,0.9035829,0.78718454,0.6789067,0.6789067,0.7898914019266764
HG_BraTS20_Training_352,0.9140217,0.65931,0.85114884,0.85114884,0.808160146077474
LG_BraTS20_Training_262,0.8605356,0.62246776,6.0642815e-12,6.0642815e-12,0.49433445930480957
LG_BraTS20_Training_275,0.7363562,0.0716718,5.7504314e-12,5.7504314e-12,0.26934266090393066
LG_BraTS20_Training_278,0.82598484,0.12979646,3.1515916e-12,3.1515916e-12,0.31859376033147174
LG_BraTS20_Training_283,0.93192637,0.6952667,0.7008744,0.7008744,0.7760225137074789
LG_BraTS20_Training_291,0.9243397,0.712279,0.035055686,0.035055686,0.5572247902552286
LG_BraTS20_Training_292,0.8650612,0.7588617,0.4662427,0.4662427,0.6967218716939291
LG_BraTS20_Training_294,0.8911722,0.64295137,2.9256875e-12,2.9256875e-12,0.5113745133082072
LG_BraTS20_Training_297,0.3321387,0.11495986,1.8552876e-11,1.8552876e-11,0.14903285106023154
LG_BraTS20_Training_310,0.90319043,0.6512702,7.675775e-13,7.675775e-13,0.5181535482406616
LG_BraTS20_Training_324,0.8865898,0.23436669,3.6062026e-12,3.6062026e-12,0.373652180035909
flairt1ce
HG_BraTS20_Training_010,0.7818356,0.84116447,0.8696965,0.8696965,0.8308989206949869
HG_BraTS20_Training_012,0.8552231,0.831447,0.74634796,0.74634796,0.8110059897104899
HG_BraTS20_Training_020,0.8866449,0.7966454,0.6257074,0.6257074,0.7696658770243326
HG_BraTS20_Training_070,0.8770946,0.7474505,0.6456813,0.6456813,0.7567421595255533
HG_BraTS20_Training_089,0.8215493,0.7308748,0.9304167,0.9304167,0.8276135921478271
HG_BraTS20_Training_119,0.6953175,0.86181295,0.75068843,0.75068843,0.7692729632059733
HG_BraTS20_Training_124,0.9448528,0.94700557,0.8714101,0.8714101,0.9210894902547201
HG_BraTS20_Training_128,0.839508,0.41306177,0.3898305,0.3898305,0.5474667549133301
HG_BraTS20_Training_134,0.86109924,0.84556735,0.7408006,0.7408006,0.81582244237264
HG_BraTS20_Training_140,0.94767994,0.9095491,0.86910075,0.86910075,0.908776601155599
HG_BraTS20_Training_150,0.92520416,0.9624813,0.94785315,0.94785315,0.9451795419057211
HG_BraTS20_Training_180,0.70214254,0.8202636,0.8658645,0.8658645,0.7960902055104574
HG_BraTS20_Training_188,0.7315666,0.75937414,0.7038006,0.7038006,0.7315804958343506
HG_BraTS20_Training_191,0.90642077,0.80249095,0.7661743,0.7661743,0.825028657913208
HG_BraTS20_Training_201,0.9196621,0.93310165,0.842497,0.842497,0.898420254389445
HG_BraTS20_Training_211,0.85853994,0.9262431,0.84790796,0.84790796,0.8775637149810791
HG_BraTS20_Training_212,0.837373,0.71990407,0.64504886,0.64504886,0.7341086069742838
HG_BraTS20_Training_226,0.87659436,0.8902926,0.8804196,0.8804196,0.8824354807535807
HG_BraTS20_Training_232,0.83711153,0.7948318,0.7191167,0.7191167,0.783686637878418
HG_BraTS20_Training_241,0.86519754,0.7526223,0.7127114,0.7127114,0.7768437067667643
HG_BraTS20_Training_245,0.8801356,0.7372718,0.7516643,0.7516643,0.7896904945373535
HG_BraTS20_Training_246,0.846149,0.6296964,0.7353521,0.7353521,0.7370658715566
HG_BraTS20_Training_336,0.92253405,0.9372456,0.8556871,0.8556871,0.9051555792490641
HG_BraTS20_Training_338,0.89025337,0.9393779,0.91682535,0.91682535,0.9154855410257975
HG_BraTS20_Training_344,0.88240135,0.6507296,0.6526515,0.6526515,0.7285941441853842
HG_BraTS20_Training_352,0.7699661,0.69886833,0.8437062,0.8437062,0.7708468437194824
LG_BraTS20_Training_262,0.84381205,0.58909684,6.8212823e-12,6.8212823e-12,0.47763629754384357
LG_BraTS20_Training_275,0.7914239,0.060783975,9.756098e-12,9.756098e-12,0.284069299697876
LG_BraTS20_Training_278,0.82728857,0.027356794,3.9872407e-12,3.9872407e-12,0.28488179047902423
LG_BraTS20_Training_283,0.9110572,0.690727,0.67548877,0.67548877,0.7590909798940023
LG_BraTS20_Training_291,0.92351717,0.6781119,0.0455516,0.0455516,0.5490602254867554
LG_BraTS20_Training_292,0.8646938,0.7198247,0.48610544,0.48610544,0.6902079582214355
LG_BraTS20_Training_294,0.84896153,0.43799356,3.7551633e-12,3.7551633e-12,0.4289850393931071
LG_BraTS20_Training_297,0.3767785,0.13666593,2.3584905e-11,1.0,0.17114814122517905
LG_BraTS20_Training_310,0.8781148,0.53056335,4.9741347e-13,4.9741347e-13,0.46955939133961994
LG_BraTS20_Training_324,0.88853556,0.12024518,4.0584415e-12,4.0584415e-12,0.33626023928324383
flairt2
HG_BraTS20_Training_010,0.7683097,0.6464763,0.35714287,0.35714287,0.5906430085500082
HG_BraTS20_Training_012,0.83178806,0.64149696,0.37608567,0.37608567,0.6164568662643433
HG_BraTS20_Training_020,0.8880671,0.8346422,0.41444895,0.41444895,0.7123860518137614
HG_BraTS20_Training_070,0.8874156,0.66719365,0.26863354,0.26863354,0.6077476342519125
HG_BraTS20_Training_089,0.83800906,0.38033858,0.21530522,0.21530522,0.47788429260253906
HG_BraTS20_Training_119,0.738406,0.7394738,0.4436732,0.4436732,0.6405176321665446
HG_BraTS20_Training_124,0.9274711,0.7643898,0.47640383,0.47640383,0.722754955291748
HG_BraTS20_Training_128,0.84292674,0.17559548,0.18292318,0.18292318,0.40048182010650635
HG_BraTS20_Training_134,0.83868843,0.72824854,0.38499346,0.38499346,0.6506434679031372
HG_BraTS20_Training_140,0.94629157,0.83757937,0.39678654,0.39678654,0.7268857955932617
HG_BraTS20_Training_150,0.9247982,0.8223649,0.5020867,0.5020867,0.7497498989105225
HG_BraTS20_Training_180,0.6651175,0.51886046,0.40041766,0.40041766,0.52813188234965
HG_BraTS20_Training_188,0.7727401,0.67300594,0.4199781,0.4199781,0.6219080686569214
HG_BraTS20_Training_191,0.93563443,0.64567685,0.29905438,0.29905438,0.6267885367075602
HG_BraTS20_Training_201,0.9275447,0.83126926,0.62443286,0.62443286,0.7944156328837076
HG_BraTS20_Training_211,0.85055214,0.822952,0.53723,0.53723,0.7369113763173422
HG_BraTS20_Training_212,0.88135797,0.77897584,0.3840715,0.3840715,0.6814684867858887
HG_BraTS20_Training_226,0.9004227,0.8804087,0.4478216,0.4478216,0.7428843180338541
HG_BraTS20_Training_232,0.8201034,0.636555,0.3677029,0.3677029,0.6081204414367676
HG_BraTS20_Training_241,0.87842613,0.61240685,0.46125475,0.46125475,0.6506959199905396
HG_BraTS20_Training_245,0.8277777,0.8338965,0.59443593,0.59443593,0.7520367304484049
HG_BraTS20_Training_246,0.81285983,0.621107,0.4176378,0.4176378,0.617201566696167
HG_BraTS20_Training_336,0.9338858,0.8987573,0.62257844,0.62257844,0.81840713818868
HG_BraTS20_Training_338,0.90571094,0.7885601,0.48887435,0.48887435,0.7277151743570963
HG_BraTS20_Training_344,0.9003596,0.8022405,0.41402212,0.41402212,0.7055407365163168
HG_BraTS20_Training_352,0.9133201,0.4818169,0.46911895,0.46911895,0.6214186747868856
LG_BraTS20_Training_262,0.8390209,0.22985119,4.607021e-13,4.607021e-13,0.35629069805145264
LG_BraTS20_Training_275,0.81074834,0.27376735,3.932363e-12,3.932363e-12,0.3615052302678426
LG_BraTS20_Training_278,0.81962085,0.37294555,9.564801e-13,9.564801e-13,0.3975221316019694
LG_BraTS20_Training_283,0.9206496,0.44570598,0.35086182,0.35086182,0.5724057753880819
LG_BraTS20_Training_291,0.95713764,0.6875817,0.0066639166,0.0066639166,0.5504610935846964
LG_BraTS20_Training_292,0.9181784,0.7909535,0.24569204,0.24569204,0.6516079902648926
LG_BraTS20_Training_294,0.9201226,0.76188314,7.1199714e-13,7.1199714e-13,0.5606685876846313
LG_BraTS20_Training_297,0.7044998,0.63237286,3.1466331e-12,3.1466331e-12,0.4456241925557454
LG_BraTS20_Training_310,0.91313493,0.810302,3.9481997e-13,3.9481997e-13,0.5744789838790894
LG_BraTS20_Training_324,0.8790364,0.43605107,9.093389e-13,9.093389e-13,0.43836251894632977
t1t2
HG_BraTS20_Training_010,0.7002005,0.5655023,0.22770478,0.22770478,0.4978024959564209
HG_BraTS20_Training_012,0.85523874,0.73959744,0.59901327,0.59901327,0.7312831878662109
HG_BraTS20_Training_020,0.87626624,0.792709,0.38213032,0.38213032,0.6837018330891927
HG_BraTS20_Training_070,0.8315603,0.6990453,0.31128806,0.31128806,0.6139645576477051
HG_BraTS20_Training_089,0.830885,0.44188875,0.35400197,0.35400197,0.5422585805257162
HG_BraTS20_Training_119,0.65201765,0.7032577,0.4263323,0.4263323,0.5938692092895508
HG_BraTS20_Training_124,0.915145,0.7119228,0.4233644,0.4233644,0.6834774017333984
HG_BraTS20_Training_128,0.81230754,0.1766701,0.13110906,0.13110906,0.3733622233072917
HG_BraTS20_Training_134,0.8363317,0.7556983,0.39846346,0.39846346,0.6634978453318278
HG_BraTS20_Training_140,0.93407977,0.8439405,0.3545025,0.3545025,0.7108409404754639
HG_BraTS20_Training_150,0.87845,0.8283244,0.6416608,0.6416608,0.782811721165975
HG_BraTS20_Training_180,0.67063963,0.42560697,0.31585932,0.31585932,0.47070197264353436
HG_BraTS20_Training_188,0.7163185,0.7048998,0.56238633,0.56238633,0.661201556523641
HG_BraTS20_Training_191,0.9210135,0.37572238,0.2884566,0.2884566,0.5283974806467692
HG_BraTS20_Training_201,0.8970675,0.8997766,0.730579,0.730579,0.8424743016560873
HG_BraTS20_Training_211,0.8317444,0.8430345,0.6103999,0.6103999,0.7617262999216715
HG_BraTS20_Training_212,0.86959445,0.7541012,0.4284807,0.4284807,0.6840587457021078
HG_BraTS20_Training_226,0.8712663,0.81617314,0.40582883,0.40582883,0.6977561314900717
HG_BraTS20_Training_232,0.7957374,0.56615174,0.3600431,0.3600431,0.5739773909250895
HG_BraTS20_Training_241,0.8403645,0.670828,0.56907666,0.56907666,0.6934231122334799
HG_BraTS20_Training_245,0.8982141,0.8314937,0.630175,0.630175,0.7866276105244955
HG_BraTS20_Training_246,0.86181617,0.7527756,0.50222814,0.50222814,0.7056066195170084
HG_BraTS20_Training_336,0.916806,0.812778,0.5947413,0.5947413,0.7747751077016195
HG_BraTS20_Training_338,0.9152222,0.77826935,0.51199764,0.51199764,0.7351630528767904
HG_BraTS20_Training_344,0.8774065,0.7658827,0.46028015,0.46028015,0.7011897563934326
HG_BraTS20_Training_352,0.9030845,0.54190165,0.57994807,0.57994807,0.6749780972798666
LG_BraTS20_Training_262,0.8498316,0.41837543,8.837826e-13,8.837826e-13,0.42273569107055664
LG_BraTS20_Training_275,0.7053811,0.19073124,4.950495e-12,4.950495e-12,0.2987041076024373
LG_BraTS20_Training_278,0.78681314,0.31445497,8.5940185e-13,8.5940185e-13,0.36708935101826984
LG_BraTS20_Training_283,0.90872633,0.38419577,0.40807453,0.40807453,0.5669988791147867
LG_BraTS20_Training_291,0.93651617,0.7270199,0.0077107353,0.0077107353,0.5570822556813558
LG_BraTS20_Training_292,0.8997547,0.752281,0.24799143,0.24799143,0.6333423852920532
LG_BraTS20_Training_294,0.8907791,0.63058025,8.833142e-13,8.833142e-13,0.5071197748184204
LG_BraTS20_Training_297,0.75694215,0.7181475,2.2799818e-12,2.2799818e-12,0.4916965564092
LG_BraTS20_Training_310,0.873067,0.71590155,5.702555e-13,5.702555e-13,0.529656171798706
LG_BraTS20_Training_324,0.8356855,0.26093048,1.3428226e-12,1.3428226e-12,0.3655386765797933
flairt1
HG_BraTS20_Training_010,0.72064865,0.6554857,0.35572425,0.35572425,0.5772862037022909
HG_BraTS20_Training_012,0.84201515,0.77777225,0.57486576,0.57486576,0.7315510908762614
HG_BraTS20_Training_020,0.88877386,0.82486796,0.38356128,0.38356128,0.699067751566569
HG_BraTS20_Training_070,0.8947037,0.7252548,0.32939947,0.32939947,0.6497859557469686
HG_BraTS20_Training_089,0.83268887,0.421888,0.37421712,0.37421712,0.5429313580195109
HG_BraTS20_Training_119,0.6748395,0.7828435,0.49279398,0.49279398,0.650158961613973
HG_BraTS20_Training_124,0.926562,0.7115185,0.4471537,0.4471537,0.6950780550638834
HG_BraTS20_Training_128,0.86077523,0.25322998,0.24605244,0.24605244,0.4533525307973226
HG_BraTS20_Training_134,0.7616394,0.48673695,0.23498759,0.23498759,0.4944546620051066
HG_BraTS20_Training_140,0.9387429,0.8554904,0.44046384,0.44046384,0.7448990345001221
HG_BraTS20_Training_150,0.9066382,0.73304015,0.539456,0.539456,0.7263781229654948
HG_BraTS20_Training_180,0.7053821,0.6261361,0.52595747,0.52595747,0.6191585461298624
HG_BraTS20_Training_188,0.7239344,0.49233857,0.3673273,0.3673273,0.5278667608896891
HG_BraTS20_Training_191,0.92971355,0.5905779,0.47221482,0.47221482,0.6641687552134196
HG_BraTS20_Training_201,0.9218218,0.8570239,0.67702013,0.67702013,0.8186219533284506
HG_BraTS20_Training_211,0.8372447,0.74215496,0.5590648,0.5590648,0.7128214836120605
HG_BraTS20_Training_212,0.7666398,0.5379714,0.2856779,0.2856779,0.5300963719685873
HG_BraTS20_Training_226,0.8802254,0.80118614,0.4795338,0.4795338,0.720315138498942
HG_BraTS20_Training_232,0.874217,0.5121266,0.35688508,0.35688508,0.5810762246449789
HG_BraTS20_Training_241,0.87183595,0.49856424,0.36699823,0.36699823,0.5791327953338623
HG_BraTS20_Training_245,0.90003633,0.82522947,0.5920849,0.5920849,0.7724502086639404
HG_BraTS20_Training_246,0.83514744,0.570354,0.34479454,0.34479454,0.5834319591522217
HG_BraTS20_Training_336,0.9274027,0.90266633,0.6948415,0.6948415,0.8416368166605631
HG_BraTS20_Training_338,0.8663442,0.71536386,0.49692136,0.49692136,0.6928764979044596
HG_BraTS20_Training_344,0.89806736,0.74750996,0.5087598,0.5087598,0.7181123892466227
HG_BraTS20_Training_352,0.85981464,0.43754506,0.44008917,0.44008917,0.5791496435801188
LG_BraTS20_Training_262,0.8336004,0.44568294,8.383635e-13,8.383635e-13,0.42642776171366376
LG_BraTS20_Training_275,0.7973629,0.17820492,5.8685444e-12,5.8685444e-12,0.3251892725626628
LG_BraTS20_Training_278,0.84788823,0.4800341,6.479202e-13,6.479202e-13,0.4426407814025879
LG_BraTS20_Training_283,0.9345089,0.38201302,0.34297237,0.34297237,0.5531647602717081
LG_BraTS20_Training_291,0.9318409,0.70114654,0.004234878,0.004234878,0.545740803082784
LG_BraTS20_Training_292,0.8613886,0.76933753,0.16064402,0.16064402,0.597123384475708
LG_BraTS20_Training_294,0.8734791,0.6404114,4.5869455e-13,4.5869455e-13,0.5046301682790121
LG_BraTS20_Training_297,0.49304837,0.39615846,2.3501763e-12,2.3501763e-12,0.2964022755622864
LG_BraTS20_Training_310,0.9222003,0.7938433,3.20811e-13,3.20811e-13,0.572014570236206
LG_BraTS20_Training_324,0.87131906,0.5246136,1.5267176e-12,1.5267176e-12,0.46531089146931964
t1cet1
HG_BraTS20_Training_010,0.5509392,0.87339425,0.8722556,0.8722556,0.7655297120412191
HG_BraTS20_Training_012,0.7274708,0.8862667,0.80979973,0.80979973,0.8078457514444987
HG_BraTS20_Training_020,0.81003773,0.6543328,0.60883653,0.60883653,0.691068967183431
HG_BraTS20_Training_070,0.71714646,0.68625593,0.5928704,0.5928704,0.6654242674509684
HG_BraTS20_Training_089,0.75247025,0.8734247,0.90588456,0.90588456,0.8439265092213949
HG_BraTS20_Training_119,0.56328213,0.84805334,0.7318557,0.7318557,0.7143970330556234
HG_BraTS20_Training_124,0.7946004,0.8714965,0.79718435,0.79718435,0.8210937182108561
HG_BraTS20_Training_128,0.2473385,0.12587413,0.1197734,0.1197734,0.16432867447535196
HG_BraTS20_Training_134,0.8094453,0.8117515,0.69146794,0.69146794,0.7708882490793864
HG_BraTS20_Training_140,0.8901512,0.92849755,0.861831,0.861831,0.8934932549794515
HG_BraTS20_Training_150,0.8584329,0.9528895,0.94012105,0.94012105,0.9171477953592936
HG_BraTS20_Training_180,0.7605632,0.9184992,0.8814715,0.8814715,0.8535113334655762
HG_BraTS20_Training_188,0.5571868,0.82274586,0.7539944,0.7539944,0.7113090356191
HG_BraTS20_Training_191,0.7443841,0.7023163,0.707366,0.707366,0.7180221080780029
HG_BraTS20_Training_201,0.8143996,0.9347866,0.84826803,0.84826803,0.8658181031545004
HG_BraTS20_Training_211,0.74967676,0.93470734,0.85749024,0.85749024,0.8472914695739746
HG_BraTS20_Training_212,0.67412746,0.5968423,0.6521865,0.6521865,0.6410520871480306
HG_BraTS20_Training_226,0.72607434,0.91872436,0.8851537,0.8851537,0.8433175086975098
HG_BraTS20_Training_232,0.65227103,0.8129049,0.8034122,0.8034122,0.7561960220336914
HG_BraTS20_Training_241,0.767374,0.76463544,0.73816884,0.73816884,0.7567261060078939
HG_BraTS20_Training_245,0.8246974,0.73314846,0.73878336,0.73878336,0.7655430634816488
HG_BraTS20_Training_246,0.76508266,0.7642181,0.82053995,0.82053995,0.7832802136739095
HG_BraTS20_Training_336,0.8446258,0.8627346,0.7986412,0.7986412,0.8353338241577148
HG_BraTS20_Training_338,0.8259543,0.94320756,0.899586,0.899586,0.889582633972168
HG_BraTS20_Training_344,0.78556144,0.5746406,0.6347967,0.6347967,0.6649995644887289
HG_BraTS20_Training_352,0.74805814,0.8466727,0.86316025,0.86316025,0.8192969957987467
LG_BraTS20_Training_262,0.7007157,0.25468612,2.6954178e-11,1.0,0.31846727927525836
LG_BraTS20_Training_275,0.2871008,0.0146311,1.540832e-11,1.540832e-11,0.10057729482650757
LG_BraTS20_Training_278,0.21925382,1.6154306e-13,4.842615e-12,4.842615e-12,0.07308460772037506
LG_BraTS20_Training_283,0.6598365,0.7112472,0.6924421,0.6924421,0.6878419717152914
LG_BraTS20_Training_291,0.6055297,0.27801624,0.021957913,0.021957913,0.3018346428871155
LG_BraTS20_Training_292,0.7865716,0.44746882,0.5705546,0.5705546,0.6015317042668661
LG_BraTS20_Training_294,0.66946,0.0013701258,2.7472528e-11,1.0,0.2236100435256958
LG_BraTS20_Training_297,0.044096258,0.016987542,1.0,1.0,0.3536945978800456
LG_BraTS20_Training_310,0.57777804,0.09619259,5.394907e-13,5.394907e-13,0.224656879901886
LG_BraTS20_Training_324,0.63440025,0.0018155545,2.8352706e-12,2.8352706e-12,0.21207193533579508
t1cet2
HG_BraTS20_Training_010,0.7176444,0.8382362,0.8593114,0.8593114,0.8050639629364014
HG_BraTS20_Training_012,0.8286418,0.8523717,0.7774753,0.7774753,0.819496234258016
HG_BraTS20_Training_020,0.8734556,0.7864578,0.6080871,0.6080871,0.7560001214345297
HG_BraTS20_Training_070,0.8173723,0.8190224,0.6561708,0.6561708,0.7641885280609131
HG_BraTS20_Training_089,0.8355552,0.6385645,0.9088793,0.9088793,0.7943329811096191
HG_BraTS20_Training_119,0.6725255,0.8628011,0.76713717,0.76713717,0.7674879233042399
HG_BraTS20_Training_124,0.9193462,0.91580003,0.8548038,0.8548038,0.8966499964396158
HG_BraTS20_Training_128,0.7613757,0.5050091,0.5139319,0.5139319,0.5934389034907023
HG_BraTS20_Training_134,0.87277985,0.88652444,0.729625,0.729625,0.8296430905659994
HG_BraTS20_Training_140,0.937976,0.92228913,0.86454993,0.86454993,0.9082717100779215
HG_BraTS20_Training_150,0.8896304,0.9471725,0.93402946,0.93402946,0.9236108462015787
HG_BraTS20_Training_180,0.6818899,0.7406159,0.8342204,0.8342204,0.7522420883178711
HG_BraTS20_Training_188,0.7009186,0.79601896,0.719079,0.719079,0.7386721769968668
HG_BraTS20_Training_191,0.90490353,0.7817841,0.7853537,0.7853537,0.8240137894948324
HG_BraTS20_Training_201,0.8796397,0.9127229,0.8365291,0.8365291,0.8762972354888916
HG_BraTS20_Training_211,0.8339175,0.9338787,0.8571213,0.8571213,0.8749725023905436
HG_BraTS20_Training_212,0.8600237,0.8043056,0.66288507,0.66288507,0.7757380803426107
HG_BraTS20_Training_226,0.8472686,0.9009185,0.88052565,0.88052565,0.8762375513712565
HG_BraTS20_Training_232,0.7209605,0.8001853,0.7973162,0.7973162,0.7728206316630045
HG_BraTS20_Training_241,0.8317656,0.7167707,0.72195023,0.72195023,0.7568288644154867
HG_BraTS20_Training_245,0.82533765,0.74080354,0.7501828,0.7501828,0.77210799853007
HG_BraTS20_Training_246,0.85990715,0.7734068,0.79999155,0.79999155,0.8111018339792887
HG_BraTS20_Training_336,0.93203264,0.92598075,0.8673527,0.8673527,0.9084553718566895
HG_BraTS20_Training_338,0.912809,0.9491771,0.9121277,0.9121277,0.9247046311696371
HG_BraTS20_Training_344,0.85813874,0.5843146,0.63918877,0.63918877,0.6938807169596354
HG_BraTS20_Training_352,0.9025511,0.7706096,0.89390445,0.89390445,0.8556884129842123
LG_BraTS20_Training_262,0.8656662,0.51207614,4.6104197e-12,4.6104197e-12,0.4592474301656087
LG_BraTS20_Training_275,0.59285533,0.1758441,6.301197e-12,6.301197e-12,0.25623313585917157
LG_BraTS20_Training_278,0.7316859,0.08483431,3.5285815e-12,3.5285815e-12,0.2721734046936035
LG_BraTS20_Training_283,0.88436437,0.7531802,0.79498315,0.79498315,0.8108425935109457
LG_BraTS20_Training_291,0.92337465,0.70959,0.03029844,0.03029844,0.5544210275014242
LG_BraTS20_Training_292,0.9019694,0.62114173,0.6140944,0.6140944,0.7124018669128418
LG_BraTS20_Training_294,0.8983065,0.44123098,3.6751192e-12,3.6751192e-12,0.44651250044504803
LG_BraTS20_Training_297,0.7192199,0.6643296,8.077545e-12,8.077545e-12,0.4611831506093343
LG_BraTS20_Training_310,0.81882226,0.55674726,5.3279343e-13,5.3279343e-13,0.4585231939951579
LG_BraTS20_Training_324,0.808346,0.09923881,3.9385582e-12,3.9385582e-12,0.3025282621383667
flair
HG_BraTS20_Training_010,0.7136325,0.6759893,0.382602,0.382602,0.590741237004598
HG_BraTS20_Training_012,0.83829737,0.6476232,0.3531496,0.3531496,0.6130233605702718
HG_BraTS20_Training_020,0.88718015,0.82429916,0.3682785,0.3682785,0.6932525634765625
HG_BraTS20_Training_070,0.8922824,0.5294242,0.1764731,0.1764731,0.5327266057332357
HG_BraTS20_Training_089,0.7663767,0.483841,0.31991425,0.31991425,0.5233772993087769
HG_BraTS20_Training_119,0.7000093,0.70922446,0.47987062,0.47987062,0.6297014554341634
HG_BraTS20_Training_124,0.93223685,0.77928543,0.42245817,0.42245817,0.7113268375396729
HG_BraTS20_Training_128,0.85911965,0.20125785,0.15211585,0.15211585,0.4041644334793091
HG_BraTS20_Training_134,0.70239186,0.27748975,0.13410205,0.13410205,0.37132787704467773
HG_BraTS20_Training_140,0.94856983,0.84243464,0.55660135,0.55660135,0.7825352350870768
HG_BraTS20_Training_150,0.84733176,0.6412994,0.3064744,0.3064744,0.5983685652414957
HG_BraTS20_Training_180,0.7060059,0.6493304,0.51350844,0.51350844,0.6229482094446818
HG_BraTS20_Training_188,0.6185737,0.28448236,0.093366094,0.093366094,0.3321407238642375
HG_BraTS20_Training_191,0.9324401,0.6323121,0.381464,0.381464,0.6487387418746948
HG_BraTS20_Training_201,0.9340253,0.84905124,0.51676846,0.51676846,0.7666149934132894
HG_BraTS20_Training_211,0.79278636,0.63122094,0.29209936,0.29209936,0.572035551071167
HG_BraTS20_Training_212,0.76342285,0.5250241,0.21261421,0.21261421,0.5003536939620972
HG_BraTS20_Training_226,0.8894495,0.7609342,0.55771625,0.55771625,0.7360332806905111
HG_BraTS20_Training_232,0.80949545,0.4640711,0.40357554,0.40357554,0.5590473413467407
HG_BraTS20_Training_241,0.88111585,0.40943107,0.21639934,0.21639934,0.5023154020309448
HG_BraTS20_Training_245,0.75693357,0.72266823,0.5282867,0.5282867,0.6692961851755778
HG_BraTS20_Training_246,0.7821535,0.43149456,0.3062188,0.3062188,0.506622314453125
HG_BraTS20_Training_336,0.9302876,0.8870564,0.589464,0.589464,0.8022692998250326
HG_BraTS20_Training_338,0.8568754,0.68696266,0.43801022,0.43801022,0.6606160799662272
HG_BraTS20_Training_344,0.89322686,0.6797337,0.41033733,0.41033733,0.6610993146896362
HG_BraTS20_Training_352,0.5297794,0.21010855,0.2197948,0.2197948,0.3198942542076111
LG_BraTS20_Training_262,0.83598745,0.27725658,6.125574e-13,6.125574e-13,0.3710813522338867
LG_BraTS20_Training_275,0.76188433,0.18636593,3.5385705e-12,3.5385705e-12,0.3160834312438965
LG_BraTS20_Training_278,0.8280138,0.29534236,1.1352026e-12,1.1352026e-12,0.3744520346323649
LG_BraTS20_Training_283,0.93926513,0.47713828,0.36064357,0.36064357,0.5923489729563395
LG_BraTS20_Training_291,0.93396115,0.7267092,0.000983103,0.000983103,0.5538844664891561
LG_BraTS20_Training_292,0.67649,0.19833702,0.13154551,0.13154551,0.3354575236638387
LG_BraTS20_Training_294,0.83378434,0.5175919,7.8204424e-13,7.8204424e-13,0.4504587650299072
LG_BraTS20_Training_297,0.16120932,4.078137e-13,1.4285714e-09,1.0,0.05373643835385641
LG_BraTS20_Training_310,0.9197338,0.7909974,2.3248244e-13,2.3248244e-13,0.570243755976359
LG_BraTS20_Training_324,0.8876398,0.45527613,1.176609e-12,1.176609e-12,0.44763867060343426
t1
HG_BraTS20_Training_010,0.556029,0.66831136,0.32074726,0.32074726,0.515029231707255
HG_BraTS20_Training_012,0.7570231,0.73362446,0.6217137,0.6217137,0.704120397567749
HG_BraTS20_Training_020,0.8344653,0.56719065,0.22149761,0.22149761,0.541051189104716
HG_BraTS20_Training_070,0.7891602,0.72657037,0.33109665,0.33109665,0.6156090895334879
HG_BraTS20_Training_089,0.76486164,0.49325073,0.45627764,0.45627764,0.5714633464813232
HG_BraTS20_Training_119,0.59609157,0.72050685,0.40018058,0.40018058,0.5722596645355225
HG_BraTS20_Training_124,0.795804,0.63333255,0.37319392,0.37319392,0.6007768313090006
HG_BraTS20_Training_128,0.29058015,0.06666667,0.071565494,7.836991e-12,0.142937441666921
HG_BraTS20_Training_134,0.41760603,0.42849982,0.11898678,0.11898678,0.32169753313064575
HG_BraTS20_Training_140,0.8162188,0.7898935,0.18488537,0.18488537,0.5969992081324259
HG_BraTS20_Training_150,0.8091478,0.73616725,0.5243526,0.5243526,0.6898891925811768
HG_BraTS20_Training_180,0.6137472,0.35752687,0.26327676,0.26327676,0.4115169048309326
HG_BraTS20_Training_188,0.56513417,0.64465165,0.5018619,0.5018619,0.5705492496490479
HG_BraTS20_Training_191,0.74894047,0.22783886,0.1762278,0.1762278,0.38433571656545
HG_BraTS20_Training_201,0.8310595,0.74911904,0.54688543,0.54688543,0.7090213298797607
HG_BraTS20_Training_211,0.7139779,0.7743158,0.547908,0.547908,0.6787339051564535
HG_BraTS20_Training_212,0.70174676,0.53283167,0.2929717,0.2929717,0.5091833670934042
HG_BraTS20_Training_226,0.77304655,0.70777893,0.30876866,0.30876866,0.596531351407369
HG_BraTS20_Training_232,0.6694042,0.40370867,0.2303594,0.2303594,0.43449076016743976
HG_BraTS20_Training_241,0.79306054,0.47939327,0.26556984,0.26556984,0.5126745303471884
HG_BraTS20_Training_245,0.8139951,0.666925,0.54872894,0.54872894,0.6765496730804443
HG_BraTS20_Training_246,0.7871184,0.5547973,0.23762636,0.23762636,0.5265139738718668
HG_BraTS20_Training_336,0.8295055,0.8303239,0.58301616,0.58301616,0.7476151784261068
HG_BraTS20_Training_338,0.8088035,0.6579645,0.41893166,0.41893166,0.62856658299764
HG_BraTS20_Training_344,0.81513286,0.75673425,0.4749054,0.4749054,0.6822574933369955
HG_BraTS20_Training_352,0.6553559,0.33548808,0.4454112,0.4454112,0.47875173886617023
LG_BraTS20_Training_262,0.7374134,0.6566744,2.4715768e-12,2.4715768e-12,0.46469593048095703
LG_BraTS20_Training_275,0.22902086,0.00226939,2.759382e-12,2.759382e-12,0.07709675033887227
LG_BraTS20_Training_278,0.6345815,0.32560155,1.1261261e-12,1.1261261e-12,0.3200610081354777
LG_BraTS20_Training_283,0.24307883,0.040115036,0.040973112,0.040973112,0.10805565118789673
LG_BraTS20_Training_291,0.7897403,0.7073624,0.0076754387,0.0076754387,0.5015927155812582
LG_BraTS20_Training_292,0.78448695,0.7860059,0.19203988,0.19203988,0.587510903676351
LG_BraTS20_Training_294,0.72540826,0.5648169,1.0650762e-12,1.0650762e-12,0.4300750494003296
LG_BraTS20_Training_297,0.40662685,0.5888917,2.919708e-12,2.919708e-12,0.3318395217259725
LG_BraTS20_Training_310,0.8075062,0.6719552,4.92126e-13,4.92126e-13,0.49315381050109863
LG_BraTS20_Training_324,0.6517188,0.28827524,1.2035143e-12,1.2035143e-12,0.31333134571711224
t1c
HG_BraTS20_Training_010,0.46694422,0.8325525,0.8685965,0.8685965,0.7226977348327637
HG_BraTS20_Training_012,0.6951099,0.87661123,0.8045443,0.8045443,0.792088508605957
HG_BraTS20_Training_020,0.7569932,0.7209025,0.59857684,0.59857684,0.692157506942749
HG_BraTS20_Training_070,0.5429498,0.6244771,0.5412534,0.5412534,0.5695600509643555
HG_BraTS20_Training_089,0.5827933,0.76454735,0.9186996,0.9186996,0.7553467750549316
HG_BraTS20_Training_119,0.5394413,0.8436138,0.7561375,0.7561375,0.7130641937255859
HG_BraTS20_Training_124,0.7725642,0.86215764,0.8131966,0.8131966,0.8159728050231934
HG_BraTS20_Training_128,2.6723678e-13,2.3041475e-12,2.3668639e-12,2.3668639e-12,1.646082720361634e-12
HG_BraTS20_Training_134,0.79027784,0.8518753,0.73590213,0.73590213,0.7926851113637289
HG_BraTS20_Training_140,0.87793845,0.92276484,0.8709929,0.8709929,0.8905653953552246
HG_BraTS20_Training_150,0.82387775,0.9514209,0.9424684,0.9424684,0.9059223333994547
HG_BraTS20_Training_180,0.74781775,0.9090654,0.8843256,0.8843256,0.8470695813496908
HG_BraTS20_Training_188,0.4883643,0.8482826,0.7842254,0.7842254,0.7069574197133383
HG_BraTS20_Training_191,0.70105124,0.7394836,0.736297,0.736297,0.7256105740865072
HG_BraTS20_Training_201,0.77773243,0.8977106,0.83046716,0.83046716,0.8353033860524496
HG_BraTS20_Training_211,0.754955,0.93046445,0.8570617,0.8570617,0.8474937280019125
HG_BraTS20_Training_212,0.54552716,0.5198424,0.5891373,0.5891373,0.5515023072560629
HG_BraTS20_Training_226,0.7439998,0.91585386,0.88888603,0.88888603,0.8495798905690511
HG_BraTS20_Training_232,0.59900194,0.7799994,0.7675199,0.7675199,0.7155071099599203
HG_BraTS20_Training_241,0.56855214,0.65998906,0.63493115,0.63493115,0.6211574077606201
HG_BraTS20_Training_245,0.68015534,0.61524856,0.64458215,0.64458215,0.6466620365778605
HG_BraTS20_Training_246,0.69164324,0.6896879,0.82856834,0.82856834,0.7366331418355306
HG_BraTS20_Training_336,0.82694006,0.9019258,0.82134336,0.82134336,0.8500697612762451
HG_BraTS20_Training_338,0.82265943,0.9327369,0.8947523,0.8947523,0.8833828767140707
HG_BraTS20_Training_344,0.74476117,0.5472056,0.60209,0.60209,0.6313522656758627
HG_BraTS20_Training_352,0.7611639,0.74977875,0.86937344,0.86937344,0.7934387524922689
LG_BraTS20_Training_262,0.6949525,0.5965031,8.771929e-12,8.771929e-12,0.43048516909281415
LG_BraTS20_Training_275,0.013611278,9.443762e-13,3.125e-10,1.0,0.00453709252178669
LG_BraTS20_Training_278,0.11139831,1.5546539e-13,3.1605562e-12,3.1605562e-12,0.03713276982307434
LG_BraTS20_Training_283,0.5780299,0.7581482,0.73487276,0.73487276,0.6903502941131592
LG_BraTS20_Training_291,0.48498446,0.44538727,9.643201e-12,9.643201e-12,0.31012392044067383
LG_BraTS20_Training_292,0.7708807,0.7319608,0.4750219,0.4750219,0.6592877705891927
LG_BraTS20_Training_294,0.41276243,0.047221348,1.9417476e-11,1.9417476e-11,0.15332792202631632
LG_BraTS20_Training_297,1.3340982e-13,4.0721587e-13,2.3255814e-10,1.0,7.76995875047722e-11
LG_BraTS20_Training_310,0.50020427,0.22224998,4.0602542e-13,4.0602542e-13,0.2408180832862854
LG_BraTS20_Training_324,0.600256,0.017958704,1.4251105e-12,1.4251105e-12,0.20607157548268637
t2
HG_BraTS20_Training_010,0.68095505,0.43000585,0.24056605,0.24056605,0.450508991877238
HG_BraTS20_Training_012,0.81592554,0.7032424,0.52218014,0.52218014,0.6804493268330892
HG_BraTS20_Training_020,0.87291056,0.76134634,0.37136808,0.37136808,0.668541669845581
HG_BraTS20_Training_070,0.81783473,0.5473944,0.21453157,0.21453157,0.5265868902206421
HG_BraTS20_Training_089,0.81532425,0.44787228,0.35575318,0.35575318,0.5396498839060465
HG_BraTS20_Training_119,0.7017544,0.5877452,0.32283157,0.32283157,0.5374437173207601
HG_BraTS20_Training_124,0.91037536,0.72198856,0.42233056,0.42233056,0.6848981380462646
HG_BraTS20_Training_128,0.78533804,0.12886158,0.13307402,0.13307402,0.3490912119547526
HG_BraTS20_Training_134,0.82127374,0.5016681,0.30075952,0.30075952,0.5412337779998779
HG_BraTS20_Training_140,0.9326103,0.85489535,0.4421355,0.4421355,0.7432137330373129
HG_BraTS20_Training_150,0.87980306,0.79101,0.61614543,0.61614543,0.7623194853464762
HG_BraTS20_Training_180,0.64275825,0.42820415,0.21779698,0.21779698,0.4295864899953206
HG_BraTS20_Training_188,0.7058354,0.7615422,0.6182211,0.6182211,0.6951995690663656
HG_BraTS20_Training_191,0.9220056,0.35805488,0.21755633,0.21755633,0.49920562903086346
HG_BraTS20_Training_201,0.8823235,0.85468936,0.6430407,0.6430407,0.7933511734008789
HG_BraTS20_Training_211,0.8225853,0.8136587,0.59397835,0.59397835,0.7434074878692627
HG_BraTS20_Training_212,0.88574916,0.72668356,0.373601,0.373601,0.6620112260182699
HG_BraTS20_Training_226,0.870794,0.77031934,0.3648007,0.3648007,0.6686379909515381
HG_BraTS20_Training_232,0.745193,0.5713744,0.38950706,0.38950706,0.5686914920806885
HG_BraTS20_Training_241,0.8404239,0.54407424,0.45646885,0.45646885,0.6136556466420492
HG_BraTS20_Training_245,0.81469893,0.80576175,0.559304,0.559304,0.726588249206543
HG_BraTS20_Training_246,0.8540011,0.67709,0.4406496,0.4406496,0.6572469075520834
HG_BraTS20_Training_336,0.9388685,0.6709444,0.5151999,0.5151999,0.7083376248677572
HG_BraTS20_Training_338,0.8983358,0.72597176,0.46883819,0.46883819,0.6977152824401855
HG_BraTS20_Training_344,0.8636213,0.5926267,0.3201862,0.3201862,0.5921447277069092
HG_BraTS20_Training_352,0.9015555,0.5713061,0.41286558,0.41286558,0.6285757223765055
LG_BraTS20_Training_262,0.8378148,0.25679186,5.315756e-13,5.315756e-13,0.3648688793182373
LG_BraTS20_Training_275,0.7210273,0.1219088,7.604563e-12,7.604563e-12,0.28097869952519733
LG_BraTS20_Training_278,0.76798916,0.20043974,2.196354e-12,2.196354e-12,0.322809636592865
LG_BraTS20_Training_283,0.8546055,0.4199134,0.3520234,0.3520234,0.5421807765960693
LG_BraTS20_Training_291,0.93466413,0.718994,0.009248345,0.009248345,0.5543021758397421
LG_BraTS20_Training_292,0.89421767,0.27263567,0.2522094,0.2522094,0.47302091121673584
LG_BraTS20_Training_294,0.88716775,0.4696889,1.260716e-12,1.260716e-12,0.4522855281829834
LG_BraTS20_Training_297,0.71832395,0.3722833,4.805382e-12,4.805382e-12,0.3635357618331909
LG_BraTS20_Training_310,0.86924934,0.6662345,9.930486e-13,9.930486e-13,0.5118279457092285
LG_BraTS20_Training_324,0.8076102,0.1947511,1.4136274e-12,1.4136274e-12,0.3341204325358073
WT Dice,TC Dice,ET Dice,ETPro Dice,WT HD95,TC HD95,ET HD95ETPro HD95
flairt1cet1t2
HG_BraTS20_Training_010,0.76989716,0.79615015,0.8608332,0.8608332,0.8089601993560791
HG_BraTS20_Training_012,0.85577136,0.8494779,0.7572955,0.7572955,0.820848306020101
HG_BraTS20_Training_020,0.8983879,0.82271975,0.6091653,0.6091653,0.7767577171325684
HG_BraTS20_Training_070,0.89855003,0.83606434,0.64887965,0.64887965,0.7944979667663574
HG_BraTS20_Training_089,0.83812237,0.52386063,0.84271526,0.84271526,0.7348994414011637
HG_BraTS20_Training_119,0.68516725,0.87630016,0.74011755,0.74011755,0.7671949863433838
HG_BraTS20_Training_124,0.9478014,0.91079956,0.85107446,0.85107446,0.9032251040140787
HG_BraTS20_Training_128,0.84927934,0.3372211,0.37980324,0.37980324,0.5221012433369955
HG_BraTS20_Training_134,0.8676019,0.86189574,0.7285278,0.7285278,0.8193418184916178
HG_BraTS20_Training_140,0.9519724,0.92447907,0.8505588,0.8505588,0.9090034166971842
HG_BraTS20_Training_150,0.93545234,0.95090175,0.9433844,0.9433844,0.9432462056477865
HG_BraTS20_Training_180,0.71843964,0.77413744,0.8530065,0.8530065,0.781861146291097
HG_BraTS20_Training_188,0.7678047,0.77487195,0.71002984,0.71002984,0.7509021759033203
HG_BraTS20_Training_191,0.93216753,0.82431895,0.78108734,0.78108734,0.8458579381306967
HG_BraTS20_Training_201,0.918641,0.93934435,0.855264,0.855264,0.9044164021809896
HG_BraTS20_Training_211,0.8709839,0.9320936,0.8509102,0.8509102,0.8846625487009684
HG_BraTS20_Training_212,0.8839892,0.7873256,0.6596384,0.6596384,0.7769843737284342
HG_BraTS20_Training_226,0.89780396,0.91729337,0.889096,0.889096,0.9013977845509847
HG_BraTS20_Training_232,0.77619034,0.7630742,0.7219591,0.7219591,0.7537412643432617
HG_BraTS20_Training_241,0.87685883,0.8059077,0.7878321,0.7878321,0.8235328992207845
HG_BraTS20_Training_245,0.88015884,0.82051516,0.80349076,0.80349076,0.834721565246582
HG_BraTS20_Training_246,0.84334147,0.7406275,0.7625202,0.7625202,0.7821630636850992
HG_BraTS20_Training_336,0.9454537,0.9392523,0.87440974,0.87440974,0.9197052319844564
HG_BraTS20_Training_338,0.92208356,0.9480706,0.91884255,0.91884255,0.9296655654907227
HG_BraTS20_Training_344,0.90094924,0.7338488,0.68447506,0.68447506,0.7730909983317057
HG_BraTS20_Training_352,0.9375058,0.5390169,0.86174124,0.86174124,0.779421329498291
LG_BraTS20_Training_262,0.8735131,0.46598607,2.8264556e-12,2.8264556e-12,0.4464997450510661
LG_BraTS20_Training_275,0.7543425,0.099378884,6.2695925e-12,6.2695925e-12,0.2845737934112549
LG_BraTS20_Training_278,0.82530093,0.2043604,3.1407034e-12,3.1407034e-12,0.34322043259938556
LG_BraTS20_Training_283,0.9416318,0.6275307,0.7010309,0.7010309,0.756731112798055
LG_BraTS20_Training_291,0.94786334,0.74105406,0.021031747,0.021031747,0.5699830452601115
LG_BraTS20_Training_292,0.92021203,0.8429955,0.5309596,0.5309596,0.7647223472595215
LG_BraTS20_Training_294,0.92773896,0.7128271,2.8153153e-12,2.8153153e-12,0.5468553702036539
LG_BraTS20_Training_297,0.66274667,0.6600062,6.2305295e-12,6.2305295e-12,0.4409176508585612
LG_BraTS20_Training_310,0.91347253,0.74153,8.37942e-13,8.37942e-13,0.5516675313313802
LG_BraTS20_Training_324,0.907482,0.12814704,9.425071e-12,9.425071e-12,0.34520967801411945
t1cet1t2
HG_BraTS20_Training_010,0.6778798,0.8419793,0.8667453,0.8667453,0.7955347696940104
HG_BraTS20_Training_012,0.8491523,0.87369365,0.7987635,0.7987635,0.8405365149180094
HG_BraTS20_Training_020,0.8825372,0.78825593,0.6055765,0.6055765,0.758789857228597
HG_BraTS20_Training_070,0.7581773,0.8382441,0.6671613,0.6671613,0.7545275688171387
HG_BraTS20_Training_089,0.8082847,0.6332008,0.8862133,0.8862133,0.7758995691935221
HG_BraTS20_Training_119,0.69295096,0.8691938,0.7562258,0.7562258,0.7727901935577393
HG_BraTS20_Training_124,0.9217003,0.91679436,0.8418559,0.8418559,0.8934501806894938
HG_BraTS20_Training_128,0.8056918,0.37088102,0.39251676,0.39251676,0.5230298439661661
HG_BraTS20_Training_134,0.873321,0.87984294,0.73561597,0.73561597,0.8295933405558268
HG_BraTS20_Training_140,0.9287426,0.9287068,0.846174,0.846174,0.9012077649434408
HG_BraTS20_Training_150,0.87531763,0.94797474,0.9358027,0.9358027,0.9196983973185221
HG_BraTS20_Training_180,0.68580455,0.77432674,0.86422104,0.86422104,0.7747840881347656
HG_BraTS20_Training_188,0.71940047,0.78788155,0.7130551,0.7130551,0.7401123841603597
HG_BraTS20_Training_191,0.9075256,0.80897343,0.81917006,0.81917006,0.8452230294545492
HG_BraTS20_Training_201,0.90373373,0.93303496,0.86063015,0.86063015,0.8991328875223795
HG_BraTS20_Training_211,0.8214398,0.93570983,0.8488701,0.8488701,0.8686732451121012
HG_BraTS20_Training_212,0.8371329,0.7598235,0.64479524,0.64479524,0.7472505569458008
HG_BraTS20_Training_226,0.84287775,0.91212535,0.8896969,0.8896969,0.8815666834513346
HG_BraTS20_Training_232,0.77937007,0.7481068,0.6801113,0.6801113,0.7358627319335938
HG_BraTS20_Training_241,0.86302835,0.8077281,0.7945982,0.7945982,0.8217848936716715
HG_BraTS20_Training_245,0.8974132,0.82291484,0.80588,0.80588,0.8420693874359131
HG_BraTS20_Training_246,0.84369934,0.8361381,0.81924784,0.81924784,0.8330284754435221
HG_BraTS20_Training_336,0.9180659,0.92520744,0.87294495,0.87294495,0.9054061571756998
HG_BraTS20_Training_338,0.9085229,0.9544273,0.91845846,0.91845846,0.9271362622578939
HG_BraTS20_Training_344,0.8710668,0.65371555,0.66937405,0.66937405,0.7313854694366455
HG_BraTS20_Training_352,0.9028146,0.8698056,0.8920247,0.8920247,0.8882149855295817
LG_BraTS20_Training_262,0.8659755,0.5385147,8.230453e-12,8.230453e-12,0.4681634108225505
LG_BraTS20_Training_275,0.61579156,0.1936592,4.255319e-12,4.255319e-12,0.26981691519419354
LG_BraTS20_Training_278,0.7622145,0.12950073,2.3815195e-12,2.3815195e-12,0.29723840951919556
LG_BraTS20_Training_283,0.8948327,0.75596213,0.7741967,0.7741967,0.8083304564158121
LG_BraTS20_Training_291,0.9218895,0.6873199,0.024256099,0.024256099,0.5444884697596232
LG_BraTS20_Training_292,0.90519786,0.6868331,0.6099001,0.6099001,0.7339769999186198
LG_BraTS20_Training_294,0.8891723,0.49994045,3.381806e-12,3.381806e-12,0.46303757031758624
LG_BraTS20_Training_297,0.745757,0.62462616,5.0581687e-12,5.0581687e-12,0.4567943811416626
LG_BraTS20_Training_310,0.80752,0.48488972,5.4635853e-13,5.4635853e-13,0.43080321947733563
LG_BraTS20_Training_324,0.80164695,0.021851508,4.9043647e-12,4.9043647e-12,0.27449947595596313
flairt1cet2
HG_BraTS20_Training_010,0.7941133,0.789235,0.84932137,0.84932137,0.8108898798624674
HG_BraTS20_Training_012,0.8585471,0.79136837,0.730641,0.730641,0.793518861134847
HG_BraTS20_Training_020,0.8958416,0.8414657,0.6062466,0.6062466,0.7811846733093262
HG_BraTS20_Training_070,0.8833886,0.85341275,0.6501708,0.6501708,0.7956573963165283
HG_BraTS20_Training_089,0.819664,0.47843343,0.80228066,0.80228066,0.7001260121663412
HG_BraTS20_Training_119,0.6899932,0.85118365,0.7250467,0.7250467,0.7554078102111816
HG_BraTS20_Training_124,0.94404995,0.8954305,0.85915834,0.85915834,0.899546225865682
HG_BraTS20_Training_128,0.815823,0.27746144,0.36844748,0.36844748,0.4872439702351888
HG_BraTS20_Training_134,0.8953929,0.89228785,0.7364549,0.7364549,0.8413785298665365
HG_BraTS20_Training_140,0.94953215,0.9062202,0.8470047,0.8470047,0.9009190400441488
HG_BraTS20_Training_150,0.9361702,0.92869365,0.94303304,0.94303304,0.9359656174977621
HG_BraTS20_Training_180,0.6753272,0.7015867,0.7948214,0.7948214,0.7239117622375488
HG_BraTS20_Training_188,0.74924755,0.7378958,0.6765024,0.6765024,0.7212152481079102
HG_BraTS20_Training_191,0.9291036,0.8660466,0.80283374,0.80283374,0.8659946918487549
HG_BraTS20_Training_201,0.92446333,0.93392015,0.84953356,0.84953356,0.9026389916737875
HG_BraTS20_Training_211,0.8610311,0.9027079,0.8342316,0.8342316,0.865990161895752
HG_BraTS20_Training_212,0.91993314,0.87078094,0.64244056,0.64244056,0.8110515276590983
HG_BraTS20_Training_226,0.8938625,0.921462,0.896161,0.896161,0.9038285414377848
HG_BraTS20_Training_232,0.84274864,0.7634111,0.66897833,0.66897833,0.7583793004353842
HG_BraTS20_Training_241,0.87601477,0.7995999,0.770059,0.770059,0.8152244885762533
HG_BraTS20_Training_245,0.8723162,0.8088919,0.7849356,0.7849356,0.8220478693644205
HG_BraTS20_Training_246,0.83478,0.75461674,0.7609767,0.7609767,0.7834577560424805
HG_BraTS20_Training_336,0.9427796,0.94487894,0.87744987,0.87744987,0.9217028617858887
HG_BraTS20_Training_338,0.91521126,0.9279362,0.9175385,0.9175385,0.920228640238444
HG_BraTS20_Training_344,0.8985159,0.781671,0.677517,0.677517,0.7859013080596924
HG_BraTS20_Training_352,0.9132107,0.49015465,0.84553343,0.84553343,0.7496329148610433
LG_BraTS20_Training_262,0.83808094,0.27256823,1.1301989e-12,1.1301989e-12,0.37021636962890625
LG_BraTS20_Training_275,0.7805098,0.12712398,5.4555375e-12,5.4555375e-12,0.30254459381103516
LG_BraTS20_Training_278,0.83973944,0.120699055,3.0807147e-12,3.0807147e-12,0.3201461633046468
LG_BraTS20_Training_283,0.9358977,0.62176806,0.73784024,0.73784024,0.7651686668395996
LG_BraTS20_Training_291,0.95400596,0.7263307,0.015528171,0.015528171,0.5652883052825928
LG_BraTS20_Training_292,0.91056347,0.8426698,0.4301842,0.4301842,0.7278057734171549
LG_BraTS20_Training_294,0.9208253,0.73025346,2.0815986e-12,2.0815986e-12,0.5503595670064291
LG_BraTS20_Training_297,0.72550285,0.7255385,4.868549e-12,4.868549e-12,0.4836804469426473
LG_BraTS20_Training_310,0.9118568,0.77462065,6.5108406e-13,6.5108406e-13,0.5621591409047445
LG_BraTS20_Training_324,0.91032237,0.13770221,5.4764513e-12,5.4764513e-12,0.3493415117263794
flairt1t2
HG_BraTS20_Training_010,0.7694855,0.6904027,0.2934689,0.2934689,0.5844523906707764
HG_BraTS20_Training_012,0.8476858,0.7587919,0.5461761,0.5461761,0.7175512313842773
HG_BraTS20_Training_020,0.8929058,0.8114866,0.40693653,0.40693653,0.7037763595581055
HG_BraTS20_Training_070,0.9000925,0.6752279,0.26786652,0.26786652,0.6143956184387207
HG_BraTS20_Training_089,0.83971065,0.41220605,0.24301663,0.24301663,0.4983110825220744
HG_BraTS20_Training_119,0.6770509,0.814395,0.5070891,0.5070891,0.666178305943807
HG_BraTS20_Training_124,0.934266,0.742978,0.4506687,0.4506687,0.7093041737874349
HG_BraTS20_Training_128,0.8525005,0.31713992,0.3292,0.3292,0.4996134837468465
HG_BraTS20_Training_134,0.8631291,0.7488023,0.37523437,0.37523437,0.6623885631561279
HG_BraTS20_Training_140,0.9485112,0.8518939,0.38076404,0.38076404,0.7270563443501791
HG_BraTS20_Training_150,0.9187881,0.8015736,0.5260225,0.5260225,0.7487947146097819
HG_BraTS20_Training_180,0.68195516,0.53606516,0.4087707,0.4087707,0.5422636667887369
HG_BraTS20_Training_188,0.76993585,0.7378291,0.5313912,0.5313912,0.6797187328338623
HG_BraTS20_Training_191,0.9388173,0.56619835,0.27773505,0.27773505,0.5942502021789551
HG_BraTS20_Training_201,0.92517275,0.899815,0.7091098,0.7091098,0.8446992238362631
HG_BraTS20_Training_211,0.84923804,0.8016694,0.5427537,0.5427537,0.7312204043070475
HG_BraTS20_Training_212,0.9056749,0.796948,0.40597558,0.40597558,0.7028661568959554
HG_BraTS20_Training_226,0.9103203,0.89019537,0.42727134,0.42727134,0.7425956726074219
HG_BraTS20_Training_232,0.8043098,0.53718567,0.37607598,0.37607598,0.572523832321167
HG_BraTS20_Training_241,0.8768206,0.6600499,0.5208024,0.5208024,0.6858909924825033
HG_BraTS20_Training_245,0.8856579,0.85982156,0.63915765,0.63915765,0.7948790391286215
HG_BraTS20_Training_246,0.8542785,0.6959889,0.45571497,0.45571497,0.6686607996622721
HG_BraTS20_Training_336,0.9404382,0.8893998,0.6077534,0.6077534,0.812530517578125
HG_BraTS20_Training_338,0.9157402,0.7771981,0.46439365,0.46439365,0.7191106478373209
HG_BraTS20_Training_344,0.90838534,0.7988647,0.4722737,0.4722737,0.7265079816182455
HG_BraTS20_Training_352,0.9247514,0.46852365,0.35510343,0.35510343,0.5827928384145101
LG_BraTS20_Training_262,0.8604988,0.30246007,6.314726e-13,6.314726e-13,0.3876529534657796
LG_BraTS20_Training_275,0.80180234,0.25561818,5.3390283e-12,5.3390283e-12,0.35247349739074707
LG_BraTS20_Training_278,0.8412045,0.46024364,7.554011e-13,7.554011e-13,0.43381603558858234
LG_BraTS20_Training_283,0.93978304,0.31501678,0.29941612,0.29941612,0.5180719693501791
LG_BraTS20_Training_291,0.95264006,0.6836725,0.0061282264,0.0061282264,0.5474802255630493
LG_BraTS20_Training_292,0.907204,0.84151566,0.25834587,0.25834587,0.6690218448638916
LG_BraTS20_Training_294,0.92389977,0.7644667,6.2992125e-13,6.2992125e-13,0.5627888043721517
LG_BraTS20_Training_297,0.7202311,0.7673186,2.0981955e-12,2.0981955e-12,0.4958499272664388
LG_BraTS20_Training_310,0.9153788,0.8124492,5.254585e-13,5.254585e-13,0.5759426752726237
LG_BraTS20_Training_324,0.906329,0.32349628,2.1992523e-12,2.1992523e-12,0.4099417527516683
flairt1cet1
HG_BraTS20_Training_010,0.7498535,0.8223282,0.85886145,0.85886145,0.8103477160135905
HG_BraTS20_Training_012,0.86213,0.8169708,0.7444662,0.7444662,0.8078556060791016
HG_BraTS20_Training_020,0.89571524,0.81862503,0.6254082,0.6254082,0.7799161275227865
HG_BraTS20_Training_070,0.9076788,0.8232146,0.67513174,0.67513174,0.8020083904266357
HG_BraTS20_Training_089,0.84435874,0.62189794,0.8853794,0.8853794,0.7838786443074545
HG_BraTS20_Training_119,0.6917133,0.8763624,0.7548738,0.7548738,0.7743164698282877
HG_BraTS20_Training_124,0.9575712,0.9394849,0.86985683,0.86985683,0.9223043123881022
HG_BraTS20_Training_128,0.8375053,0.29084575,0.32570195,0.32570195,0.4846843083699544
HG_BraTS20_Training_134,0.8658108,0.85149974,0.7434735,0.7434735,0.8202613194783529
HG_BraTS20_Training_140,0.9468069,0.9179474,0.8610999,0.8610999,0.9086180528004965
HG_BraTS20_Training_150,0.92691076,0.94051576,0.94386464,0.94386464,0.9370970726013184
HG_BraTS20_Training_180,0.74934244,0.8648379,0.88006204,0.88006204,0.8314141432444254
HG_BraTS20_Training_188,0.7364186,0.7543305,0.6924903,0.6924903,0.7277464866638184
HG_BraTS20_Training_191,0.9217393,0.834872,0.8182068,0.8182068,0.8582727114359537
HG_BraTS20_Training_201,0.9200612,0.93495244,0.8679128,0.8679128,0.907642126083374
HG_BraTS20_Training_211,0.8759218,0.9306391,0.84829694,0.84829694,0.8849526246388754
HG_BraTS20_Training_212,0.8390639,0.7087568,0.604937,0.604937,0.7175858815511068
HG_BraTS20_Training_226,0.87925845,0.9191877,0.8972466,0.8972466,0.8985642592112223
HG_BraTS20_Training_232,0.8379431,0.7526823,0.6362906,0.6362906,0.7423053582509359
HG_BraTS20_Training_241,0.87379426,0.82489926,0.79417026,0.79417026,0.8309545516967773
HG_BraTS20_Training_245,0.89474314,0.84226644,0.81268364,0.81268364,0.8498977025349935
HG_BraTS20_Training_246,0.86967546,0.75825167,0.8054935,0.8054935,0.811140219370524
HG_BraTS20_Training_336,0.93884397,0.93416053,0.86550397,0.86550397,0.9128361543019613
HG_BraTS20_Training_338,0.9111989,0.9471174,0.9224484,0.9224484,0.926921526590983
HG_BraTS20_Training_344,0.8993597,0.7416396,0.690429,0.690429,0.7771427631378174
HG_BraTS20_Training_352,0.90985847,0.6935466,0.8556898,0.8556898,0.8196982542673746
LG_BraTS20_Training_262,0.87124103,0.61920583,5.9772864e-12,5.9772864e-12,0.49681560198465985
LG_BraTS20_Training_275,0.6868731,0.08132604,5.9737154e-12,5.9737154e-12,0.25606636206309
LG_BraTS20_Training_278,0.82415956,0.07875557,3.3344447e-12,3.3344447e-12,0.3009717067082723
LG_BraTS20_Training_283,0.9382353,0.72184455,0.74241066,0.74241066,0.8008302052815756
LG_BraTS20_Training_291,0.9189611,0.71229696,0.032651816,0.032651816,0.5546365976333618
LG_BraTS20_Training_292,0.8535464,0.7141339,0.5051075,0.5051075,0.6909292538960775
LG_BraTS20_Training_294,0.88846266,0.57000524,2.8026906e-12,2.8026906e-12,0.48615598678588867
LG_BraTS20_Training_297,0.41704226,0.32920507,1.22100125e-11,1.22100125e-11,0.2487490971883138
LG_BraTS20_Training_310,0.89815795,0.5802678,6.8719076e-13,6.8719076e-13,0.49280858039855957
LG_BraTS20_Training_324,0.90034086,0.10639799,4.518753e-12,4.518753e-12,0.33557963371276855
flairt1ce
HG_BraTS20_Training_010,0.7908483,0.8537248,0.875571,0.875571,0.8400479952494303
HG_BraTS20_Training_012,0.86182857,0.8543182,0.7695713,0.7695713,0.828572670618693
HG_BraTS20_Training_020,0.8926251,0.77902555,0.61297476,0.61297476,0.7615418434143066
HG_BraTS20_Training_070,0.88880205,0.7457489,0.65179354,0.65179354,0.7621148427327474
HG_BraTS20_Training_089,0.82825965,0.7527184,0.9264814,0.9264814,0.8358198006947836
HG_BraTS20_Training_119,0.725318,0.8780815,0.7630362,0.7630362,0.7888119220733643
HG_BraTS20_Training_124,0.95510936,0.9537448,0.88171107,0.88171107,0.9301884174346924
HG_BraTS20_Training_128,0.7961555,0.41787672,0.4106565,0.4106565,0.5415628751118978
HG_BraTS20_Training_134,0.870175,0.8398147,0.7393312,0.7393312,0.8164403438568115
HG_BraTS20_Training_140,0.9476122,0.9188141,0.87162465,0.87162465,0.9126836458841959
HG_BraTS20_Training_150,0.93089837,0.9653079,0.9522808,0.9522808,0.9494957129160563
HG_BraTS20_Training_180,0.72269607,0.8501829,0.87451416,0.87451416,0.8157977263132731
HG_BraTS20_Training_188,0.7475137,0.77039057,0.7119982,0.7119982,0.7433008352915446
HG_BraTS20_Training_191,0.9166869,0.8168335,0.79426295,0.79426295,0.8425944646199545
HG_BraTS20_Training_201,0.9209716,0.9353769,0.85727286,0.85727286,0.9045404593149821
HG_BraTS20_Training_211,0.86838406,0.9353438,0.8559529,0.8559529,0.8865602811177572
HG_BraTS20_Training_212,0.831759,0.70772535,0.62719184,0.62719184,0.7222253481547037
HG_BraTS20_Training_226,0.87500525,0.89438087,0.8877253,0.8877253,0.8857038021087646
HG_BraTS20_Training_232,0.85653126,0.7835867,0.6787659,0.6787659,0.7729612986246744
HG_BraTS20_Training_241,0.8701543,0.7885173,0.7525538,0.7525538,0.8037417729695638
HG_BraTS20_Training_245,0.89458865,0.79005295,0.7862416,0.7862416,0.8236277103424072
HG_BraTS20_Training_246,0.8695511,0.671013,0.78041804,0.78041804,0.7736606597900391
HG_BraTS20_Training_336,0.93334347,0.9373416,0.8593572,0.8593572,0.9100140730539957
HG_BraTS20_Training_338,0.8996574,0.9505894,0.9226845,0.9226845,0.9243104457855225
HG_BraTS20_Training_344,0.88331527,0.6367807,0.66862714,0.66862714,0.7295743624369303
HG_BraTS20_Training_352,0.71576047,0.71641904,0.8524521,0.8524521,0.7615438302357992
LG_BraTS20_Training_262,0.8604338,0.61916715,7.2150072e-12,7.2150072e-12,0.49320030212402344
LG_BraTS20_Training_275,0.7995431,0.06503508,8.865248e-12,8.865248e-12,0.2881927291552226
LG_BraTS20_Training_278,0.82219744,0.013455795,4.008016e-12,4.008016e-12,0.2785510818163554
LG_BraTS20_Training_283,0.92506963,0.7270738,0.7218092,0.7218092,0.7913175423940023
LG_BraTS20_Training_291,0.9142914,0.6546826,0.031193761,0.031193761,0.5333892504374186
LG_BraTS20_Training_292,0.8490875,0.65930367,0.50913465,0.50913465,0.6725085576375326
LG_BraTS20_Training_294,0.8479262,0.33206797,4.6882324e-12,4.6882324e-12,0.3933313687642415
LG_BraTS20_Training_297,0.5042628,0.3272253,1.8975332e-11,1.8975332e-11,0.27716271082560223
LG_BraTS20_Training_310,0.868775,0.44308838,4.6287724e-13,4.6287724e-13,0.4372878074645996
LG_BraTS20_Training_324,0.90545964,0.0061314646,4.494382e-12,4.494382e-12,0.3038637042045593
flairt2
HG_BraTS20_Training_010,0.753891,0.68962866,0.44478977,0.44478977,0.6294364531834921
HG_BraTS20_Training_012,0.8442823,0.6408005,0.4066375,0.4066375,0.6305734316507975
HG_BraTS20_Training_020,0.8911109,0.8371282,0.41173473,0.41173473,0.7133246262868246
HG_BraTS20_Training_070,0.88981956,0.6890813,0.27713096,0.27713096,0.6186772584915161
HG_BraTS20_Training_089,0.84078664,0.36320993,0.23354968,0.23354968,0.47918208440144855
HG_BraTS20_Training_119,0.7075463,0.7937722,0.46558055,0.46558055,0.655633012453715
HG_BraTS20_Training_124,0.92910856,0.76001376,0.47919038,0.47919038,0.7227709293365479
HG_BraTS20_Training_128,0.84336925,0.18122025,0.18839937,0.18839937,0.4043296178181966
HG_BraTS20_Training_134,0.85607827,0.7542403,0.40809712,0.40809712,0.6728052298227946
HG_BraTS20_Training_140,0.9468644,0.83457273,0.43615237,0.43615237,0.7391965389251709
HG_BraTS20_Training_150,0.92161334,0.8019001,0.53400475,0.53400475,0.7525060176849365
HG_BraTS20_Training_180,0.6710717,0.5182098,0.4046575,0.4046575,0.5313129822413126
HG_BraTS20_Training_188,0.7646583,0.64456916,0.42215386,0.42215386,0.6104604005813599
HG_BraTS20_Training_191,0.93677986,0.692894,0.32212132,0.32212132,0.6505983670552572
HG_BraTS20_Training_201,0.93475467,0.8178827,0.6697833,0.6697833,0.8074735800425211
HG_BraTS20_Training_211,0.848754,0.8204309,0.55086523,0.55086523,0.7400166988372803
HG_BraTS20_Training_212,0.89599323,0.80713135,0.4099636,0.4099636,0.704362710316976
HG_BraTS20_Training_226,0.9027299,0.88991326,0.46959728,0.46959728,0.7540801366170248
HG_BraTS20_Training_232,0.81941617,0.581508,0.40328434,0.40328434,0.6014028390248617
HG_BraTS20_Training_241,0.8807853,0.5653838,0.4546948,0.4546948,0.6336212952931722
HG_BraTS20_Training_245,0.839412,0.8430594,0.60854,0.60854,0.7636704444885254
HG_BraTS20_Training_246,0.82992697,0.6776781,0.43811008,0.43811008,0.6485717296600342
HG_BraTS20_Training_336,0.93552554,0.89549834,0.6211141,0.6211141,0.8173793156941732
HG_BraTS20_Training_338,0.9002306,0.7843162,0.5075201,0.5075201,0.7306888898213705
HG_BraTS20_Training_344,0.89823073,0.76301926,0.40095636,0.40095636,0.687402089436849
HG_BraTS20_Training_352,0.9073119,0.4290611,0.45864394,0.45864394,0.5983390013376871
LG_BraTS20_Training_262,0.8430324,0.21129228,4.0923227e-13,4.0923227e-13,0.35144158204396564
LG_BraTS20_Training_275,0.788914,0.2952742,4.3346338e-12,4.3346338e-12,0.36139607429504395
LG_BraTS20_Training_278,0.83991337,0.47098172,7.8400627e-13,7.8400627e-13,0.43696502844492596
LG_BraTS20_Training_283,0.9278609,0.4112783,0.34286183,0.34286183,0.5606670379638672
LG_BraTS20_Training_291,0.9577124,0.6738566,0.0059525515,0.0059525515,0.5458405415217081
LG_BraTS20_Training_292,0.91781044,0.8329503,0.2665072,0.2665072,0.6724226474761963
LG_BraTS20_Training_294,0.9158345,0.7244791,5.9119127e-13,5.9119127e-13,0.5467712084452311
LG_BraTS20_Training_297,0.7090811,0.7250272,2.006823e-12,2.006823e-12,0.4780360857645671
LG_BraTS20_Training_310,0.92117614,0.83482623,3.748126e-13,3.748126e-13,0.5853341420491537
LG_BraTS20_Training_324,0.90732276,0.36544612,1.1247329e-12,1.1247329e-12,0.42425628503163654
t1t2
HG_BraTS20_Training_010,0.7279421,0.6165604,0.3039532,0.3039532,0.5494852066040039
HG_BraTS20_Training_012,0.85843396,0.75776774,0.6321345,0.6321345,0.74944535891215
HG_BraTS20_Training_020,0.87817687,0.7808975,0.38001308,0.38001308,0.6796957651774088
HG_BraTS20_Training_070,0.81578636,0.7286836,0.34029743,0.34029743,0.6282558043797811
HG_BraTS20_Training_089,0.8237975,0.43489304,0.36841616,0.36841616,0.5423689285914103
HG_BraTS20_Training_119,0.6962182,0.7458464,0.47195467,0.47195467,0.6380064090092977
HG_BraTS20_Training_124,0.9176717,0.7255602,0.45474648,0.45474648,0.6993261178334554
HG_BraTS20_Training_128,0.8105398,0.25137317,0.22076246,0.22076246,0.42755850156148273
HG_BraTS20_Training_134,0.85096866,0.7659221,0.4085915,0.4085915,0.6751607259114584
HG_BraTS20_Training_140,0.92932683,0.834063,0.40674332,0.40674332,0.7233777046203613
HG_BraTS20_Training_150,0.87212765,0.84355897,0.7317398,0.7317398,0.8158087730407715
HG_BraTS20_Training_180,0.66259205,0.4419652,0.36348015,0.36348015,0.4893457889556885
HG_BraTS20_Training_188,0.70292675,0.7276642,0.59328276,0.59328276,0.674624522527059
HG_BraTS20_Training_191,0.92293763,0.42912048,0.35735294,0.35735294,0.5698037147521973
HG_BraTS20_Training_201,0.9064879,0.89183474,0.7616465,0.7616465,0.8533230622609457
HG_BraTS20_Training_211,0.8241002,0.8411152,0.6246213,0.6246213,0.7632788817087809
HG_BraTS20_Training_212,0.87765723,0.778766,0.42725927,0.42725927,0.6945608456929525
HG_BraTS20_Training_226,0.86832577,0.84151953,0.44945017,0.44945017,0.7197651863098145
HG_BraTS20_Training_232,0.76560396,0.5078924,0.36304295,0.36304295,0.5455131133397421
HG_BraTS20_Training_241,0.8711647,0.6966225,0.5871422,0.5871422,0.7183097998301188
HG_BraTS20_Training_245,0.8890179,0.8268335,0.64088047,0.64088047,0.7855772972106934
HG_BraTS20_Training_246,0.8740596,0.7922326,0.5421868,0.5421868,0.7361596425374349
HG_BraTS20_Training_336,0.91788054,0.82685333,0.6025023,0.6025023,0.782412052154541
HG_BraTS20_Training_338,0.9140285,0.7810802,0.5540776,0.5540776,0.7497287591298422
HG_BraTS20_Training_344,0.8800133,0.79113996,0.47867924,0.47867924,0.716610829035441
HG_BraTS20_Training_352,0.90227765,0.5125266,0.5738246,0.5738246,0.66287628809611
LG_BraTS20_Training_262,0.84702253,0.3740519,7.029383e-13,7.029383e-13,0.4070248206456502
LG_BraTS20_Training_275,0.69272226,0.19921544,5.170631e-12,5.170631e-12,0.29731257756551105
LG_BraTS20_Training_278,0.78369224,0.39929602,6.838542e-13,6.838542e-13,0.3943294286727905
LG_BraTS20_Training_283,0.9091118,0.35290304,0.38071257,0.38071257,0.5475757916768392
LG_BraTS20_Training_291,0.93706816,0.7068759,0.0067161126,0.0067161126,0.5502200524012247
LG_BraTS20_Training_292,0.8861906,0.77485764,0.24595061,0.24595061,0.6356662511825562
LG_BraTS20_Training_294,0.8770355,0.6872986,7.436603e-13,7.436603e-13,0.5214447180430094
LG_BraTS20_Training_297,0.77123,0.75811493,1.7349063e-12,1.7349063e-12,0.5097816387812296
LG_BraTS20_Training_310,0.86155856,0.73004174,4.373114e-13,4.373114e-13,0.5305334329605103
LG_BraTS20_Training_324,0.84696376,0.2663727,1.442377e-12,1.442377e-12,0.3711121479670207
flairt1
HG_BraTS20_Training_010,0.7305438,0.6911392,0.43240276,0.43240276,0.6180286010106405
HG_BraTS20_Training_012,0.8503889,0.798986,0.6508155,0.6508155,0.7667301495869955
HG_BraTS20_Training_020,0.89207864,0.7935881,0.36459494,0.36459494,0.6834205786387125
HG_BraTS20_Training_070,0.894403,0.716558,0.31758267,0.31758267,0.6428478558858236
HG_BraTS20_Training_089,0.8376816,0.43129468,0.39107308,0.39107308,0.553349773089091
HG_BraTS20_Training_119,0.681767,0.83302754,0.5690264,0.5690264,0.6946070194244385
HG_BraTS20_Training_124,0.93460774,0.7332083,0.47857735,0.47857735,0.7154644330342611
HG_BraTS20_Training_128,0.8271337,0.29578754,0.28262255,0.28262255,0.4685146013895671
HG_BraTS20_Training_134,0.7530121,0.4326918,0.17739204,0.17739204,0.454365332921346
HG_BraTS20_Training_140,0.9426752,0.85980225,0.5075636,0.5075636,0.7700136502583822
HG_BraTS20_Training_150,0.90403587,0.7268254,0.61907786,0.61907786,0.7499797344207764
HG_BraTS20_Training_180,0.7144884,0.60011876,0.51243114,0.51243114,0.609012762705485
HG_BraTS20_Training_188,0.7246239,0.53648084,0.41995537,0.41995537,0.5603533983230591
HG_BraTS20_Training_191,0.93509674,0.5483933,0.50183845,0.50183845,0.6617761452992758
HG_BraTS20_Training_201,0.9257725,0.8724893,0.7666126,0.7666126,0.8549581368764242
HG_BraTS20_Training_211,0.8279247,0.72845864,0.5668387,0.5668387,0.7077407042185465
HG_BraTS20_Training_212,0.76558477,0.50937885,0.28577307,0.28577307,0.5202455520629883
HG_BraTS20_Training_226,0.8817914,0.7938378,0.50202316,0.50202316,0.7258841196695963
HG_BraTS20_Training_232,0.8812409,0.4686814,0.29459485,0.29459485,0.548172394434611
HG_BraTS20_Training_241,0.8691886,0.5423179,0.44248998,0.44248998,0.6179988384246826
HG_BraTS20_Training_245,0.8891983,0.8123036,0.62915236,0.62915236,0.7768847147623698
HG_BraTS20_Training_246,0.84811234,0.52670175,0.32938287,0.32938287,0.5680656433105469
HG_BraTS20_Training_336,0.9382949,0.90606636,0.7001416,0.7001416,0.8481676578521729
HG_BraTS20_Training_338,0.8677627,0.70948726,0.526157,0.526157,0.7011356353759766
HG_BraTS20_Training_344,0.9042356,0.77990586,0.53803235,0.53803235,0.7407245635986328
HG_BraTS20_Training_352,0.84663403,0.4474424,0.43884057,0.43884057,0.5776390234629313
LG_BraTS20_Training_262,0.851914,0.44528645,8.4267294e-13,8.4267294e-13,0.4324001471201579
LG_BraTS20_Training_275,0.7595668,0.16083568,6.6533597e-12,6.6533597e-12,0.30680082241694134
LG_BraTS20_Training_278,0.85275644,0.46900094,6.0360956e-13,6.0360956e-13,0.44058577219645184
LG_BraTS20_Training_283,0.93760574,0.33181578,0.3325985,0.3325985,0.534006675084432
LG_BraTS20_Training_291,0.9259184,0.71279037,0.0041501923,0.0041501923,0.5476196606953939
LG_BraTS20_Training_292,0.8627309,0.76139206,0.16249515,0.16249515,0.595539371172587
LG_BraTS20_Training_294,0.88334846,0.62750995,4.1802523e-13,4.1802523e-13,0.5036194721857706
LG_BraTS20_Training_297,0.574875,0.49473748,1.4985763e-12,1.4985763e-12,0.3565375010172526
LG_BraTS20_Training_310,0.91872114,0.7620186,3.0746526e-13,3.0746526e-13,0.5602465867996216
LG_BraTS20_Training_324,0.88650423,0.38462514,2.099958e-12,2.099958e-12,0.42370978991190594
t1cet1
HG_BraTS20_Training_010,0.56383175,0.87741685,0.87938386,0.87938386,0.7735441525777181
HG_BraTS20_Training_012,0.743498,0.8663197,0.7946004,0.7946004,0.8014727433522543
HG_BraTS20_Training_020,0.80639464,0.68133795,0.6032724,0.6032724,0.6970016956329346
HG_BraTS20_Training_070,0.732042,0.72848445,0.6226233,0.6226233,0.6943833033243815
HG_BraTS20_Training_089,0.7602776,0.84812796,0.8898058,0.8898058,0.83273712793986
HG_BraTS20_Training_119,0.5493691,0.8717949,0.76847684,0.76847684,0.7298803329467773
HG_BraTS20_Training_124,0.80482185,0.8841715,0.8201215,0.8201215,0.8363715807596842
HG_BraTS20_Training_128,0.3724207,0.35107765,0.34372413,0.34372413,0.35574082533518475
HG_BraTS20_Training_134,0.81689006,0.839676,0.703053,0.703053,0.7865397135416666
HG_BraTS20_Training_140,0.8851694,0.92865324,0.86332196,0.86332196,0.892381509145101
HG_BraTS20_Training_150,0.85271776,0.9551366,0.943715,0.943715,0.9171897570292155
HG_BraTS20_Training_180,0.75852835,0.9302701,0.89428186,0.89428186,0.8610267639160156
HG_BraTS20_Training_188,0.5609238,0.8235353,0.7557961,0.7557961,0.7134184042612711
HG_BraTS20_Training_191,0.76888555,0.7870967,0.78866124,0.78866124,0.7815478642781576
HG_BraTS20_Training_201,0.8295372,0.93823254,0.8647902,0.8647902,0.8775200049082438
HG_BraTS20_Training_211,0.74965274,0.9331564,0.85525864,0.85525864,0.8460226058959961
HG_BraTS20_Training_212,0.6864201,0.6005641,0.6460331,0.6460331,0.6443390846252441
HG_BraTS20_Training_226,0.68040305,0.9255587,0.8929023,0.8929023,0.8329547246297201
HG_BraTS20_Training_232,0.65561485,0.8209957,0.8009037,0.8009037,0.7591714064280192
HG_BraTS20_Training_241,0.79877436,0.80901235,0.77686775,0.77686775,0.7948848406473795
HG_BraTS20_Training_245,0.837004,0.80662096,0.7906056,0.7906056,0.8114101886749268
HG_BraTS20_Training_246,0.7637146,0.813475,0.8467488,0.8467488,0.8079795042673746
HG_BraTS20_Training_336,0.8579535,0.90618414,0.8343734,0.8343734,0.866170326868693
HG_BraTS20_Training_338,0.8324422,0.94356096,0.90936667,0.90936667,0.8951232433319092
HG_BraTS20_Training_344,0.7802595,0.60445416,0.65971684,0.65971684,0.6814768314361572
HG_BraTS20_Training_352,0.7476261,0.85458887,0.8832168,0.8832168,0.8284773031870524
LG_BraTS20_Training_262,0.7182909,0.2473408,1.4858842e-11,1.4858842e-11,0.32187724113464355
LG_BraTS20_Training_275,0.32574305,0.033499643,1.5197569e-11,1.5197569e-11,0.11974755922953288
LG_BraTS20_Training_278,0.20876314,1.5821032e-13,3.1486146e-12,3.1486146e-12,0.06958771248658498
LG_BraTS20_Training_283,0.697261,0.82980835,0.82585263,0.82585263,0.7843073209126791
LG_BraTS20_Training_291,0.6317583,0.3003403,0.01592719,0.01592719,0.3160085876782735
LG_BraTS20_Training_292,0.7710366,0.38676,0.6006626,0.6006626,0.5861530701319376
LG_BraTS20_Training_294,0.69864047,0.0013516436,1.1668611e-11,1.1668611e-11,0.23333070675532022
LG_BraTS20_Training_297,0.114362165,0.058292963,7.462687e-11,1.0,0.05755171179771423
LG_BraTS20_Training_310,0.5857316,0.12396321,7.245327e-13,7.245327e-13,0.23656495412190756
LG_BraTS20_Training_324,0.63346654,0.0008225529,3.324468e-12,3.324468e-12,0.21142969528834024
t1cet2
HG_BraTS20_Training_010,0.72620845,0.83611876,0.8688819,0.8688819,0.810403029123942
HG_BraTS20_Training_012,0.834494,0.8185742,0.7529176,0.7529176,0.8019952774047852
HG_BraTS20_Training_020,0.8811672,0.8095718,0.60040873,0.60040873,0.763715902964274
HG_BraTS20_Training_070,0.7977704,0.85838014,0.6712264,0.6712264,0.7757922808329264
HG_BraTS20_Training_089,0.8298586,0.6039508,0.88297504,0.88297504,0.7722614606221517
HG_BraTS20_Training_119,0.6763282,0.84855556,0.7597932,0.7597932,0.761559009552002
HG_BraTS20_Training_124,0.91477156,0.8856926,0.83999026,0.83999026,0.8801514307657877
HG_BraTS20_Training_128,0.8006443,0.37666383,0.4287567,0.4287567,0.5353549321492513
HG_BraTS20_Training_134,0.87945706,0.8972224,0.7410564,0.7410564,0.8392453193664551
HG_BraTS20_Training_140,0.9332743,0.9162673,0.8504146,0.8504146,0.8999853928883871
HG_BraTS20_Training_150,0.88058627,0.9474785,0.9358916,0.9358916,0.921318769454956
HG_BraTS20_Training_180,0.6855321,0.74091375,0.8320978,0.8320978,0.7528479099273682
HG_BraTS20_Training_188,0.6890236,0.77520716,0.70473355,0.70473355,0.7229881286621094
HG_BraTS20_Training_191,0.9066257,0.8603211,0.85264724,0.85264724,0.8731980323791504
HG_BraTS20_Training_201,0.89283895,0.92183304,0.8596032,0.8596032,0.8914250532786051
HG_BraTS20_Training_211,0.8266035,0.9279951,0.8458766,0.8458766,0.8668251037597656
HG_BraTS20_Training_212,0.8550215,0.79539686,0.6470428,0.6470428,0.7658203442891439
HG_BraTS20_Training_226,0.8517232,0.9118448,0.8871874,0.8871874,0.8835851351420084
HG_BraTS20_Training_232,0.7208982,0.79391485,0.7753954,0.7753954,0.7634027798970541
HG_BraTS20_Training_241,0.8604435,0.7697547,0.7653402,0.7653402,0.7985127766927084
HG_BraTS20_Training_245,0.85814667,0.7999341,0.78656775,0.78656775,0.8148828347524008
HG_BraTS20_Training_246,0.8698074,0.82563114,0.8295013,0.8295013,0.841646671295166
HG_BraTS20_Training_336,0.9303489,0.9386173,0.88476706,0.88476706,0.9179110527038574
HG_BraTS20_Training_338,0.9101421,0.9579375,0.9214927,0.9214927,0.9298574129740397
HG_BraTS20_Training_344,0.86163664,0.6333104,0.6706822,0.6706822,0.7218763828277588
HG_BraTS20_Training_352,0.907028,0.80255115,0.8824428,0.8824428,0.864007314046224
LG_BraTS20_Training_262,0.8609275,0.44245842,2.655337e-12,2.655337e-12,0.4344619909922282
LG_BraTS20_Training_275,0.6164688,0.1581331,5.2083333e-12,5.2083333e-12,0.25820062557856244
LG_BraTS20_Training_278,0.73149,0.07456003,2.602811e-12,2.602811e-12,0.26868335405985516
LG_BraTS20_Training_283,0.8789376,0.7653421,0.8398598,0.8398598,0.8280464808146158
LG_BraTS20_Training_291,0.9273059,0.7440759,0.021347972,0.021347972,0.5642432371775309
LG_BraTS20_Training_292,0.8971897,0.72359806,0.5696522,0.5696522,0.7301466464996338
LG_BraTS20_Training_294,0.8877583,0.5613549,2.4777008e-12,2.4777008e-12,0.48303771018981934
LG_BraTS20_Training_297,0.74770206,0.6778991,7.122507e-12,7.122507e-12,0.4752004146575928
LG_BraTS20_Training_310,0.8306813,0.5983422,5.2042675e-13,5.2042675e-13,0.47634116808573407
LG_BraTS20_Training_324,0.8297257,0.0977002,5.7372345e-12,5.7372345e-12,0.3091419537862142
flair
HG_BraTS20_Training_010,0.7357853,0.68458915,0.4618959,0.4618959,0.6274234453837076
HG_BraTS20_Training_012,0.8463659,0.6853938,0.46447235,0.46447235,0.6654106775919596
HG_BraTS20_Training_020,0.89367425,0.798886,0.34940055,0.34940055,0.6806535720825195
HG_BraTS20_Training_070,0.89936745,0.4613083,0.17097966,0.17097966,0.5105518102645874
HG_BraTS20_Training_089,0.83613044,0.45787865,0.35007426,0.35007426,0.5480277935663859
HG_BraTS20_Training_119,0.71395016,0.7824345,0.5649286,0.5649286,0.6871043841044108
HG_BraTS20_Training_124,0.93936175,0.7782493,0.43422475,0.43422475,0.7172786394755045
HG_BraTS20_Training_128,0.8382811,0.25421217,0.2401924,0.2401924,0.4442285696665446
HG_BraTS20_Training_134,0.6803246,0.19001772,0.103495836,0.103495836,0.3246127168337504
HG_BraTS20_Training_140,0.9506475,0.8258141,0.55905896,0.55905896,0.7785068353017172
HG_BraTS20_Training_150,0.8691065,0.6331918,0.36142647,0.36142647,0.6212416092554728
HG_BraTS20_Training_180,0.72262955,0.6310072,0.5295133,0.5295133,0.6277167002360026
HG_BraTS20_Training_188,0.7008665,0.40472686,0.22662108,0.22662108,0.4440714915593465
HG_BraTS20_Training_191,0.9346873,0.6049741,0.41533634,0.41533634,0.6516659259796143
HG_BraTS20_Training_201,0.9309667,0.88120055,0.68173033,0.68173033,0.8312991460164388
HG_BraTS20_Training_211,0.80907243,0.65514874,0.34764528,0.34764528,0.6039555072784424
HG_BraTS20_Training_212,0.7824244,0.5587035,0.26087758,0.26087758,0.5340018272399902
HG_BraTS20_Training_226,0.88984495,0.74095607,0.59264445,0.59264445,0.7411484718322754
HG_BraTS20_Training_232,0.8654939,0.3653323,0.29870188,0.29870188,0.5098426739374796
HG_BraTS20_Training_241,0.85575986,0.2917591,0.18959591,0.18959591,0.44570497671763104
HG_BraTS20_Training_245,0.7948138,0.7721101,0.584269,0.584269,0.7170643011728922
HG_BraTS20_Training_246,0.7969089,0.41230798,0.34741834,0.34741834,0.5188783804575602
HG_BraTS20_Training_336,0.9389349,0.8759988,0.595949,0.595949,0.8036275704701742
HG_BraTS20_Training_338,0.85621226,0.67670465,0.46838865,0.46838865,0.6671018600463867
HG_BraTS20_Training_344,0.9038221,0.72675765,0.49647528,0.49647528,0.7090183099110922
HG_BraTS20_Training_352,0.45012873,0.14023861,0.18974611,0.18974611,0.2600378195444743
LG_BraTS20_Training_262,0.8504198,0.28671905,5.575379e-13,5.575379e-13,0.3790462811787923
LG_BraTS20_Training_275,0.74213,0.16999683,5.141388e-12,5.141388e-12,0.3040422598520915
LG_BraTS20_Training_278,0.8397672,0.24432856,1.6092694e-12,1.6092694e-12,0.36136523882548016
LG_BraTS20_Training_283,0.943903,0.4437292,0.36415276,0.36415276,0.5839283466339111
LG_BraTS20_Training_291,0.930482,0.74257904,0.0024337335,0.0024337335,0.5584982633590698
LG_BraTS20_Training_292,0.75979143,0.28409818,0.12623046,0.12623046,0.3900400400161743
LG_BraTS20_Training_294,0.8358406,0.49344128,6.970584e-13,6.970584e-13,0.4430939356486003
LG_BraTS20_Training_297,0.16192396,4.0788025e-13,3.3333334e-09,1.0,0.05397465328375498
LG_BraTS20_Training_310,0.9163903,0.75023687,2.4191987e-13,2.4191987e-13,0.5555423895517985
LG_BraTS20_Training_324,0.89590126,0.26589903,1.1903345e-12,1.1903345e-12,0.38726675510406494
t1
HG_BraTS20_Training_010,0.5784367,0.70580715,0.37746435,0.37746435,0.5539027055104574
HG_BraTS20_Training_012,0.7669662,0.77910775,0.6629517,0.6629517,0.7363418738047282
HG_BraTS20_Training_020,0.8431544,0.5511957,0.22566095,0.22566095,0.5400036573410034
HG_BraTS20_Training_070,0.7812159,0.72562623,0.3367194,0.3367194,0.6145205100377401
HG_BraTS20_Training_089,0.78335786,0.50174576,0.48809817,0.48809817,0.5910672346750895
HG_BraTS20_Training_119,0.5929266,0.7450013,0.48540434,0.48540434,0.6077774365743002
HG_BraTS20_Training_124,0.77451843,0.6505493,0.39547697,0.39547697,0.6068482001622518
HG_BraTS20_Training_128,0.21858093,7.1890727e-12,7.836991e-12,7.836991e-12,0.07286031047503154
HG_BraTS20_Training_134,0.65920234,0.5412029,0.13941239,0.13941239,0.4466058810551961
HG_BraTS20_Training_140,0.82272506,0.7922667,0.27024,0.27024,0.6284105777740479
HG_BraTS20_Training_150,0.7944448,0.7555434,0.61759,0.61759,0.7225260734558105
HG_BraTS20_Training_180,0.6050392,0.32531127,0.25559223,0.25559223,0.39531421661376953
HG_BraTS20_Training_188,0.533596,0.66768056,0.52518845,0.52518845,0.5754883289337158
HG_BraTS20_Training_191,0.7852057,0.18321706,0.1705967,0.1705967,0.37967316309611004
HG_BraTS20_Training_201,0.8337883,0.75162727,0.6224757,0.6224757,0.7359637419382731
HG_BraTS20_Training_211,0.700155,0.7836938,0.58621037,0.58621037,0.6900197664896647
HG_BraTS20_Training_212,0.69972247,0.52606964,0.30952838,0.30952838,0.5117735068003336
HG_BraTS20_Training_226,0.75363153,0.7605242,0.38451102,0.38451102,0.632888913154602
HG_BraTS20_Training_232,0.66579705,0.3772328,0.22213309,0.22213309,0.4217209418614705
HG_BraTS20_Training_241,0.81044745,0.54441285,0.37192646,0.37192646,0.5755955775578817
HG_BraTS20_Training_245,0.8063207,0.6401933,0.5322866,0.5322866,0.6596001784006754
HG_BraTS20_Training_246,0.79082274,0.5257102,0.30110118,0.30110118,0.5392113924026489
HG_BraTS20_Training_336,0.8527703,0.8296286,0.6140323,0.6140323,0.7654771010080973
HG_BraTS20_Training_338,0.8094176,0.66869223,0.4783371,0.4783371,0.652148962020874
HG_BraTS20_Training_344,0.8041012,0.80433387,0.510956,0.510956,0.7064637343088785
HG_BraTS20_Training_352,0.6838399,0.32981256,0.43887925,0.43887925,0.48417723178863525
LG_BraTS20_Training_262,0.6528646,0.7386004,3.0988534e-12,3.0988534e-12,0.4638216495513916
LG_BraTS20_Training_275,0.26323807,0.0034559723,3.248863e-12,3.248863e-12,0.08889801303545634
LG_BraTS20_Training_278,0.6460858,0.41110674,7.2912867e-13,7.2912867e-13,0.35239752133687335
LG_BraTS20_Training_283,0.0023192388,0.0010462075,0.0010598834,8.865248e-13,0.0014751098739604156
LG_BraTS20_Training_291,0.78697014,0.6833609,0.0058685048,0.0058685048,0.49206650257110596
LG_BraTS20_Training_292,0.8168097,0.81451356,0.19684333,0.19684333,0.6093889077504476
LG_BraTS20_Training_294,0.7339596,0.5874676,6.6032753e-13,6.6032753e-13,0.44047574202219647
LG_BraTS20_Training_297,0.46896744,0.639773,1.914242e-12,1.914242e-12,0.36958014965057373
LG_BraTS20_Training_310,0.78515726,0.5737551,3.9856516e-13,3.9856516e-13,0.45297078291575116
LG_BraTS20_Training_324,0.6355733,0.24586508,1.5248551e-12,1.5248551e-12,0.2938127915064494
t1c
HG_BraTS20_Training_010,0.47564104,0.85255796,0.88485134,0.88485134,0.7376834551493326
HG_BraTS20_Training_012,0.7124082,0.8464806,0.7860048,0.7860048,0.7816311518351237
HG_BraTS20_Training_020,0.75256056,0.71860236,0.5919246,0.5919246,0.6876958211263021
HG_BraTS20_Training_070,0.5454921,0.66958404,0.59723985,0.59723985,0.6041053533554077
HG_BraTS20_Training_089,0.6065564,0.7171563,0.9173746,0.9173746,0.7470291455586752
HG_BraTS20_Training_119,0.5339151,0.8455397,0.7612815,0.7612815,0.7135787804921468
HG_BraTS20_Training_124,0.7193424,0.8360993,0.8112455,0.8112455,0.7888957659403483
HG_BraTS20_Training_128,0.037441496,0.14154013,0.14177641,0.14177641,0.10691934823989868
HG_BraTS20_Training_134,0.7970094,0.8587476,0.73945713,0.73945713,0.7984046936035156
HG_BraTS20_Training_140,0.87002265,0.9119905,0.86159533,0.86159533,0.8812028566996256
HG_BraTS20_Training_150,0.83376306,0.95734304,0.94360495,0.94360495,0.9115703900655111
HG_BraTS20_Training_180,0.7650296,0.9298601,0.89372015,0.89372015,0.8628699779510498
HG_BraTS20_Training_188,0.51361907,0.83034384,0.76648253,0.76648253,0.7034818331400553
HG_BraTS20_Training_191,0.7160586,0.8046356,0.80242646,0.80242646,0.7743735313415527
HG_BraTS20_Training_201,0.800253,0.92072606,0.8492622,0.8492622,0.8567470709482828
HG_BraTS20_Training_211,0.7559062,0.9311136,0.8544261,0.8544261,0.8471486568450928
HG_BraTS20_Training_212,0.59539217,0.5401159,0.59857917,0.59857917,0.5780290762583414
HG_BraTS20_Training_226,0.72640866,0.91981053,0.8928162,0.8928162,0.8463451067606608
HG_BraTS20_Training_232,0.606505,0.79953957,0.7844844,0.7844844,0.7301762898763021
HG_BraTS20_Training_241,0.6183433,0.72721815,0.70542645,0.70542645,0.6836626529693604
HG_BraTS20_Training_245,0.77102524,0.7523845,0.7465445,0.7465445,0.7566514015197754
HG_BraTS20_Training_246,0.6711388,0.73022056,0.86310005,0.86310005,0.7548197905222574
HG_BraTS20_Training_336,0.85609454,0.92643225,0.85015404,0.85015404,0.8775602976481119
HG_BraTS20_Training_338,0.8378819,0.94316626,0.91133153,0.91133153,0.8974599043528239
HG_BraTS20_Training_344,0.74584943,0.5698967,0.6360053,0.6360053,0.6505837837855021
HG_BraTS20_Training_352,0.74369895,0.77026796,0.8877562,0.8877562,0.8005743821461996
LG_BraTS20_Training_262,0.74502534,0.6082095,5.5066078e-12,5.5066078e-12,0.45107825597127277
LG_BraTS20_Training_275,0.107955,0.013404077,5.376344e-11,1.0,0.04045302669207255
LG_BraTS20_Training_278,0.08497096,1.5475085e-13,2.767017e-12,2.767017e-12,0.02832365284363429
LG_BraTS20_Training_283,0.6388873,0.8509748,0.85479194,0.85479194,0.7815513610839844
LG_BraTS20_Training_291,0.550563,0.48417938,5.414185e-12,5.414185e-12,0.34491411844889325
LG_BraTS20_Training_292,0.76463693,0.71924716,0.44156942,0.44156942,0.6418178478876749
LG_BraTS20_Training_294,0.44968268,0.030604929,1.24533e-11,1.24533e-11,0.16009587049484253
LG_BraTS20_Training_297,0.0056926,0.016917294,1.2406948e-11,1.2406948e-11,0.007536631077528
LG_BraTS20_Training_310,0.51978505,0.26982078,4.0502226e-13,4.0502226e-13,0.2632019519805908
LG_BraTS20_Training_324,0.5794085,0.003583866,1.6334531e-12,1.6334531e-12,0.19433079163233438
t2
HG_BraTS20_Training_010,0.7187155,0.5643436,0.4036683,0.4036683,0.5622424681981405
HG_BraTS20_Training_012,0.82979286,0.7001952,0.52980876,0.52980876,0.6865989367167155
HG_BraTS20_Training_020,0.8733117,0.77333456,0.3706034,0.3706034,0.6724165280659994
HG_BraTS20_Training_070,0.8178346,0.6228606,0.25810868,0.25810868,0.5662679672241211
HG_BraTS20_Training_089,0.81363505,0.43070817,0.37605327,0.37605327,0.540132204691569
HG_BraTS20_Training_119,0.7076601,0.68422455,0.41473684,0.41473684,0.6022071441014608
HG_BraTS20_Training_124,0.90196604,0.6961913,0.41477498,0.41477498,0.6709774335225424
HG_BraTS20_Training_128,0.7968205,0.16593613,0.16817269,0.16817269,0.3769764502843221
HG_BraTS20_Training_134,0.83357203,0.667277,0.36785775,0.36785775,0.6229022343953451
HG_BraTS20_Training_140,0.9245259,0.8352405,0.44290724,0.44290724,0.7342245578765869
HG_BraTS20_Training_150,0.8721944,0.8177804,0.70057654,0.70057654,0.7968504428863525
HG_BraTS20_Training_180,0.63105905,0.4591624,0.28132826,0.28132826,0.4571832021077474
HG_BraTS20_Training_188,0.6849275,0.7746199,0.62469554,0.62469554,0.6947476069132487
HG_BraTS20_Training_191,0.9210543,0.47135496,0.2996492,0.2996492,0.564019521077474
HG_BraTS20_Training_201,0.9003371,0.7815482,0.6708585,0.6708585,0.784247875213623
HG_BraTS20_Training_211,0.8143917,0.8314508,0.6144962,0.6144962,0.7534462610880533
HG_BraTS20_Training_212,0.89861244,0.7963272,0.40478858,0.40478858,0.6999093691507975
HG_BraTS20_Training_226,0.86316746,0.82311934,0.4060608,0.4060608,0.6974492073059082
HG_BraTS20_Training_232,0.72688794,0.5798249,0.4341228,0.4341228,0.5802785555521647
HG_BraTS20_Training_241,0.8673545,0.5199052,0.44370845,0.44370845,0.6103227138519287
HG_BraTS20_Training_245,0.8347011,0.80444986,0.5696387,0.5696387,0.7362632751464844
HG_BraTS20_Training_246,0.8440285,0.75465083,0.5104693,0.5104693,0.7030495007832845
HG_BraTS20_Training_336,0.92917347,0.7891218,0.5753953,0.5753953,0.7645635604858398
HG_BraTS20_Training_338,0.90027547,0.76506793,0.5031052,0.5031052,0.7228162288665771
HG_BraTS20_Training_344,0.8582962,0.66956943,0.34153113,0.34153113,0.6231322685877482
HG_BraTS20_Training_352,0.8974587,0.47538528,0.44095424,0.44095424,0.604599396387736
LG_BraTS20_Training_262,0.82895035,0.21064907,3.9982408e-13,3.9982408e-13,0.3465331395467122
LG_BraTS20_Training_275,0.66958404,0.20900558,4.7103155e-12,4.7103155e-12,0.2928632100423177
LG_BraTS20_Training_278,0.769768,0.33622468,1.3464387e-12,1.3464387e-12,0.3686642249425252
LG_BraTS20_Training_283,0.8470853,0.3649179,0.32044157,0.32044157,0.5108149449030558
LG_BraTS20_Training_291,0.9361736,0.6835943,0.007427581,0.007427581,0.5423984924952189
LG_BraTS20_Training_292,0.8861422,0.4389956,0.2565886,0.2565886,0.5272421439488729
LG_BraTS20_Training_294,0.8492303,0.5780731,9.952229e-13,9.952229e-13,0.4757677714029948
LG_BraTS20_Training_297,0.7231083,0.55184543,4.1771096e-12,4.1771096e-12,0.42498457431793213
LG_BraTS20_Training_310,0.8663066,0.7546659,6.482982e-13,6.482982e-13,0.5403241713841757
LG_BraTS20_Training_324,0.84636325,0.22409646,1.2901561e-12,1.2901561e-12,0.3568199078241984
WT Dice,TC Dice,ET Dice,ETPro Dice,WT HD95,TC HD95,ET HD95ETPro HD95
flairt1cet1t2
HG_BraTS20_Training_010,0.7418154,0.80069387,0.85554975,0.85554975,0.7993530432383219
HG_BraTS20_Training_012,0.84660685,0.8417787,0.7586318,0.7586318,0.8156723976135254
HG_BraTS20_Training_020,0.8978302,0.81123376,0.6149706,0.6149706,0.7746782302856445
HG_BraTS20_Training_070,0.9126782,0.8204292,0.6419833,0.6419833,0.7916968663533529
HG_BraTS20_Training_089,0.8545495,0.5589358,0.86862135,0.86862135,0.7607022126515707
HG_BraTS20_Training_119,0.69081485,0.8811543,0.7446721,0.7446721,0.7722137769063314
HG_BraTS20_Training_124,0.9552778,0.9207139,0.85271543,0.85271543,0.9095690250396729
HG_BraTS20_Training_128,0.8706526,0.39374903,0.41578838,0.41578838,0.560063362121582
HG_BraTS20_Training_134,0.84893286,0.8368486,0.7162449,0.7162449,0.8006754716237386
HG_BraTS20_Training_140,0.9544741,0.92642415,0.85337937,0.85337937,0.9114259084065756
HG_BraTS20_Training_150,0.9440751,0.9287922,0.94232374,0.94232374,0.9383970101674398
HG_BraTS20_Training_180,0.7407075,0.80911875,0.8681725,0.8681725,0.8059995969136556
HG_BraTS20_Training_188,0.7604388,0.78626585,0.72574425,0.72574425,0.7574830055236816
HG_BraTS20_Training_191,0.92968124,0.7980443,0.7599352,0.7599352,0.8292202154795328
HG_BraTS20_Training_201,0.91034764,0.9343661,0.84918004,0.84918004,0.8979645570119222
HG_BraTS20_Training_211,0.88461363,0.9389267,0.8579694,0.8579694,0.8938365777333578
HG_BraTS20_Training_212,0.8631562,0.7441526,0.66116923,0.66116923,0.7561593850453695
HG_BraTS20_Training_226,0.89948297,0.9093006,0.88428396,0.88428396,0.8976891835530599
HG_BraTS20_Training_232,0.73702615,0.78275687,0.7609669,0.7609669,0.760249932607015
HG_BraTS20_Training_241,0.8704814,0.7968089,0.7688922,0.7688922,0.8120608329772949
HG_BraTS20_Training_245,0.8471394,0.80355966,0.79486114,0.79486114,0.8151867389678955
HG_BraTS20_Training_246,0.8254568,0.72125,0.75631315,0.75631315,0.7676733334859213
HG_BraTS20_Training_336,0.9521674,0.9428237,0.87820977,0.87820977,0.9244003295898438
HG_BraTS20_Training_338,0.9321286,0.9570373,0.91712433,0.91712433,0.9354300498962402
HG_BraTS20_Training_344,0.894707,0.6922235,0.6684602,0.6684602,0.7517968813578287
HG_BraTS20_Training_352,0.94407934,0.5533639,0.85776895,0.85776895,0.7850707372029623
LG_BraTS20_Training_262,0.8868081,0.5154498,4.0453075e-12,4.0453075e-12,0.4674193064371745
LG_BraTS20_Training_275,0.76397485,0.11176857,6.7888663e-12,6.7888663e-12,0.2919144630432129
LG_BraTS20_Training_278,0.79085374,0.19101472,3.644315e-12,3.644315e-12,0.3272894819577535
LG_BraTS20_Training_283,0.93033767,0.6243479,0.68088716,0.68088716,0.7451909383138021
LG_BraTS20_Training_291,0.9366794,0.7522778,0.029407566,0.029407566,0.5727882782618204
LG_BraTS20_Training_292,0.9106399,0.83159554,0.57094365,0.57094365,0.7710596720377604
LG_BraTS20_Training_294,0.9327218,0.6849269,3.977725e-12,3.977725e-12,0.5392162402470907
LG_BraTS20_Training_297,0.5924321,0.6328028,2.0325203e-11,1.0,0.4084116220474243
LG_BraTS20_Training_310,0.9124016,0.7446,9.378224e-13,9.378224e-13,0.5523338715235392
LG_BraTS20_Training_324,0.8789698,0.10443464,1.8050542e-11,1.8050542e-11,0.3278014659881592
t1cet1t2
HG_BraTS20_Training_010,0.7264742,0.85063976,0.86787915,0.86787915,0.814997673034668
HG_BraTS20_Training_012,0.8554082,0.88425004,0.81162643,0.81162643,0.8504282633463541
HG_BraTS20_Training_020,0.8739697,0.7574747,0.60679924,0.60679924,0.7460811932881674
HG_BraTS20_Training_070,0.8317359,0.8179097,0.6568842,0.6568842,0.7688432534535726
HG_BraTS20_Training_089,0.8271415,0.71090275,0.91590106,0.91590106,0.8179817199707031
HG_BraTS20_Training_119,0.6778704,0.8888229,0.7707668,0.7707668,0.7791533470153809
HG_BraTS20_Training_124,0.927433,0.9214692,0.84877115,0.84877115,0.8992244402567545
HG_BraTS20_Training_128,0.78193384,0.45324376,0.4757548,0.4757548,0.5703108310699463
HG_BraTS20_Training_134,0.8700592,0.8789709,0.72739524,0.72739524,0.8254751364390055
HG_BraTS20_Training_140,0.93897957,0.93441194,0.852221,0.852221,0.9085375467936198
HG_BraTS20_Training_150,0.882066,0.93669856,0.9311106,0.9311106,0.9166250228881836
HG_BraTS20_Training_180,0.69614714,0.76935774,0.8679254,0.8679254,0.7778100967407227
HG_BraTS20_Training_188,0.7097369,0.79945827,0.7246261,0.7246261,0.7446070512135824
HG_BraTS20_Training_191,0.9095168,0.8028991,0.81365466,0.81365466,0.8420235315958658
HG_BraTS20_Training_201,0.9006771,0.93652433,0.8643264,0.8643264,0.9005092779795328
HG_BraTS20_Training_211,0.83258563,0.9377104,0.84979796,0.84979796,0.8733646869659424
HG_BraTS20_Training_212,0.82198673,0.73375845,0.6526561,0.6526561,0.7361337343851725
HG_BraTS20_Training_226,0.8640463,0.8997841,0.879338,0.879338,0.8810561498006185
HG_BraTS20_Training_232,0.71660405,0.7836651,0.7638876,0.7638876,0.7547189394632975
HG_BraTS20_Training_241,0.86517566,0.7981144,0.7817136,0.7817136,0.8150011698404948
HG_BraTS20_Training_245,0.8891257,0.8142145,0.7995461,0.7995461,0.8342954317728678
HG_BraTS20_Training_246,0.8674274,0.81977373,0.81697536,0.81697536,0.834725538889567
HG_BraTS20_Training_336,0.9292178,0.9336003,0.87820905,0.87820905,0.9136757055918375
HG_BraTS20_Training_338,0.9176648,0.9577525,0.9192318,0.9192318,0.9315497080485026
HG_BraTS20_Training_344,0.8721829,0.6278713,0.6556597,0.6556597,0.7185712655385336
HG_BraTS20_Training_352,0.91073143,0.8699612,0.887101,0.887101,0.8892645041147867
LG_BraTS20_Training_262,0.8728648,0.6048031,9.930486e-12,9.930486e-12,0.4925559361775716
LG_BraTS20_Training_275,0.6228201,0.1951431,4.6860354e-12,4.6860354e-12,0.272654394308726
LG_BraTS20_Training_278,0.708933,0.11386419,3.3112582e-12,3.3112582e-12,0.27426572640736896
LG_BraTS20_Training_283,0.90490115,0.6981758,0.7251152,0.7251152,0.7760640780131022
LG_BraTS20_Training_291,0.91926956,0.67494684,0.029559748,0.029559748,0.541258692741394
LG_BraTS20_Training_292,0.8891081,0.6585478,0.62564796,0.62564796,0.7244346141815186
LG_BraTS20_Training_294,0.8999212,0.3594101,4.2034466e-12,4.2034466e-12,0.41977707544962567
LG_BraTS20_Training_297,0.7167834,0.6697368,9.302325e-12,9.302325e-12,0.4621733824412028
LG_BraTS20_Training_310,0.8418319,0.51728475,1.1104942e-12,1.1104942e-12,0.45303889115651447
LG_BraTS20_Training_324,0.7970464,0.024962423,5.9559263e-12,5.9559263e-12,0.2740029493967692
flairt1cet2
HG_BraTS20_Training_010,0.77901936,0.81946933,0.85490984,0.85490984,0.8177994887034098
HG_BraTS20_Training_012,0.8492237,0.80858344,0.7373079,0.7373079,0.7983716328938802
HG_BraTS20_Training_020,0.8974519,0.8259561,0.61054933,0.61054933,0.7779857317606608
HG_BraTS20_Training_070,0.89428085,0.8453896,0.65435416,0.65435416,0.7980082035064697
HG_BraTS20_Training_089,0.84538704,0.5019491,0.8313379,0.8313379,0.7262246608734131
HG_BraTS20_Training_119,0.70429003,0.8594048,0.7285383,0.7285383,0.7640776634216309
HG_BraTS20_Training_124,0.95450836,0.9204771,0.86913735,0.86913735,0.9147075812021891
HG_BraTS20_Training_128,0.8743553,0.38412845,0.42762887,0.42762887,0.5620375474294027
HG_BraTS20_Training_134,0.8867446,0.8846841,0.73007625,0.73007625,0.8338349660237631
HG_BraTS20_Training_140,0.9524935,0.91310036,0.84910107,0.84910107,0.9048983256022135
HG_BraTS20_Training_150,0.9430077,0.90200144,0.9406587,0.9406587,0.928555965423584
HG_BraTS20_Training_180,0.6905218,0.727521,0.8203129,0.8203129,0.7461185455322266
HG_BraTS20_Training_188,0.75393087,0.76972824,0.7144083,0.7144083,0.7460224628448486
HG_BraTS20_Training_191,0.93077856,0.8538881,0.7860139,0.7860139,0.8568935394287109
HG_BraTS20_Training_201,0.9204099,0.93191034,0.8444585,0.8444585,0.8989262580871582
HG_BraTS20_Training_211,0.8764069,0.9036792,0.84097916,0.84097916,0.8736883799235026
HG_BraTS20_Training_212,0.90629846,0.84234816,0.6638188,0.6638188,0.8041551113128662
HG_BraTS20_Training_226,0.8961134,0.90848595,0.88540304,0.88540304,0.89666748046875
HG_BraTS20_Training_232,0.80235153,0.782417,0.74359214,0.74359214,0.7761201858520508
HG_BraTS20_Training_241,0.87093407,0.7781339,0.741067,0.741067,0.7967116832733154
HG_BraTS20_Training_245,0.8010781,0.75891536,0.76140064,0.76140064,0.7737980683644613
HG_BraTS20_Training_246,0.8187702,0.716509,0.73698545,0.73698545,0.7574214935302734
HG_BraTS20_Training_336,0.9497647,0.9436033,0.8754217,0.8754217,0.9229299227396647
HG_BraTS20_Training_338,0.9245639,0.9275642,0.9104848,0.9104848,0.9208709398905436
HG_BraTS20_Training_344,0.90078574,0.71748906,0.6584492,0.6584492,0.7589079538981119
HG_BraTS20_Training_352,0.9343529,0.5047951,0.8510863,0.8510863,0.7634114424387614
LG_BraTS20_Training_262,0.8697307,0.36156088,1.8864365e-12,1.8864365e-12,0.4104305108388265
LG_BraTS20_Training_275,0.8043205,0.17480682,5.0556117e-12,5.0556117e-12,0.3263757824897766
LG_BraTS20_Training_278,0.8210736,0.14894971,3.8358266e-12,3.8358266e-12,0.3233410914738973
LG_BraTS20_Training_283,0.9372722,0.6455001,0.7291886,0.7291886,0.7706536451975504
LG_BraTS20_Training_291,0.9502809,0.7492177,0.021530632,0.021530632,0.5736764272054037
LG_BraTS20_Training_292,0.9169874,0.8347647,0.44326097,0.44326097,0.7316710154215494
LG_BraTS20_Training_294,0.92740834,0.7131139,3.3377836e-12,3.3377836e-12,0.5468407471974691
LG_BraTS20_Training_297,0.67058355,0.7039648,1.048218e-11,1.048218e-11,0.45818281173706055
LG_BraTS20_Training_310,0.9136277,0.7669004,7.80762e-13,7.80762e-13,0.5601760546366373
LG_BraTS20_Training_324,0.9094807,0.09513304,1.2195122e-11,1.2195122e-11,0.33487125237782794
flairt1t2
HG_BraTS20_Training_010,0.73075676,0.7330743,0.3083622,0.3083622,0.5907310644785563
HG_BraTS20_Training_012,0.8460698,0.7657074,0.5421903,0.5421903,0.7179891268412272
HG_BraTS20_Training_020,0.89074165,0.81336606,0.3946522,0.3946522,0.6995866298675537
HG_BraTS20_Training_070,0.90970236,0.65601295,0.26187646,0.26187646,0.6091972589492798
HG_BraTS20_Training_089,0.85596985,0.437933,0.25617337,0.25617337,0.5166920820871989
HG_BraTS20_Training_119,0.7029904,0.8145166,0.5218522,0.5218522,0.6797864437103271
HG_BraTS20_Training_124,0.9387601,0.7293217,0.4415066,0.4415066,0.703196128209432
HG_BraTS20_Training_128,0.87461084,0.37087977,0.37265137,0.37265137,0.5393806298573812
HG_BraTS20_Training_134,0.7958831,0.6026362,0.19833247,0.19833247,0.5322839021682739
HG_BraTS20_Training_140,0.95238334,0.84856,0.37093893,0.37093893,0.723960796991984
HG_BraTS20_Training_150,0.9262911,0.775643,0.50527793,0.50527793,0.7357373237609863
HG_BraTS20_Training_180,0.6921792,0.55974054,0.42739594,0.42739594,0.5597718954086304
HG_BraTS20_Training_188,0.781826,0.76391137,0.55480015,0.55480015,0.7001791795094808
HG_BraTS20_Training_191,0.93468124,0.48390415,0.2549016,0.2549016,0.5578289826711019
HG_BraTS20_Training_201,0.9192649,0.9059479,0.7169847,0.7169847,0.8473991552988688
HG_BraTS20_Training_211,0.86551034,0.8106859,0.516768,0.516768,0.7309880256652832
HG_BraTS20_Training_212,0.8828668,0.7469931,0.39202768,0.39202768,0.6739625136057535
HG_BraTS20_Training_226,0.90794104,0.8849372,0.42046186,0.42046186,0.7377800146738688
HG_BraTS20_Training_232,0.77767354,0.49651954,0.34463277,0.34463277,0.5396085977554321
HG_BraTS20_Training_241,0.87120235,0.6489343,0.50396556,0.50396556,0.6747007369995117
HG_BraTS20_Training_245,0.86374134,0.85255194,0.6286872,0.6286872,0.7816601594289144
HG_BraTS20_Training_246,0.81029266,0.65027314,0.43334267,0.43334267,0.6313028335571289
HG_BraTS20_Training_336,0.9451698,0.89163744,0.5972859,0.5972859,0.8113644123077393
HG_BraTS20_Training_338,0.9262815,0.79008716,0.45617738,0.45617738,0.7241820494333903
HG_BraTS20_Training_344,0.92091393,0.81579465,0.502085,0.502085,0.7462645371754965
HG_BraTS20_Training_352,0.9309648,0.46387792,0.29760143,0.29760143,0.5641480684280396
LG_BraTS20_Training_262,0.87707275,0.37498236,8.6979214e-13,8.6979214e-13,0.41735172271728516
LG_BraTS20_Training_275,0.8111775,0.2354049,5.8823528e-12,5.8823528e-12,0.34886078039805096
LG_BraTS20_Training_278,0.8219638,0.41184416,9.167583e-13,9.167583e-13,0.41126930713653564
LG_BraTS20_Training_283,0.9352131,0.30890855,0.2947055,0.2947055,0.512942393620809
LG_BraTS20_Training_291,0.9505414,0.69667864,0.0071105617,0.0071105617,0.5514435370763143
LG_BraTS20_Training_292,0.90719044,0.83417165,0.24538565,0.24538565,0.6622492472330729
LG_BraTS20_Training_294,0.92916465,0.7600896,8.081461e-13,8.081461e-13,0.5630847613016764
LG_BraTS20_Training_297,0.6529296,0.6566374,3.4530386e-12,3.4530386e-12,0.4365223248799642
LG_BraTS20_Training_310,0.91838545,0.82243127,5.378368e-13,5.378368e-13,0.5802722374598185
LG_BraTS20_Training_324,0.8789774,0.29231966,2.4485798e-12,2.4485798e-12,0.39043235778808594
flairt1cet1
HG_BraTS20_Training_010,0.71221644,0.7958604,0.8466648,0.8466648,0.7849138577779134
HG_BraTS20_Training_012,0.855541,0.7883408,0.736771,0.736771,0.793550968170166
HG_BraTS20_Training_020,0.8919076,0.82386875,0.6307926,0.6307926,0.782189687093099
HG_BraTS20_Training_070,0.91382974,0.82314706,0.6686935,0.6686935,0.8018901348114014
HG_BraTS20_Training_089,0.85394543,0.61853606,0.8965878,0.8965878,0.7896897792816162
HG_BraTS20_Training_119,0.68889654,0.8719484,0.75046754,0.75046754,0.770437479019165
HG_BraTS20_Training_124,0.9587562,0.93802154,0.86550456,0.86550456,0.9207607905069987
HG_BraTS20_Training_128,0.8778516,0.29972628,0.34393063,0.34393063,0.5071694850921631
HG_BraTS20_Training_134,0.8602442,0.8495627,0.7398284,0.7398284,0.8165450890858968
HG_BraTS20_Training_140,0.94691485,0.92512673,0.8600483,0.8600483,0.9106966654459635
HG_BraTS20_Training_150,0.9336309,0.9362315,0.94402015,0.94402015,0.9379607836405436
HG_BraTS20_Training_180,0.7708658,0.87890357,0.8864853,0.8864853,0.8454182147979736
HG_BraTS20_Training_188,0.72563905,0.77284336,0.71500915,0.71500915,0.7378305594126383
HG_BraTS20_Training_191,0.90969,0.81380874,0.8033455,0.8033455,0.8422814210255941
HG_BraTS20_Training_201,0.912103,0.93505174,0.86695784,0.86695784,0.9047041734059652
HG_BraTS20_Training_211,0.8880678,0.9316876,0.84692377,0.84692377,0.8888930479685465
HG_BraTS20_Training_212,0.8351578,0.6994039,0.60568035,0.60568035,0.7134140332539877
HG_BraTS20_Training_226,0.8812439,0.9191854,0.89632463,0.89632463,0.8989179929097494
HG_BraTS20_Training_232,0.7977012,0.7847765,0.6940837,0.6940837,0.7588537534077963
HG_BraTS20_Training_241,0.87087715,0.83406186,0.7961873,0.7961873,0.8337087631225586
HG_BraTS20_Training_245,0.88971967,0.8381784,0.8095137,0.8095137,0.8458038965861002
HG_BraTS20_Training_246,0.855218,0.7512931,0.80803895,0.80803895,0.8048500219980875
HG_BraTS20_Training_336,0.9464729,0.9406096,0.8760171,0.8760171,0.9210332234700521
HG_BraTS20_Training_338,0.9202503,0.9381007,0.9210007,0.9210007,0.9264505704243978
HG_BraTS20_Training_344,0.8919283,0.73160917,0.68182755,0.68182755,0.7684550285339355
HG_BraTS20_Training_352,0.92192763,0.6489592,0.8532846,0.8532846,0.8080571492513021
LG_BraTS20_Training_262,0.8895447,0.64298815,6.5104168e-12,6.5104168e-12,0.5108443101247152
LG_BraTS20_Training_275,0.64978874,0.078662075,7.530121e-12,7.530121e-12,0.24281694491704306
LG_BraTS20_Training_278,0.7821349,0.12791729,3.7257823e-12,3.7257823e-12,0.3033507267634074
LG_BraTS20_Training_283,0.9186247,0.6487986,0.69049436,0.69049436,0.7526392141977946
LG_BraTS20_Training_291,0.90092117,0.7344167,0.039382238,0.039382238,0.558240016301473
LG_BraTS20_Training_292,0.8648886,0.75676936,0.53273374,0.53273374,0.7181305885314941
LG_BraTS20_Training_294,0.8854956,0.5121793,3.1715826e-12,3.1715826e-12,0.46589163939158124
LG_BraTS20_Training_297,0.33024916,0.3067227,8.6206896e-11,1.0,0.21232394377390543
LG_BraTS20_Training_310,0.8942417,0.6218688,8.557248e-13,8.557248e-13,0.5053701400756836
LG_BraTS20_Training_324,0.87614536,0.11867712,1.06382975e-11,1.06382975e-11,0.33160750071207684
flairt1ce
HG_BraTS20_Training_010,0.7799202,0.835757,0.86985934,0.86985934,0.8285121917724609
HG_BraTS20_Training_012,0.8618673,0.8375807,0.76578116,0.76578116,0.8217430114746094
HG_BraTS20_Training_020,0.89146954,0.78137857,0.615479,0.615479,0.762775739034017
HG_BraTS20_Training_070,0.8974977,0.72227424,0.63438416,0.63438416,0.7513853708902994
HG_BraTS20_Training_089,0.8486653,0.69511384,0.9303664,0.9303664,0.8247151374816895
HG_BraTS20_Training_119,0.7248945,0.8780546,0.7620934,0.7620934,0.7883475621541342
HG_BraTS20_Training_124,0.9604868,0.9526967,0.87708056,0.87708056,0.9300880432128906
HG_BraTS20_Training_128,0.8593897,0.40641886,0.40252316,0.40252316,0.5561105807622274
HG_BraTS20_Training_134,0.87161607,0.84493834,0.7407766,0.7407766,0.8191103140513102
HG_BraTS20_Training_140,0.9465749,0.9256017,0.8723821,0.8723821,0.9148529370625814
HG_BraTS20_Training_150,0.93490696,0.9626864,0.95183945,0.95183945,0.9498109817504883
HG_BraTS20_Training_180,0.74490064,0.87196434,0.8832112,0.8832112,0.8333586851755778
HG_BraTS20_Training_188,0.74250525,0.7894835,0.73446655,0.73446655,0.7554850578308105
HG_BraTS20_Training_191,0.91263264,0.81479883,0.791559,0.791559,0.8396635055541992
HG_BraTS20_Training_201,0.9188291,0.93474245,0.85517395,0.85517395,0.9029151598612467
HG_BraTS20_Training_211,0.8773466,0.9342278,0.8537333,0.8537333,0.8884359200795492
HG_BraTS20_Training_212,0.8137994,0.6661176,0.6254345,0.6254345,0.701783816019694
HG_BraTS20_Training_226,0.87532485,0.8936469,0.88563466,0.88563466,0.8848687807718912
HG_BraTS20_Training_232,0.83404243,0.8118806,0.7227505,0.7227505,0.7895578543345133
HG_BraTS20_Training_241,0.8626525,0.7744254,0.7270722,0.7270722,0.7880500157674154
HG_BraTS20_Training_245,0.88004977,0.7860664,0.7833899,0.7833899,0.8165020942687988
HG_BraTS20_Training_246,0.85551155,0.6523031,0.7631834,0.7631834,0.7569993336995443
HG_BraTS20_Training_336,0.9422032,0.94311565,0.86799866,0.86799866,0.9177725315093994
HG_BraTS20_Training_338,0.906495,0.94625306,0.9191165,0.9191165,0.9239548047383627
HG_BraTS20_Training_344,0.88985157,0.64434624,0.65776485,0.65776485,0.730654239654541
HG_BraTS20_Training_352,0.8139069,0.70334715,0.86368537,0.86368537,0.793646494547526
LG_BraTS20_Training_262,0.8728217,0.6299784,8.375209e-12,8.375209e-12,0.5009333690007528
LG_BraTS20_Training_275,0.77253205,0.06635562,9.84252e-12,9.84252e-12,0.2796292304992676
LG_BraTS20_Training_278,0.82413226,0.019005375,4.741584e-12,4.741584e-12,0.2810458739598592
LG_BraTS20_Training_283,0.92541146,0.6866417,0.69004524,0.69004524,0.767366091410319
LG_BraTS20_Training_291,0.9052637,0.6636651,0.039129373,0.039129373,0.5360194047292074
LG_BraTS20_Training_292,0.8493894,0.69709307,0.54098946,0.54098946,0.6958239873250326
LG_BraTS20_Training_294,0.8378108,0.31016454,5.3821314e-12,5.3821314e-12,0.3826584418614705
LG_BraTS20_Training_297,0.40170822,0.30451766,2.1276596e-10,1.0,0.23540862401326498
LG_BraTS20_Training_310,0.88197875,0.47063768,6.4453754e-13,6.4453754e-13,0.45087214310963947
LG_BraTS20_Training_324,0.8964085,0.022728143,6.863418e-12,6.863418e-12,0.30637888113657635
flairt2
HG_BraTS20_Training_010,0.7131797,0.7280116,0.46664768,0.46664768,0.6359463532765707
HG_BraTS20_Training_012,0.8408141,0.69712305,0.45725647,0.45725647,0.665064533551534
HG_BraTS20_Training_020,0.8905783,0.82548606,0.39777386,0.39777386,0.7046127319335938
HG_BraTS20_Training_070,0.89658576,0.6338143,0.23963384,0.23963384,0.5900112787882487
HG_BraTS20_Training_089,0.85859215,0.39692968,0.2962784,0.2962784,0.5172667105992635
HG_BraTS20_Training_119,0.7433931,0.8155082,0.50170684,0.50170684,0.6868693828582764
HG_BraTS20_Training_124,0.93767077,0.7747764,0.47793934,0.47793934,0.7301288445790609
HG_BraTS20_Training_128,0.88253784,0.24657534,0.23646237,0.23646237,0.45519185066223145
HG_BraTS20_Training_134,0.8165002,0.67124987,0.31814447,0.31814447,0.6019648313522339
HG_BraTS20_Training_140,0.9501291,0.8343551,0.45428434,0.45428434,0.7462561925252279
HG_BraTS20_Training_150,0.92940384,0.78989446,0.5319797,0.5319797,0.7504259745279948
HG_BraTS20_Training_180,0.67350066,0.50471544,0.40450066,0.40450066,0.527572234471639
HG_BraTS20_Training_188,0.76794547,0.693675,0.47284254,0.47284254,0.6448210080464681
HG_BraTS20_Training_191,0.9352505,0.6347614,0.31154296,0.31154296,0.6271849473317465
HG_BraTS20_Training_201,0.92942137,0.86175483,0.6732007,0.6732007,0.8214589754740397
HG_BraTS20_Training_211,0.8617228,0.8048923,0.51864326,0.51864326,0.7284194628397623
HG_BraTS20_Training_212,0.8854875,0.7810248,0.3978012,0.3978012,0.6881044705708822
HG_BraTS20_Training_226,0.902192,0.865381,0.44808143,0.44808143,0.7385514577229818
HG_BraTS20_Training_232,0.776651,0.54304224,0.40437296,0.40437296,0.5746887524922689
HG_BraTS20_Training_241,0.866863,0.57019526,0.4307511,0.4307511,0.6226030985514323
HG_BraTS20_Training_245,0.7543408,0.7599868,0.5023754,0.5023754,0.6722343762715658
HG_BraTS20_Training_246,0.77429444,0.5729407,0.4003152,0.4003152,0.5825167894363403
HG_BraTS20_Training_336,0.9413919,0.8959965,0.6080343,0.6080343,0.8151408831278483
HG_BraTS20_Training_338,0.9107523,0.79368925,0.5095167,0.5095167,0.7379860877990723
HG_BraTS20_Training_344,0.911858,0.7922686,0.41827947,0.41827947,0.7074686686197916
HG_BraTS20_Training_352,0.9229704,0.4375391,0.44085327,0.44085327,0.6004542509714762
LG_BraTS20_Training_262,0.8710067,0.23204659,4.7612245e-13,4.7612245e-13,0.36768444379170734
LG_BraTS20_Training_275,0.80697805,0.24503501,4.47828e-12,4.47828e-12,0.3506710131963094
LG_BraTS20_Training_278,0.8229932,0.46589002,9.109127e-13,9.109127e-13,0.4296277364095052
LG_BraTS20_Training_283,0.9334218,0.43138564,0.37528485,0.37528485,0.5800307591756185
LG_BraTS20_Training_291,0.95299745,0.7090982,0.0073654586,0.0073654586,0.5564870436986288
LG_BraTS20_Training_292,0.921744,0.8230595,0.23164305,0.23164305,0.6588155031204224
LG_BraTS20_Training_294,0.9218161,0.719294,7.7549436e-13,7.7549436e-13,0.5470367272694906
LG_BraTS20_Training_297,0.6558468,0.66031116,3.3500837e-12,3.3500837e-12,0.43871931234995526
LG_BraTS20_Training_310,0.9170728,0.81552434,4.280089e-13,4.280089e-13,0.5775323708852133
LG_BraTS20_Training_324,0.8812175,0.3047823,1.6361257e-12,1.6361257e-12,0.3953332503636678
t1t2
HG_BraTS20_Training_010,0.7600017,0.6582065,0.28812957,0.28812957,0.5687792698542277
HG_BraTS20_Training_012,0.86121863,0.7873441,0.655297,0.655297,0.7679532368977865
HG_BraTS20_Training_020,0.8759432,0.7551189,0.35851133,0.35851133,0.6631911198298136
HG_BraTS20_Training_070,0.8647053,0.706502,0.32812697,0.32812697,0.6331113974253336
HG_BraTS20_Training_089,0.8431472,0.46722063,0.3764706,0.3764706,0.562279462814331
HG_BraTS20_Training_119,0.6759106,0.7440915,0.46759927,0.46759927,0.6292004585266113
HG_BraTS20_Training_124,0.91989934,0.7059232,0.42537597,0.42537597,0.683732827504476
HG_BraTS20_Training_128,0.80238706,0.25517166,0.20498687,0.20498687,0.4208485285441081
HG_BraTS20_Training_134,0.802429,0.666696,0.2857254,0.2857254,0.5849501291910807
HG_BraTS20_Training_140,0.9395059,0.8428035,0.3885497,0.3885497,0.7236196200052897
HG_BraTS20_Training_150,0.87523144,0.82222545,0.6917086,0.6917086,0.7963884671529134
HG_BraTS20_Training_180,0.67388296,0.45375514,0.35370317,0.35370317,0.4937804142634074
HG_BraTS20_Training_188,0.6945892,0.74074763,0.59852356,0.59852356,0.6779534816741943
HG_BraTS20_Training_191,0.9195581,0.34275222,0.2978234,0.2978234,0.5200445652008057
HG_BraTS20_Training_201,0.9047613,0.89558315,0.7603868,0.7603868,0.8535771369934082
HG_BraTS20_Training_211,0.83590496,0.83773875,0.60207254,0.60207254,0.7585721015930176
HG_BraTS20_Training_212,0.8520046,0.70530146,0.41584897,0.41584897,0.6577183405558268
HG_BraTS20_Training_226,0.8791189,0.81931865,0.41853812,0.41853812,0.7056585947672526
HG_BraTS20_Training_232,0.71653956,0.4909867,0.33349934,0.33349934,0.5136751731236776
HG_BraTS20_Training_241,0.8706198,0.6791659,0.5588387,0.5588387,0.7028748194376627
HG_BraTS20_Training_245,0.8793656,0.8164541,0.6165487,0.6165487,0.7707894643147787
HG_BraTS20_Training_246,0.8716423,0.776368,0.5377765,0.5377765,0.7285955746968588
HG_BraTS20_Training_336,0.9244601,0.854279,0.5937608,0.5937608,0.790833314259847
HG_BraTS20_Training_338,0.9205379,0.74633956,0.48715872,0.48715872,0.7180120944976807
HG_BraTS20_Training_344,0.8870404,0.7807958,0.4745327,0.4745327,0.7141229311625162
HG_BraTS20_Training_352,0.90070933,0.45809266,0.5265531,0.5265531,0.6284516652425131
LG_BraTS20_Training_262,0.8660398,0.47837824,1.1026574e-12,1.1026574e-12,0.44813934961954754
LG_BraTS20_Training_275,0.6513099,0.17590038,6.4350066e-12,6.4350066e-12,0.2757367690404256
LG_BraTS20_Training_278,0.7283782,0.2850163,9.731413e-13,9.731413e-13,0.33779815832773846
LG_BraTS20_Training_283,0.9009072,0.3801712,0.39104763,0.39104763,0.5573753515879313
LG_BraTS20_Training_291,0.9372652,0.73565483,0.00926194,0.00926194,0.5607273181279501
LG_BraTS20_Training_292,0.8901588,0.76477057,0.27371395,0.27371395,0.6428811152776083
LG_BraTS20_Training_294,0.88054454,0.6167763,1.0267994e-12,1.0267994e-12,0.49910696347554523
LG_BraTS20_Training_297,0.6902534,0.723727,2.1872265e-12,2.1872265e-12,0.4713267882664998
LG_BraTS20_Training_310,0.868248,0.74985766,5.9203125e-13,5.9203125e-13,0.5393685499827067
LG_BraTS20_Training_324,0.83055025,0.24442784,1.9904458e-12,1.9904458e-12,0.3583260377248128
flairt1
HG_BraTS20_Training_010,0.7122331,0.6650392,0.38553408,0.38553408,0.5876021385192871
HG_BraTS20_Training_012,0.8542329,0.7696592,0.59323835,0.59323835,0.7390434741973877
HG_BraTS20_Training_020,0.89293647,0.8029124,0.36542475,0.36542475,0.6870911916097006
HG_BraTS20_Training_070,0.90605336,0.72327936,0.33603993,0.33603993,0.6551242272059122
HG_BraTS20_Training_089,0.84942937,0.45431498,0.41073602,0.41073602,0.5714934666951498
HG_BraTS20_Training_119,0.6838944,0.83579934,0.5669042,0.5669042,0.6955326398213705
HG_BraTS20_Training_124,0.938981,0.71256584,0.45339537,0.45339537,0.7016474405924479
HG_BraTS20_Training_128,0.86239123,0.29696092,0.28952262,0.28952262,0.48295827706654865
HG_BraTS20_Training_134,0.68914044,0.28163272,0.12117593,0.12117593,0.36398303508758545
HG_BraTS20_Training_140,0.94746095,0.8520437,0.4587358,0.4587358,0.7527468204498291
HG_BraTS20_Training_150,0.9049461,0.6904862,0.56596833,0.56596833,0.7204668521881104
HG_BraTS20_Training_180,0.73506445,0.6589549,0.5526142,0.5526142,0.6488778591156006
HG_BraTS20_Training_188,0.7446611,0.5772554,0.44052067,0.44052067,0.5874790747960409
HG_BraTS20_Training_191,0.9267077,0.49908707,0.4493494,0.4493494,0.625048041343689
HG_BraTS20_Training_201,0.92282903,0.8730983,0.7463537,0.7463537,0.847426970799764
HG_BraTS20_Training_211,0.843174,0.7435056,0.5708408,0.5708408,0.7191734313964844
HG_BraTS20_Training_212,0.7758088,0.5318355,0.30650142,0.30650142,0.5380485852559408
HG_BraTS20_Training_226,0.8710859,0.80656683,0.49006122,0.49006122,0.7225712935129801
HG_BraTS20_Training_232,0.87535095,0.4313354,0.29247156,0.29247156,0.5330526431401571
HG_BraTS20_Training_241,0.8707715,0.5437116,0.4236813,0.4236813,0.6127214431762695
HG_BraTS20_Training_245,0.89114326,0.8293316,0.6077701,0.6077701,0.7760816415150961
HG_BraTS20_Training_246,0.82901454,0.5123009,0.29923642,0.29923642,0.5468506415685018
HG_BraTS20_Training_336,0.94392455,0.9079441,0.7020287,0.7020287,0.8512991269429525
HG_BraTS20_Training_338,0.8770356,0.73200285,0.5265357,0.5265357,0.7118580341339111
HG_BraTS20_Training_344,0.91085285,0.7790844,0.53261995,0.53261995,0.7408523559570312
HG_BraTS20_Training_352,0.86839867,0.47173232,0.44875878,0.44875878,0.5962966283162435
LG_BraTS20_Training_262,0.8770796,0.46956792,1.0318853e-12,1.0318853e-12,0.4488825003306071
LG_BraTS20_Training_275,0.7738167,0.20072392,6.253909e-12,6.253909e-12,0.32484686374664307
LG_BraTS20_Training_278,0.8289428,0.5077492,6.1046334e-13,6.1046334e-13,0.4455639918645223
LG_BraTS20_Training_283,0.9206648,0.3165291,0.3173933,0.3173933,0.5181957085927328
LG_BraTS20_Training_291,0.92264414,0.7206325,0.0043929066,0.0043929066,0.5492231845855713
LG_BraTS20_Training_292,0.8636057,0.75049216,0.17262895,0.17262895,0.5955756107966105
LG_BraTS20_Training_294,0.87720394,0.5511478,4.631774e-13,4.631774e-13,0.47611725330352783
LG_BraTS20_Training_297,0.50052637,0.3502563,2.2104332e-12,2.2104332e-12,0.28359421094258624
LG_BraTS20_Training_310,0.9188081,0.7879013,3.2039985e-13,3.2039985e-13,0.5689031283060709
LG_BraTS20_Training_324,0.87734866,0.47451198,1.842299e-12,1.842299e-12,0.45062021414438885
t1cet1
HG_BraTS20_Training_010,0.5498106,0.8610243,0.87227416,0.87227416,0.7610363960266113
HG_BraTS20_Training_012,0.7440759,0.8638414,0.7981082,0.7981082,0.8020084698994955
HG_BraTS20_Training_020,0.79303813,0.7108763,0.6068119,0.6068119,0.7035754521687826
HG_BraTS20_Training_070,0.7260572,0.7654747,0.63157517,0.63157517,0.7077023188273112
HG_BraTS20_Training_089,0.7553265,0.8043503,0.8995068,0.8995068,0.819727897644043
HG_BraTS20_Training_119,0.5701927,0.88884825,0.78585577,0.78585577,0.7482988834381104
HG_BraTS20_Training_124,0.77526665,0.85685563,0.7922163,0.7922163,0.8081128597259521
HG_BraTS20_Training_128,0.29429886,0.2695395,0.26229507,0.26229507,0.2753778100013733
HG_BraTS20_Training_134,0.8019825,0.8372912,0.70045054,0.70045054,0.779908021291097
HG_BraTS20_Training_140,0.87940127,0.91789716,0.8470037,0.8470037,0.8814340432484945
HG_BraTS20_Training_150,0.8489351,0.9448267,0.93606305,0.93606305,0.9099416732788086
HG_BraTS20_Training_180,0.76446974,0.9220083,0.89143485,0.89143485,0.8593042691548666
HG_BraTS20_Training_188,0.56320745,0.8233779,0.7563066,0.7563066,0.7142972946166992
HG_BraTS20_Training_191,0.7559197,0.78239745,0.7808103,0.7808103,0.7730425198872884
HG_BraTS20_Training_201,0.83273983,0.93741786,0.86633486,0.86633486,0.8788308302561442
HG_BraTS20_Training_211,0.7523757,0.93221664,0.8493177,0.8493177,0.8446366786956787
HG_BraTS20_Training_212,0.6705138,0.6036819,0.6383551,0.6383551,0.6375168959299723
HG_BraTS20_Training_226,0.69697964,0.9181073,0.8874526,0.8874526,0.8341798782348633
HG_BraTS20_Training_232,0.6556601,0.8161084,0.788175,0.788175,0.7533144950866699
HG_BraTS20_Training_241,0.81276155,0.8281164,0.780708,0.780708,0.8071953455607096
HG_BraTS20_Training_245,0.8362222,0.7915346,0.7758745,0.7758745,0.8012104034423828
HG_BraTS20_Training_246,0.76640964,0.81777525,0.84395677,0.84395677,0.8093805313110352
HG_BraTS20_Training_336,0.85468936,0.9135357,0.83805686,0.83805686,0.8687606652577718
HG_BraTS20_Training_338,0.84060884,0.94912,0.91231686,0.91231686,0.9006818930308024
HG_BraTS20_Training_344,0.7951008,0.6220266,0.6643928,0.6643928,0.6938400268554688
HG_BraTS20_Training_352,0.75070673,0.8315563,0.8732984,0.8732984,0.8185204664866129
LG_BraTS20_Training_262,0.69765633,0.26744696,2.1929824e-11,1.0,0.32170108954111737
LG_BraTS20_Training_275,0.23215678,0.002220783,4e-11,1.0,0.07812585433324178
LG_BraTS20_Training_278,0.1268514,1.6060645e-13,4.2973784e-12,4.2973784e-12,0.042283798257509865
LG_BraTS20_Training_283,0.6429358,0.7954126,0.7915715,0.7915715,0.7433066368103027
LG_BraTS20_Training_291,0.6437741,0.40739265,8.7796315e-12,8.7796315e-12,0.3503889242808024
LG_BraTS20_Training_292,0.7694095,0.5706458,0.63948554,0.63948554,0.6598469416300455
LG_BraTS20_Training_294,0.70999694,0.024796067,2.2421525e-11,1.0,0.24493100245793661
LG_BraTS20_Training_297,0.08886224,0.0058569917,1.0,1.0,0.36490639050801593
LG_BraTS20_Training_310,0.6950698,0.2424961,1.8378975e-12,1.8378975e-12,0.3125219742457072
LG_BraTS20_Training_324,0.6537896,0.0007226945,4.5024765e-12,4.5024765e-12,0.21817076206207275
t1cet2
HG_BraTS20_Training_010,0.71347076,0.8528024,0.8659337,0.8659337,0.8107356230417887
HG_BraTS20_Training_012,0.8321834,0.8428177,0.7757367,0.7757367,0.8169126510620117
HG_BraTS20_Training_020,0.8714647,0.78290963,0.6031627,0.6031627,0.7525123755137125
HG_BraTS20_Training_070,0.84400016,0.83388054,0.6616719,0.6616719,0.7798508803049723
HG_BraTS20_Training_089,0.8434062,0.6316281,0.904369,0.904369,0.7931343714396158
HG_BraTS20_Training_119,0.6801397,0.8824341,0.7855753,0.7855753,0.782716433207194
HG_BraTS20_Training_124,0.92296314,0.9195317,0.86199594,0.86199594,0.9014968872070312
HG_BraTS20_Training_128,0.6551631,0.60807973,0.603137,0.603137,0.6221266190210978
HG_BraTS20_Training_134,0.86627686,0.89039665,0.73281854,0.73281854,0.8298307259877523
HG_BraTS20_Training_140,0.93994725,0.9282256,0.85619825,0.85619825,0.9081237316131592
HG_BraTS20_Training_150,0.8846388,0.9395207,0.9307448,0.9307448,0.9183014233907064
HG_BraTS20_Training_180,0.70021635,0.7540655,0.8468463,0.8468463,0.7670427163441976
HG_BraTS20_Training_188,0.66815054,0.80719817,0.73723304,0.73723304,0.7375272115071615
HG_BraTS20_Training_191,0.91051257,0.8523528,0.8461558,0.8461558,0.8696737289428711
HG_BraTS20_Training_201,0.89161044,0.9220579,0.85811293,0.85811293,0.8905937671661377
HG_BraTS20_Training_211,0.8388028,0.93369097,0.8526173,0.8526173,0.8750370343526205
HG_BraTS20_Training_212,0.83525664,0.75208557,0.6603373,0.6603373,0.7492265701293945
HG_BraTS20_Training_226,0.8670602,0.90090287,0.878504,0.878504,0.8821556568145752
HG_BraTS20_Training_232,0.6837096,0.79833734,0.78649724,0.78649724,0.7561813990275065
HG_BraTS20_Training_241,0.84221536,0.7376494,0.72985476,0.72985476,0.7699065208435059
HG_BraTS20_Training_245,0.80709845,0.7817209,0.7744106,0.7744106,0.7877432505289713
HG_BraTS20_Training_246,0.8596195,0.79977787,0.81671387,0.81671387,0.8253703912099203
HG_BraTS20_Training_336,0.9346726,0.9441967,0.8878466,0.8878466,0.9222386678059896
HG_BraTS20_Training_338,0.9146651,0.95292985,0.914677,0.914677,0.9274239540100098
HG_BraTS20_Training_344,0.85805905,0.58673376,0.6546607,0.6546607,0.6998178164164225
HG_BraTS20_Training_352,0.9050741,0.83747953,0.88134694,0.88134694,0.8746335506439209
LG_BraTS20_Training_262,0.8653809,0.5633717,3.9619653e-12,3.9619653e-12,0.47625088691711426
LG_BraTS20_Training_275,0.5806692,0.14662571,6.3051704e-12,6.3051704e-12,0.242431640625
LG_BraTS20_Training_278,0.6722964,0.0883509,3.690037e-12,3.690037e-12,0.25354909896850586
LG_BraTS20_Training_283,0.88566273,0.7591485,0.8201419,0.8201419,0.8216509819030762
LG_BraTS20_Training_291,0.9264378,0.73572403,0.026924586,0.026924586,0.5630288124084473
LG_BraTS20_Training_292,0.894221,0.7310255,0.586808,0.586808,0.7373514970143636
LG_BraTS20_Training_294,0.89449346,0.50265825,2.8105678e-12,2.8105678e-12,0.46571723620096844
LG_BraTS20_Training_297,0.6695393,0.66316915,6.443299e-12,6.443299e-12,0.4442361195882161
LG_BraTS20_Training_310,0.85656214,0.6196252,9.260974e-13,9.260974e-13,0.49206244945526123
LG_BraTS20_Training_324,0.8079581,0.07369038,1.3513513e-11,1.3513513e-11,0.2938828269640605
flair
HG_BraTS20_Training_010,0.68124896,0.7161151,0.48869658,0.48869658,0.6286869049072266
HG_BraTS20_Training_012,0.842674,0.685103,0.43553936,0.43553936,0.6544387737909952
HG_BraTS20_Training_020,0.8945974,0.8032035,0.34617925,0.34617925,0.681326707204183
HG_BraTS20_Training_070,0.8890349,0.46364236,0.15876679,0.15876679,0.503814697265625
HG_BraTS20_Training_089,0.8463594,0.5243671,0.43211716,0.43211716,0.6009478569030762
HG_BraTS20_Training_119,0.6843091,0.81334144,0.56616634,0.56616634,0.6879390080769857
HG_BraTS20_Training_124,0.9427704,0.7667013,0.40825474,0.40825474,0.7059087753295898
HG_BraTS20_Training_128,0.8819874,0.22974752,0.22504279,0.22504279,0.44559256235758465
HG_BraTS20_Training_134,0.66588026,0.20223163,0.119666226,0.119666226,0.3292593757311503
HG_BraTS20_Training_140,0.9526483,0.8238577,0.54850906,0.54850906,0.775005022684733
HG_BraTS20_Training_150,0.8364072,0.59715444,0.31394547,0.31394547,0.5825023651123047
HG_BraTS20_Training_180,0.75150275,0.6620879,0.57094294,0.57094294,0.6615111827850342
HG_BraTS20_Training_188,0.5334072,0.038927175,0.035111718,0.035111718,0.20248204469680786
HG_BraTS20_Training_191,0.9297128,0.60129434,0.40409058,0.40409058,0.6450325647989908
HG_BraTS20_Training_201,0.92875445,0.87408,0.6457989,0.6457989,0.8162111441294352
HG_BraTS20_Training_211,0.7731982,0.5121035,0.21599843,0.21599843,0.5004333655039469
HG_BraTS20_Training_212,0.7397293,0.51464885,0.2234821,0.2234821,0.4926200707753499
HG_BraTS20_Training_226,0.87959826,0.7347401,0.5824786,0.5824786,0.7322723070780436
HG_BraTS20_Training_232,0.8603271,0.3026895,0.22948341,0.22948341,0.46416664123535156
HG_BraTS20_Training_241,0.8279705,0.12937197,0.0735947,0.0735947,0.34364573160807294
HG_BraTS20_Training_245,0.68805784,0.6801079,0.55043447,0.55043447,0.6395334005355835
HG_BraTS20_Training_246,0.7615669,0.28613555,0.29379204,0.29379204,0.4471648136774699
HG_BraTS20_Training_336,0.94285285,0.8802105,0.5957125,0.5957125,0.8062585989634196
HG_BraTS20_Training_338,0.84976876,0.6622105,0.43433914,0.43433914,0.6487728357315063
HG_BraTS20_Training_344,0.9107923,0.72122675,0.46463326,0.46463326,0.6988840897878011
HG_BraTS20_Training_352,0.6080338,0.381353,0.33877406,0.33877406,0.44272029399871826
LG_BraTS20_Training_262,0.87481475,0.29539737,6.3759246e-13,6.3759246e-13,0.39007071654001874
LG_BraTS20_Training_275,0.7545755,0.18236308,3.7835794e-12,3.7835794e-12,0.3123128612836202
LG_BraTS20_Training_278,0.82232106,0.41325417,8.345852e-13,8.345852e-13,0.41185839970906574
LG_BraTS20_Training_283,0.93394655,0.45857888,0.36198333,0.36198333,0.5848362445831299
LG_BraTS20_Training_291,0.922567,0.74698794,0.002947773,0.002947773,0.5575009187062582
LG_BraTS20_Training_292,0.6245497,0.11055138,0.17537092,0.17537092,0.30349065860112506
LG_BraTS20_Training_294,0.8015128,0.42282078,8.9229947e-13,8.9229947e-13,0.4081111749013265
LG_BraTS20_Training_297,0.17068884,4.0793017e-13,1.0,1.0,0.3902296225229899
LG_BraTS20_Training_310,0.9078546,0.74172825,2.514142e-13,2.514142e-13,0.549860954284668
LG_BraTS20_Training_324,0.8661934,0.28546014,1.7334027e-12,1.7334027e-12,0.3838845094045003
t1
HG_BraTS20_Training_010,0.56966674,0.5761339,0.32619125,0.32619125,0.49066392580668133
HG_BraTS20_Training_012,0.7872854,0.78415656,0.6684369,0.6684369,0.7466262181599935
HG_BraTS20_Training_020,0.8428414,0.5758384,0.24404085,0.24404085,0.5542401870091757
HG_BraTS20_Training_070,0.8056227,0.7307637,0.346556,0.346556,0.6276474793752035
HG_BraTS20_Training_089,0.76448244,0.5020162,0.47519875,0.47519875,0.5805657704671224
HG_BraTS20_Training_119,0.6090754,0.74714714,0.4792531,0.4792531,0.6118252277374268
HG_BraTS20_Training_124,0.8125196,0.6484366,0.39063168,0.39063168,0.6171959638595581
HG_BraTS20_Training_128,0.22740456,7.1479628e-12,7.788162e-12,7.836991e-12,0.07580152153968811
HG_BraTS20_Training_134,0.45220515,0.37013853,0.08311196,0.08311196,0.3018185496330261
HG_BraTS20_Training_140,0.84410286,0.77687925,0.2013244,0.2013244,0.6074355443318685
HG_BraTS20_Training_150,0.7880345,0.7623999,0.5904631,0.5904631,0.7136325041453043
HG_BraTS20_Training_180,0.6493667,0.4134755,0.28818753,0.28818753,0.45034321149190265
HG_BraTS20_Training_188,0.5386292,0.61757785,0.46064904,0.46064904,0.5389520327250162
HG_BraTS20_Training_191,0.7510118,0.20024252,0.17297952,0.17297952,0.37474461396535236
HG_BraTS20_Training_201,0.8251785,0.72176534,0.58568317,0.58568317,0.710875670115153
HG_BraTS20_Training_211,0.70885986,0.80093926,0.59732187,0.59732187,0.7023736635843912
HG_BraTS20_Training_212,0.7131518,0.55017895,0.3103367,0.3103367,0.5245558023452759
HG_BraTS20_Training_226,0.7953717,0.7971543,0.424487,0.424487,0.6723376909891764
HG_BraTS20_Training_232,0.67281294,0.4380591,0.27855527,0.27855527,0.4631424347559611
HG_BraTS20_Training_241,0.8066448,0.57525223,0.37076974,0.37076974,0.5842222372690836
HG_BraTS20_Training_245,0.80067724,0.65688276,0.54458135,0.54458135,0.6673804918924967
HG_BraTS20_Training_246,0.8053014,0.5448588,0.31173894,0.31173894,0.5539664030075073
HG_BraTS20_Training_336,0.8602572,0.8462125,0.6017286,0.6017286,0.7693994839986166
HG_BraTS20_Training_338,0.8125166,0.71840405,0.50444126,0.50444126,0.6784540017445883
HG_BraTS20_Training_344,0.817024,0.8237379,0.53794456,0.53794456,0.7262354691823324
HG_BraTS20_Training_352,0.77772826,0.3660474,0.51592183,0.51592183,0.5532325108846029
LG_BraTS20_Training_262,0.63331634,0.6776768,5.3475935e-12,5.3475935e-12,0.4369977315266927
LG_BraTS20_Training_275,0.16562547,9.366804e-13,8.403361e-11,1.0,0.055208489298820496
LG_BraTS20_Training_278,0.5010814,0.25447252,1.3603591e-12,1.3603591e-12,0.25185132026672363
LG_BraTS20_Training_283,2.1534552e-13,8.7504374e-13,8.865248e-13,8.865248e-13,6.589713583832202e-13
LG_BraTS20_Training_291,0.82091904,0.6860855,0.006205315,0.006205315,0.504403273264567
LG_BraTS20_Training_292,0.8054039,0.80724823,0.1956622,0.1956622,0.6027714411417643
LG_BraTS20_Training_294,0.7562023,0.6022061,7.150007e-13,7.150007e-13,0.4528028170267741
LG_BraTS20_Training_297,0.34071892,0.52302253,3.2541491e-12,3.2541491e-12,0.2879138191541036
LG_BraTS20_Training_310,0.83276844,0.6977561,4.4404972e-13,4.4404972e-13,0.510174830754598
LG_BraTS20_Training_324,0.648755,0.32392627,1.4952153e-12,1.4952153e-12,0.32422709465026855
t1c
HG_BraTS20_Training_010,0.48455486,0.83816016,0.8755344,0.8755344,0.7327497800191244
HG_BraTS20_Training_012,0.7029777,0.84854347,0.79574436,0.79574436,0.7824218273162842
HG_BraTS20_Training_020,0.74317133,0.7151896,0.5882353,0.5882353,0.6821987628936768
HG_BraTS20_Training_070,0.53422844,0.67998505,0.61759776,0.61759776,0.6106037298838297
HG_BraTS20_Training_089,0.657261,0.6477987,0.93197334,0.93197334,0.745677630106608
HG_BraTS20_Training_119,0.548242,0.85694593,0.77306235,0.77306235,0.7260834376017252
HG_BraTS20_Training_124,0.6299921,0.6698663,0.684753,0.684753,0.6615371704101562
HG_BraTS20_Training_128,0.0001737871,0.004118051,0.004470939,7.836991e-12,0.0029209256172180176
HG_BraTS20_Training_134,0.768043,0.8287128,0.73829174,0.73829174,0.7783491611480713
HG_BraTS20_Training_140,0.8591508,0.8932403,0.8497245,0.8497245,0.8673718770345052
HG_BraTS20_Training_150,0.8359825,0.94945663,0.93798506,0.93798506,0.9078080654144287
HG_BraTS20_Training_180,0.7638735,0.9233437,0.8878022,0.8878022,0.858339786529541
HG_BraTS20_Training_188,0.5124734,0.8333004,0.7716099,0.7716099,0.7057945728302002
HG_BraTS20_Training_191,0.72227526,0.8031968,0.8005336,0.8005336,0.7753352324167887
HG_BraTS20_Training_201,0.7972544,0.9214656,0.84927785,0.84927785,0.8559993108113607
HG_BraTS20_Training_211,0.73836446,0.9281377,0.84865403,0.84865403,0.8383854230244955
HG_BraTS20_Training_212,0.5360444,0.45697063,0.55868024,0.55868024,0.5172317822774252
HG_BraTS20_Training_226,0.7238706,0.90965456,0.885769,0.885769,0.8397647539774576
HG_BraTS20_Training_232,0.6100461,0.80081826,0.7989711,0.7989711,0.7366118431091309
HG_BraTS20_Training_241,0.61783385,0.7182221,0.67946345,0.67946345,0.6718397935231527
HG_BraTS20_Training_245,0.74917763,0.7249449,0.7285736,0.7285736,0.7342320283253988
HG_BraTS20_Training_246,0.6157761,0.60594475,0.8550395,0.8550395,0.6922534306844076
HG_BraTS20_Training_336,0.84745914,0.92372966,0.84835297,0.84835297,0.8731805483500162
HG_BraTS20_Training_338,0.8397485,0.9426086,0.909731,0.909731,0.8973627090454102
HG_BraTS20_Training_344,0.75470513,0.55710506,0.6216882,0.6216882,0.6444994608561198
HG_BraTS20_Training_352,0.7546344,0.794177,0.88336694,0.88336694,0.8107261657714844
LG_BraTS20_Training_262,0.7192951,0.62486124,5.8685444e-12,5.8685444e-12,0.4480520884195964
LG_BraTS20_Training_275,0.036494285,9.472388e-13,1.0,1.0,0.34549808502197266
LG_BraTS20_Training_278,0.060686164,1.5684306e-13,3.3079722e-12,3.3079722e-12,0.02022872120141983
LG_BraTS20_Training_283,0.59625447,0.815759,0.8162777,0.8162777,0.7427637577056885
LG_BraTS20_Training_291,0.52956665,0.51689035,7.8125e-12,7.8125e-12,0.3488190174102783
LG_BraTS20_Training_292,0.76960194,0.77631605,0.46710527,0.46710527,0.6710077921549479
LG_BraTS20_Training_294,0.48742568,0.13265187,1.4064697e-11,1.4064697e-11,0.20669251680374146
LG_BraTS20_Training_297,0.02838747,0.06355096,1e-08,1.0,0.030646145343780518
LG_BraTS20_Training_310,0.6279677,0.4417175,1.0362694e-12,1.0362694e-12,0.35656174023946124
LG_BraTS20_Training_324,0.6392317,0.003100882,1.9033117e-12,1.9033117e-12,0.2141108512878418
t2
HG_BraTS20_Training_010,0.71987295,0.6122449,0.46179333,0.46179333,0.5979703664779663
HG_BraTS20_Training_012,0.82691455,0.74275887,0.5716369,0.5716369,0.7137700716654459
HG_BraTS20_Training_020,0.8684759,0.71501297,0.34957713,0.34957713,0.6443553765614828
HG_BraTS20_Training_070,0.8494709,0.536835,0.19088179,0.19088179,0.525729258855184
HG_BraTS20_Training_089,0.84116644,0.48440194,0.41792506,0.41792506,0.5811645189921061
HG_BraTS20_Training_119,0.68851274,0.56507343,0.25780433,0.25780433,0.5037968158721924
HG_BraTS20_Training_124,0.9144226,0.7304453,0.4234139,0.4234139,0.6894272963205973
HG_BraTS20_Training_128,0.70114625,0.17812155,0.17438692,0.17438692,0.35121822357177734
HG_BraTS20_Training_134,0.7878832,0.49199232,0.25699842,0.25699842,0.5122913122177124
HG_BraTS20_Training_140,0.9360996,0.8561437,0.47524613,0.47524613,0.7558298110961914
HG_BraTS20_Training_150,0.87301266,0.7351811,0.6265835,0.6265835,0.7449257373809814
HG_BraTS20_Training_180,0.6452215,0.45516893,0.22690761,0.22690761,0.4424326817194621
HG_BraTS20_Training_188,0.6684026,0.75891393,0.59421444,0.59421444,0.6738437016805013
HG_BraTS20_Training_191,0.92014676,0.37119484,0.24694754,0.24694754,0.5127630233764648
HG_BraTS20_Training_201,0.89588743,0.8637574,0.6846479,0.6846479,0.8147641817728678
HG_BraTS20_Training_211,0.82989293,0.83017755,0.6043371,0.6043371,0.7548025449117025
HG_BraTS20_Training_212,0.88446575,0.7327289,0.39089313,0.39089313,0.6693626244862875
HG_BraTS20_Training_226,0.8771361,0.7733469,0.35587177,0.35587177,0.6687849362691244
HG_BraTS20_Training_232,0.68315214,0.44557944,0.30961576,0.30961576,0.4794491132100423
HG_BraTS20_Training_241,0.8471415,0.4557484,0.36854267,0.36854267,0.5571442047754923
HG_BraTS20_Training_245,0.7499329,0.74909985,0.48272434,0.48272434,0.6605856815973917
HG_BraTS20_Training_246,0.82848483,0.70663077,0.46600553,0.46600553,0.6670403480529785
HG_BraTS20_Training_336,0.93235254,0.8343037,0.55540854,0.55540854,0.7740215460459391
HG_BraTS20_Training_338,0.90453863,0.68601584,0.42384884,0.42384884,0.6714677810668945
HG_BraTS20_Training_344,0.8624281,0.6411835,0.38859284,0.38859284,0.6307348012924194
HG_BraTS20_Training_352,0.8932792,0.52749854,0.36442178,0.36442178,0.5950665473937988
LG_BraTS20_Training_262,0.8600923,0.25033882,5.3960715e-13,5.3960715e-13,0.37014369169871014
LG_BraTS20_Training_275,0.6318567,0.105246864,6.8259387e-12,6.8259387e-12,0.24570117394129434
LG_BraTS20_Training_278,0.7249332,0.2415304,1.9688914e-12,1.9688914e-12,0.3221545418103536
LG_BraTS20_Training_283,0.8723769,0.40799466,0.34777543,0.34777543,0.5427156686782837
LG_BraTS20_Training_291,0.9367951,0.7424622,0.010905949,0.010905949,0.5633877913157145
LG_BraTS20_Training_292,0.89326495,0.32765627,0.27341253,0.27341253,0.4981112480163574
LG_BraTS20_Training_294,0.85123926,0.5422197,1.55376e-12,1.55376e-12,0.4644863208134969
LG_BraTS20_Training_297,0.66415507,0.50569063,1.7574692e-11,1.7574692e-11,0.389948566754659
LG_BraTS20_Training_310,0.86273825,0.7195335,1.115449e-12,1.115449e-12,0.5274239381154379
LG_BraTS20_Training_324,0.83015424,0.16881782,2.1872265e-12,2.1872265e-12,0.33299068609873456
WT Dice,TC Dice,ET Dice,ETPro Dice,WT HD95,TC HD95,ET HD95ETPro HD95
flairt1cet1t2
HG_BraTS20_Training_010,0.7299643,0.8267545,0.86736166,0.86736166,0.8080267906188965
HG_BraTS20_Training_012,0.8519828,0.84005916,0.7559311,0.7559311,0.8159910043080648
HG_BraTS20_Training_020,0.8992708,0.82475793,0.61640364,0.61640364,0.7801441351572672
HG_BraTS20_Training_070,0.90838456,0.8275397,0.6522713,0.6522713,0.7960651715596517
HG_BraTS20_Training_089,0.8473863,0.53527224,0.8661429,0.8661429,0.7496004899342855
HG_BraTS20_Training_119,0.6797326,0.8808975,0.7347917,0.7347917,0.7651406129201254
HG_BraTS20_Training_124,0.95070475,0.91746324,0.8537226,0.8537226,0.9072968165079752
HG_BraTS20_Training_128,0.8687313,0.3929423,0.426385,0.426385,0.5626862049102783
HG_BraTS20_Training_134,0.85620004,0.84265184,0.72591597,0.72591597,0.8082559108734131
HG_BraTS20_Training_140,0.95410097,0.924223,0.8484525,0.8484525,0.9089255332946777
HG_BraTS20_Training_150,0.93677753,0.9246552,0.9432655,0.9432655,0.9348994096120199
HG_BraTS20_Training_180,0.73544854,0.80545825,0.8656311,0.8656311,0.8021793365478516
HG_BraTS20_Training_188,0.7535121,0.7941135,0.73608005,0.73608005,0.761235237121582
HG_BraTS20_Training_191,0.933593,0.8081336,0.7675672,0.7675672,0.8364312648773193
HG_BraTS20_Training_201,0.91705567,0.9386687,0.8525908,0.8525908,0.9027717113494873
HG_BraTS20_Training_211,0.874431,0.92916054,0.8499407,0.8499407,0.8845107555389404
HG_BraTS20_Training_212,0.8758532,0.7658077,0.6688275,0.6688275,0.77016282081604
HG_BraTS20_Training_226,0.90062356,0.91204435,0.8869687,0.8869687,0.8998788197835287
HG_BraTS20_Training_232,0.744317,0.78617656,0.7576848,0.7576848,0.7627261479695638
HG_BraTS20_Training_241,0.87943023,0.82236034,0.78900915,0.78900915,0.83026655515035
HG_BraTS20_Training_245,0.8603901,0.8196478,0.80628693,0.80628693,0.8287749290466309
HG_BraTS20_Training_246,0.84112,0.75511104,0.7664834,0.7664834,0.7875714302062988
HG_BraTS20_Training_336,0.94875747,0.9435405,0.87601143,0.87601143,0.9227697849273682
HG_BraTS20_Training_338,0.9285426,0.9578157,0.9179011,0.9179011,0.9347531000773112
HG_BraTS20_Training_344,0.8973612,0.6984064,0.6599496,0.6599496,0.7519057591756185
HG_BraTS20_Training_352,0.9442992,0.5639958,0.86495453,0.86495453,0.7910831769307455
LG_BraTS20_Training_262,0.8826591,0.49787837,4.3802015e-12,4.3802015e-12,0.4601791699727376
LG_BraTS20_Training_275,0.7538893,0.07192908,7.843138e-12,7.843138e-12,0.27527280648549396
LG_BraTS20_Training_278,0.81700575,0.13971505,4.428698e-12,4.428698e-12,0.3189069430033366
LG_BraTS20_Training_283,0.9364387,0.6426273,0.67234087,0.67234087,0.7504689693450928
LG_BraTS20_Training_291,0.9444848,0.73959136,0.031415243,0.031415243,0.5718304316202799
LG_BraTS20_Training_292,0.9171199,0.8442433,0.54023856,0.54023856,0.7672006289164225
LG_BraTS20_Training_294,0.93151456,0.7003805,4.7348484e-12,4.7348484e-12,0.5439650217692057
LG_BraTS20_Training_297,0.6364209,0.6652057,2.3752968e-11,1.0,0.43387556076049805
LG_BraTS20_Training_310,0.92058086,0.78362745,1.0132739e-12,1.0132739e-12,0.5680694580078125
LG_BraTS20_Training_324,0.89689225,0.061075106,1.3966481e-11,1.3966481e-11,0.31932244698206586
t1cet1t2
HG_BraTS20_Training_010,0.7288646,0.8707609,0.8743236,0.8743236,0.8246497313181559
HG_BraTS20_Training_012,0.8518707,0.88305324,0.8066768,0.8066768,0.8472002347310384
HG_BraTS20_Training_020,0.877263,0.76998204,0.6082103,0.6082103,0.7518184979756674
HG_BraTS20_Training_070,0.8329517,0.8176222,0.6647007,0.6647007,0.771758238474528
HG_BraTS20_Training_089,0.8263506,0.68284255,0.918315,0.918315,0.8091693719228109
HG_BraTS20_Training_119,0.65819776,0.8846292,0.7661966,0.7661966,0.7696744600931803
HG_BraTS20_Training_124,0.92567086,0.92845345,0.8550039,0.8550039,0.903042713801066
HG_BraTS20_Training_128,0.7866921,0.48097825,0.49805635,0.49805635,0.5885756015777588
HG_BraTS20_Training_134,0.8748816,0.8872368,0.7338507,0.7338507,0.8319896856943766
HG_BraTS20_Training_140,0.9374751,0.93493176,0.85460055,0.85460055,0.9090024630228678
HG_BraTS20_Training_150,0.87790036,0.94200665,0.9356807,0.9356807,0.918529192606608
HG_BraTS20_Training_180,0.6994257,0.7815049,0.8695397,0.8695397,0.7834901014963785
HG_BraTS20_Training_188,0.7119961,0.8167504,0.7432639,0.7432639,0.7573367754618326
HG_BraTS20_Training_191,0.9082431,0.79584223,0.811727,0.811727,0.8386041323343912
HG_BraTS20_Training_201,0.9017922,0.9399306,0.8667256,0.8667256,0.9028161366780599
HG_BraTS20_Training_211,0.825595,0.9347375,0.8478384,0.8478384,0.8693903287251791
HG_BraTS20_Training_212,0.825837,0.7382355,0.655041,0.655041,0.739704449971517
HG_BraTS20_Training_226,0.859843,0.9064797,0.8839843,0.8839843,0.8834357261657715
HG_BraTS20_Training_232,0.70913976,0.7947385,0.79281867,0.79281867,0.7655656337738037
HG_BraTS20_Training_241,0.8733257,0.82785356,0.80553573,0.80553573,0.8355716864267985
HG_BraTS20_Training_245,0.8912096,0.8231238,0.8068898,0.8068898,0.8404076894124349
HG_BraTS20_Training_246,0.87178975,0.84265506,0.81728303,0.81728303,0.8439092636108398
HG_BraTS20_Training_336,0.9226384,0.9339614,0.87875086,0.87875086,0.9117835362752279
HG_BraTS20_Training_338,0.91698635,0.9613719,0.9221718,0.9221718,0.9335099856058756
HG_BraTS20_Training_344,0.87187785,0.6055922,0.64326113,0.64326113,0.7069103717803955
HG_BraTS20_Training_352,0.9097066,0.8972589,0.9004586,0.9004586,0.9024747212727865
LG_BraTS20_Training_262,0.8671731,0.5946648,1.1627907e-11,1.1627907e-11,0.4872792959213257
LG_BraTS20_Training_275,0.6227517,0.13157266,6.565988e-12,6.565988e-12,0.25144145886103314
LG_BraTS20_Training_278,0.70764226,0.059983242,4e-12,4e-12,0.2558751702308655
LG_BraTS20_Training_283,0.9062711,0.7155314,0.7242125,0.7242125,0.7820049921671549
LG_BraTS20_Training_291,0.92158026,0.6755113,0.040399835,0.040399835,0.5458304484685262
LG_BraTS20_Training_292,0.90019584,0.69702965,0.6164383,0.6164383,0.7378879388173422
LG_BraTS20_Training_294,0.89989763,0.41863146,5.7770073e-12,5.7770073e-12,0.43950970967610675
LG_BraTS20_Training_297,0.7097274,0.6749881,1.36425645e-11,1.36425645e-11,0.4615718523661296
LG_BraTS20_Training_310,0.85631734,0.57282454,9.794319e-13,9.794319e-13,0.4763806263605754
LG_BraTS20_Training_324,0.8160816,0.027352067,8.210181e-12,8.210181e-12,0.28114455938339233
flairt1cet2
HG_BraTS20_Training_010,0.7852268,0.82532775,0.8592282,0.8592282,0.8232609430948893
HG_BraTS20_Training_012,0.8520836,0.79739434,0.72853273,0.72853273,0.7926702499389648
HG_BraTS20_Training_020,0.89668137,0.844156,0.61213475,0.61213475,0.7843240102132162
HG_BraTS20_Training_070,0.8883682,0.85771763,0.6630855,0.6630855,0.8030571142832438
HG_BraTS20_Training_089,0.82870877,0.47028154,0.81132793,0.81132793,0.7034393946329752
HG_BraTS20_Training_119,0.695956,0.85604495,0.71504575,0.71504575,0.7556822299957275
HG_BraTS20_Training_124,0.94722164,0.9018094,0.86053175,0.86053175,0.9031875928243002
HG_BraTS20_Training_128,0.8265793,0.3694803,0.43204996,0.43204996,0.5427031914393107
HG_BraTS20_Training_134,0.8937634,0.8898237,0.73809016,0.73809016,0.8405590852101644
HG_BraTS20_Training_140,0.951272,0.90666276,0.8415076,0.8415076,0.8998141288757324
HG_BraTS20_Training_150,0.93625444,0.89900315,0.94134706,0.94134706,0.9255348841349283
HG_BraTS20_Training_180,0.68426406,0.72127056,0.8139109,0.8139109,0.7398151556650797
HG_BraTS20_Training_188,0.7427223,0.76192594,0.70631,0.70631,0.7369860808054606
HG_BraTS20_Training_191,0.9317563,0.8640363,0.79533935,0.79533935,0.8637106418609619
HG_BraTS20_Training_201,0.9267864,0.93758845,0.85013187,0.85013187,0.9048355420430502
HG_BraTS20_Training_211,0.85981685,0.8744731,0.82132107,0.82132107,0.8518702983856201
HG_BraTS20_Training_212,0.918489,0.86847544,0.6599107,0.6599107,0.8156250317891439
HG_BraTS20_Training_226,0.89761484,0.9165776,0.8899478,0.8899478,0.9013800621032715
HG_BraTS20_Training_232,0.80850714,0.7749871,0.72324264,0.72324264,0.7689123153686523
HG_BraTS20_Training_241,0.87827307,0.800259,0.7600981,0.7600981,0.8128767013549805
HG_BraTS20_Training_245,0.841953,0.8003342,0.7911387,0.7911387,0.8111419677734375
HG_BraTS20_Training_246,0.8397696,0.76039594,0.7602099,0.7602099,0.7867918014526367
HG_BraTS20_Training_336,0.94373304,0.9404522,0.86862206,0.86862206,0.9176024595896403
HG_BraTS20_Training_338,0.9197162,0.9211764,0.910022,0.910022,0.9169715245564779
HG_BraTS20_Training_344,0.9033457,0.75570256,0.6520587,0.6520587,0.7703690528869629
HG_BraTS20_Training_352,0.9281399,0.4983561,0.85460037,0.85460037,0.7603654861450195
LG_BraTS20_Training_262,0.85207623,0.27873772,1.3312034e-12,1.3312034e-12,0.37693798542022705
LG_BraTS20_Training_275,0.78819203,0.12377953,5.7077624e-12,5.7077624e-12,0.30399052302042645
LG_BraTS20_Training_278,0.8381551,0.07279062,4.741584e-12,4.741584e-12,0.30364857117335003
LG_BraTS20_Training_283,0.9361255,0.6461083,0.72726345,0.72726345,0.769832452138265
LG_BraTS20_Training_291,0.95513576,0.74033314,0.02225398,0.02225398,0.5725742975870768
LG_BraTS20_Training_292,0.91052073,0.83941025,0.3801969,0.3801969,0.7100426355997721
LG_BraTS20_Training_294,0.9222628,0.7317367,3.243594e-12,3.243594e-12,0.5513331890106201
LG_BraTS20_Training_297,0.7153391,0.7428474,7.949126e-12,7.949126e-12,0.4860621690750122
LG_BraTS20_Training_310,0.9173752,0.79790246,7.5142773e-13,7.5142773e-13,0.5717592239379883
LG_BraTS20_Training_324,0.9138361,0.06870819,9.082652e-12,9.082652e-12,0.32751476764678955
flairt1t2
HG_BraTS20_Training_010,0.7237871,0.7485545,0.31747013,0.31747013,0.5966039498647054
HG_BraTS20_Training_012,0.8503767,0.7528096,0.55089223,0.55089223,0.7180261611938477
HG_BraTS20_Training_020,0.8928189,0.8283296,0.42011696,0.42011696,0.7137551307678223
HG_BraTS20_Training_070,0.90583354,0.6750016,0.2761901,0.2761901,0.6190083821614584
HG_BraTS20_Training_089,0.84616655,0.4151907,0.22932558,0.22932558,0.49689428011576336
HG_BraTS20_Training_119,0.67966944,0.8111984,0.52405775,0.52405775,0.6716418266296387
HG_BraTS20_Training_124,0.93583393,0.7494433,0.46053478,0.46053478,0.7152706782023112
HG_BraTS20_Training_128,0.86490595,0.26289925,0.28888094,0.28888094,0.47222872575124103
HG_BraTS20_Training_134,0.8111335,0.6051672,0.16582648,0.16582648,0.5273757378260294
HG_BraTS20_Training_140,0.94968146,0.84610444,0.3556313,0.3556313,0.7171390851338705
HG_BraTS20_Training_150,0.9187689,0.7778414,0.4869255,0.4869255,0.7278452714284261
HG_BraTS20_Training_180,0.68816733,0.56160414,0.41610232,0.41610232,0.5552912553151449
HG_BraTS20_Training_188,0.7652436,0.75968415,0.53242105,0.53242105,0.6857829093933105
HG_BraTS20_Training_191,0.9387722,0.494047,0.24394637,0.24394637,0.5589218139648438
HG_BraTS20_Training_201,0.9252352,0.90867853,0.71078354,0.71078354,0.8482324282328287
HG_BraTS20_Training_211,0.8523465,0.7819102,0.49030992,0.49030992,0.7081888516743978
HG_BraTS20_Training_212,0.89870876,0.7958077,0.4073549,0.4073549,0.7006237506866455
HG_BraTS20_Training_226,0.9097455,0.8946746,0.41572976,0.41572976,0.7400499979654948
HG_BraTS20_Training_232,0.77510744,0.5138421,0.37458193,0.37458193,0.5545104742050171
HG_BraTS20_Training_241,0.8771112,0.6959163,0.5182684,0.5182684,0.6970986525217692
HG_BraTS20_Training_245,0.8838283,0.8657605,0.63659185,0.63659185,0.7953935464223226
HG_BraTS20_Training_246,0.8365361,0.6769816,0.42832127,0.42832127,0.6472796599070231
HG_BraTS20_Training_336,0.9404415,0.89439523,0.6000457,0.6000457,0.811627467473348
HG_BraTS20_Training_338,0.9192114,0.7909287,0.45527437,0.45527437,0.7218048572540283
HG_BraTS20_Training_344,0.9160699,0.8052892,0.48386216,0.48386216,0.7350737253824869
HG_BraTS20_Training_352,0.93283236,0.46709692,0.2734798,0.2734798,0.5578030347824097
LG_BraTS20_Training_262,0.87234044,0.34412497,7.805183e-13,7.805183e-13,0.4054884910583496
LG_BraTS20_Training_275,0.79612505,0.08442373,1.8348623e-11,1.8348623e-11,0.29351625839869183
LG_BraTS20_Training_278,0.8344604,0.30308652,1.356668e-12,1.356668e-12,0.37918229897816974
LG_BraTS20_Training_283,0.9409756,0.30433902,0.29621074,0.29621074,0.5138417879740397
LG_BraTS20_Training_291,0.9585138,0.6881619,0.0062473677,0.0062473677,0.5509743690490723
LG_BraTS20_Training_292,0.9035414,0.8326266,0.24113724,0.24113724,0.6591017246246338
LG_BraTS20_Training_294,0.924216,0.76414895,8.96861e-13,8.96861e-13,0.5627883275349935
LG_BraTS20_Training_297,0.6970242,0.70197415,3.548616e-12,3.548616e-12,0.4663327932357788
LG_BraTS20_Training_310,0.92009646,0.8363704,5.787037e-13,5.787037e-13,0.5854889551798502
LG_BraTS20_Training_324,0.8852496,0.19748628,5.443658e-12,5.443658e-12,0.3609119653701782
flairt1cet1
HG_BraTS20_Training_010,0.71739465,0.8201229,0.8588193,0.8588193,0.7987789312998453
HG_BraTS20_Training_012,0.8576687,0.7853288,0.73262393,0.73262393,0.7918737729390463
HG_BraTS20_Training_020,0.8940557,0.8300994,0.6274648,0.6274648,0.7838733196258545
HG_BraTS20_Training_070,0.91326225,0.823522,0.678068,0.678068,0.8049507141113281
HG_BraTS20_Training_089,0.84952676,0.61614823,0.899403,0.899403,0.7883593241373698
HG_BraTS20_Training_119,0.6861384,0.8704699,0.7465623,0.7465623,0.767723560333252
HG_BraTS20_Training_124,0.9581417,0.94162786,0.8734047,0.8734047,0.9243914286295573
HG_BraTS20_Training_128,0.8661681,0.31311437,0.36333498,0.36333498,0.514205813407898
HG_BraTS20_Training_134,0.862897,0.8498562,0.74285865,0.74285865,0.8185372352600098
HG_BraTS20_Training_140,0.95005125,0.9229572,0.85794014,0.85794014,0.9103162288665771
HG_BraTS20_Training_150,0.9293797,0.9291732,0.9425875,0.9425875,0.933713436126709
HG_BraTS20_Training_180,0.75211763,0.8522105,0.87892437,0.87892437,0.8277508417765299
HG_BraTS20_Training_188,0.7245394,0.7699462,0.7114536,0.7114536,0.7353130976359049
HG_BraTS20_Training_191,0.9214883,0.8328261,0.82168823,0.82168823,0.8586675326029459
HG_BraTS20_Training_201,0.9211072,0.93471384,0.86697364,0.86697364,0.9075981775919596
HG_BraTS20_Training_211,0.87675416,0.9201054,0.8364322,0.8364322,0.8777639071146647
HG_BraTS20_Training_212,0.8435009,0.7214791,0.6019577,0.6019577,0.7223126093546549
HG_BraTS20_Training_226,0.8794615,0.9192381,0.8952473,0.8952473,0.8979822794596354
HG_BraTS20_Training_232,0.8239556,0.7622681,0.65226835,0.65226835,0.7461640040079752
HG_BraTS20_Training_241,0.885504,0.85560113,0.8145239,0.8145239,0.8518763383229574
HG_BraTS20_Training_245,0.89905304,0.8548654,0.8171373,0.8171373,0.8570185502370199
HG_BraTS20_Training_246,0.87414235,0.78249854,0.81316656,0.81316656,0.8232691287994385
HG_BraTS20_Training_336,0.9426258,0.93891025,0.8729298,0.8729298,0.9181552728017172
HG_BraTS20_Training_338,0.91500133,0.9386057,0.919388,0.919388,0.9243316650390625
HG_BraTS20_Training_344,0.8981898,0.73592055,0.6722642,0.6722642,0.7687915166219076
HG_BraTS20_Training_352,0.9325332,0.653985,0.8596239,0.8596239,0.8153807322184244
LG_BraTS20_Training_262,0.8877611,0.6278344,6.591958e-12,6.591958e-12,0.5051984786987305
LG_BraTS20_Training_275,0.57309824,0.062134624,7.1787506e-12,7.1787506e-12,0.21174428860346475
LG_BraTS20_Training_278,0.8115602,0.050493196,4.349717e-12,4.349717e-12,0.287351131439209
LG_BraTS20_Training_283,0.9223367,0.68177426,0.694973,0.694973,0.7663613160451254
LG_BraTS20_Training_291,0.91637623,0.69573575,0.038058992,0.038058992,0.5500570138295492
LG_BraTS20_Training_292,0.868813,0.7735088,0.4664953,0.4664953,0.7029390335083008
LG_BraTS20_Training_294,0.90179276,0.59704673,3.0892801e-12,3.0892801e-12,0.4996131658554077
LG_BraTS20_Training_297,0.40474498,0.40189156,4.7393364e-11,1.0,0.26887885729471844
LG_BraTS20_Training_310,0.90873176,0.6664537,8.2891246e-13,8.2891246e-13,0.525061845779419
LG_BraTS20_Training_324,0.8928555,0.08928272,8.849557e-12,8.849557e-12,0.32737942536671955
flairt1ce
HG_BraTS20_Training_010,0.7852013,0.8518901,0.87219906,0.87219906,0.8364301522572836
HG_BraTS20_Training_012,0.8602856,0.8298081,0.7580724,0.7580724,0.8160553773244222
HG_BraTS20_Training_020,0.890757,0.78826,0.6149927,0.6149927,0.7646698951721191
HG_BraTS20_Training_070,0.87690246,0.7094679,0.64126956,0.64126956,0.7425466378529867
HG_BraTS20_Training_089,0.8348056,0.737085,0.9353722,0.9353722,0.8357542355855306
HG_BraTS20_Training_119,0.71835476,0.87341315,0.7572156,0.7572156,0.7829945087432861
HG_BraTS20_Training_124,0.9555705,0.95769614,0.8839305,0.8839305,0.9323990345001221
HG_BraTS20_Training_128,0.8222257,0.4567108,0.45767608,0.45767608,0.5788708527882894
HG_BraTS20_Training_134,0.86777055,0.8361231,0.73728675,0.73728675,0.8137268225351969
HG_BraTS20_Training_140,0.94930094,0.9196354,0.8703704,0.8703704,0.9131022294362386
HG_BraTS20_Training_150,0.93300647,0.96413195,0.95292294,0.95292294,0.9500204722086588
HG_BraTS20_Training_180,0.7226772,0.84442824,0.8764567,0.8764567,0.8145206769307455
HG_BraTS20_Training_188,0.7459717,0.78652835,0.7275684,0.7275684,0.753356138865153
HG_BraTS20_Training_191,0.91834706,0.8326706,0.80715185,0.80715185,0.8527232011159261
HG_BraTS20_Training_201,0.92551535,0.9364128,0.8577214,0.8577214,0.90654985109965
HG_BraTS20_Training_211,0.86817074,0.9303535,0.8481819,0.8481819,0.8822353680928549
HG_BraTS20_Training_212,0.829725,0.70056343,0.63245046,0.63245046,0.7209129333496094
HG_BraTS20_Training_226,0.8735997,0.89648485,0.8865336,0.8865336,0.8855393727620443
HG_BraTS20_Training_232,0.8450544,0.7919648,0.6950272,0.6950272,0.7773487567901611
HG_BraTS20_Training_241,0.873701,0.80014074,0.75275797,0.75275797,0.8088665803273519
HG_BraTS20_Training_245,0.89150894,0.7911888,0.7874321,0.7874321,0.8233766555786133
HG_BraTS20_Training_246,0.8747309,0.69532067,0.7836345,0.7836345,0.7845620314280192
HG_BraTS20_Training_336,0.9339189,0.94223243,0.8663999,0.8663999,0.914183775583903
HG_BraTS20_Training_338,0.8977324,0.95083815,0.92135024,0.92135024,0.923306941986084
HG_BraTS20_Training_344,0.88899094,0.6400721,0.64761764,0.64761764,0.725560188293457
HG_BraTS20_Training_352,0.788206,0.71466297,0.86718106,0.86718106,0.7900166511535645
LG_BraTS20_Training_262,0.863312,0.62572944,9.0171325e-12,9.0171325e-12,0.4963471492131551
LG_BraTS20_Training_275,0.77506024,0.05718769,1.0940919e-11,1.0940919e-11,0.27741597096125287
LG_BraTS20_Training_278,0.8213498,0.008430746,5.0352465e-12,5.0352465e-12,0.27659350633621216
LG_BraTS20_Training_283,0.9176278,0.6881822,0.6825037,0.6825037,0.762771209081014
LG_BraTS20_Training_291,0.916145,0.6322726,0.041548632,0.041548632,0.5299887259801229
LG_BraTS20_Training_292,0.86437684,0.7544726,0.5137778,0.5137778,0.7108757495880127
LG_BraTS20_Training_294,0.8683848,0.4229653,4.456328e-12,4.456328e-12,0.4304500420888265
LG_BraTS20_Training_297,0.4729746,0.37145677,3.558719e-11,1.0,0.2814771334330241
LG_BraTS20_Training_310,0.88002884,0.46765125,5.058681e-13,5.058681e-13,0.44922669728597003
LG_BraTS20_Training_324,0.9046405,0.0068044304,7.272727e-12,7.272727e-12,0.30381496747334796
flairt2
HG_BraTS20_Training_010,0.716159,0.7641934,0.46975693,0.46975693,0.6500364542007446
HG_BraTS20_Training_012,0.841084,0.67464095,0.4484373,0.4484373,0.6547207434972128
HG_BraTS20_Training_020,0.89058566,0.8446317,0.41488564,0.41488564,0.7167010307312012
HG_BraTS20_Training_070,0.8962716,0.66448605,0.26995713,0.26995713,0.610238234202067
HG_BraTS20_Training_089,0.8497663,0.36992198,0.2406168,0.2406168,0.48676836490631104
HG_BraTS20_Training_119,0.6986786,0.8133578,0.501932,0.501932,0.6713228225708008
HG_BraTS20_Training_124,0.9312964,0.7731078,0.47739166,0.47739166,0.7272652784983317
HG_BraTS20_Training_128,0.86585146,0.20817636,0.20250425,0.20250425,0.4255106846491496
HG_BraTS20_Training_134,0.8212332,0.68339807,0.32197803,0.32197803,0.6088697910308838
HG_BraTS20_Training_140,0.9465671,0.821534,0.4235092,0.4235092,0.7305367787679037
HG_BraTS20_Training_150,0.9230075,0.7938137,0.5082665,0.5082665,0.7416958808898926
HG_BraTS20_Training_180,0.67164695,0.5327175,0.401891,0.401891,0.5354185104370117
HG_BraTS20_Training_188,0.75658435,0.7078189,0.46534973,0.46534973,0.6432510217030843
HG_BraTS20_Training_191,0.9388929,0.64591306,0.30863655,0.30863655,0.6311475038528442
HG_BraTS20_Training_201,0.93918085,0.8223096,0.645145,0.645145,0.8022118409474691
HG_BraTS20_Training_211,0.85052645,0.7877364,0.49433997,0.49433997,0.7108676433563232
HG_BraTS20_Training_212,0.8928521,0.80066264,0.40397263,0.40397263,0.699162483215332
HG_BraTS20_Training_226,0.90421706,0.88240516,0.44361368,0.44361368,0.7434120178222656
HG_BraTS20_Training_232,0.7894139,0.59941894,0.4404353,0.4404353,0.6097560326258341
HG_BraTS20_Training_241,0.8736082,0.58504725,0.46055856,0.46055856,0.6397379636764526
HG_BraTS20_Training_245,0.7912619,0.80020314,0.5403094,0.5403094,0.7105914751688639
HG_BraTS20_Training_246,0.8020464,0.61008036,0.42310154,0.42310154,0.6117427746454874
HG_BraTS20_Training_336,0.93466175,0.8938175,0.6055631,0.6055631,0.811347484588623
HG_BraTS20_Training_338,0.90139097,0.7813553,0.49396315,0.49396315,0.7255698045094808
HG_BraTS20_Training_344,0.907,0.7862901,0.40957594,0.40957594,0.7009553909301758
HG_BraTS20_Training_352,0.9213096,0.436711,0.3986902,0.3986902,0.5855702559153239
LG_BraTS20_Training_262,0.85841876,0.21576796,4.5645426e-13,4.5645426e-13,0.35806222756703693
LG_BraTS20_Training_275,0.7811593,0.10081358,1.9083969e-11,1.9083969e-11,0.29399094978968304
LG_BraTS20_Training_278,0.8335982,0.3396368,1.2714558e-12,1.2714558e-12,0.39107831319173175
LG_BraTS20_Training_283,0.93214554,0.4255547,0.34103066,0.34103066,0.5662436485290527
LG_BraTS20_Training_291,0.9622322,0.69170284,0.006699109,0.006699109,0.5535446802775065
LG_BraTS20_Training_292,0.9126299,0.8231226,0.21524142,0.21524142,0.6503313382466634
LG_BraTS20_Training_294,0.9160802,0.71254706,8.433125e-13,8.433125e-13,0.5428757667541504
LG_BraTS20_Training_297,0.6951322,0.6898393,2.8546959e-12,2.8546959e-12,0.46165716648101807
LG_BraTS20_Training_310,0.9198854,0.84668386,4.0412205e-13,4.0412205e-13,0.5888564189275106
LG_BraTS20_Training_324,0.88960063,0.24920258,1.8786398e-12,1.8786398e-12,0.37960108121236164
t1t2
HG_BraTS20_Training_010,0.7521004,0.67552745,0.31659287,0.31659287,0.5814069112141927
HG_BraTS20_Training_012,0.86180705,0.8062085,0.6758713,0.6758713,0.7812956174214681
HG_BraTS20_Training_020,0.8767847,0.7843404,0.3780292,0.3780292,0.6797180970509847
HG_BraTS20_Training_070,0.8600266,0.7328271,0.34862894,0.34862894,0.6471609274546305
HG_BraTS20_Training_089,0.8405656,0.44751838,0.33197042,0.33197042,0.5400181611378988
HG_BraTS20_Training_119,0.6525846,0.75251704,0.47694385,0.47694385,0.6273485024770101
HG_BraTS20_Training_124,0.919078,0.7153577,0.44335496,0.44335496,0.6925969123840332
HG_BraTS20_Training_128,0.817503,0.3160763,0.29247805,0.29247805,0.4753524462381999
HG_BraTS20_Training_134,0.80730206,0.67365956,0.2729265,0.2729265,0.5846293767293295
HG_BraTS20_Training_140,0.9344312,0.835997,0.37098286,0.37098286,0.7138036886850992
HG_BraTS20_Training_150,0.875739,0.8423081,0.69082355,0.69082355,0.8029568990071615
HG_BraTS20_Training_180,0.6746827,0.452244,0.36585015,0.36585015,0.497592290242513
HG_BraTS20_Training_188,0.69535494,0.7237712,0.5780043,0.5780043,0.6657101313273112
HG_BraTS20_Training_191,0.9205279,0.299643,0.2705315,0.2705315,0.4969007968902588
HG_BraTS20_Training_201,0.901609,0.8980187,0.76955914,0.76955914,0.8563956419626871
HG_BraTS20_Training_211,0.8304583,0.82383454,0.57873225,0.57873225,0.7443416913350424
HG_BraTS20_Training_212,0.8720705,0.753195,0.424103,0.424103,0.6831227938334147
HG_BraTS20_Training_226,0.87717634,0.8330452,0.39978823,0.39978823,0.7033365567525228
HG_BraTS20_Training_232,0.6994223,0.51509726,0.36985442,0.36985442,0.5281246503194174
HG_BraTS20_Training_241,0.87313616,0.72264534,0.59105355,0.59105355,0.7289450168609619
HG_BraTS20_Training_245,0.89361113,0.83023584,0.6344254,0.6344254,0.7860907713572184
HG_BraTS20_Training_246,0.87620056,0.7904057,0.52580184,0.52580184,0.7308026949564616
HG_BraTS20_Training_336,0.92394537,0.86091274,0.6131615,0.6131615,0.7993398507436117
HG_BraTS20_Training_338,0.91973555,0.78098744,0.5212524,0.5212524,0.7406584421793619
HG_BraTS20_Training_344,0.88434786,0.77987456,0.48528826,0.48528826,0.7165036201477051
HG_BraTS20_Training_352,0.8989443,0.4270441,0.48698863,0.48698863,0.6043256918589274
LG_BraTS20_Training_262,0.85571474,0.46046174,1.0187449e-12,1.0187449e-12,0.43872547149658203
LG_BraTS20_Training_275,0.64502573,0.08302472,1.36425645e-11,1.36425645e-11,0.24268349011739096
LG_BraTS20_Training_278,0.7350451,0.25031087,1.1376564e-12,1.1376564e-12,0.3284519910812378
LG_BraTS20_Training_283,0.9051211,0.37782145,0.38626757,0.38626757,0.5564033587773641
LG_BraTS20_Training_291,0.9391431,0.722019,0.008041434,0.008041434,0.5564011732737223
LG_BraTS20_Training_292,0.88947356,0.7694378,0.27227122,0.27227122,0.6437275409698486
LG_BraTS20_Training_294,0.87864155,0.59118706,1.2091899e-12,1.2091899e-12,0.48994286855061847
LG_BraTS20_Training_297,0.7221048,0.7470195,2.0462451e-12,2.0462451e-12,0.48970810572306317
LG_BraTS20_Training_310,0.8691871,0.76132905,4.7812573e-13,4.7812573e-13,0.5435053904851278
LG_BraTS20_Training_324,0.84296155,0.24871485,1.9481784e-12,1.9481784e-12,0.36389211813608807
flairt1
HG_BraTS20_Training_010,0.71160376,0.6854436,0.38850623,0.38850623,0.5951844851175944
HG_BraTS20_Training_012,0.85344225,0.7596923,0.5740088,0.5740088,0.7290477752685547
HG_BraTS20_Training_020,0.89252025,0.81617576,0.37943357,0.37943357,0.6960431734720866
HG_BraTS20_Training_070,0.9021617,0.73537385,0.3520739,0.3520739,0.6632031599680582
HG_BraTS20_Training_089,0.8416123,0.4117049,0.37203243,0.37203243,0.5417831738789877
HG_BraTS20_Training_119,0.68298346,0.82351667,0.5368914,0.5368914,0.6811304887135824
HG_BraTS20_Training_124,0.9344573,0.7411566,0.48053965,0.48053965,0.7187178134918213
HG_BraTS20_Training_128,0.8386618,0.33113313,0.321808,0.321808,0.49720096588134766
HG_BraTS20_Training_134,0.710692,0.27434102,0.114127316,0.114127316,0.3663867712020874
HG_BraTS20_Training_140,0.94360787,0.8493471,0.44412756,0.44412756,0.7456941604614258
HG_BraTS20_Training_150,0.90594524,0.68893707,0.554171,0.554171,0.7163511117299398
HG_BraTS20_Training_180,0.7233517,0.66504383,0.5419061,0.5419061,0.6434338887532552
HG_BraTS20_Training_188,0.73733765,0.56251734,0.4311632,0.4311632,0.5770060618718466
HG_BraTS20_Training_191,0.932747,0.5579091,0.4697182,0.4697182,0.6534581184387207
HG_BraTS20_Training_201,0.9289586,0.8776576,0.733255,0.733255,0.8466237386067709
HG_BraTS20_Training_211,0.8318397,0.71452224,0.5647059,0.5647059,0.7036892573038737
HG_BraTS20_Training_212,0.77748287,0.533916,0.298684,0.298684,0.5366942882537842
HG_BraTS20_Training_226,0.87490803,0.79281807,0.47066388,0.47066388,0.7127966086069742
HG_BraTS20_Training_232,0.8821807,0.4067946,0.27182615,0.27182615,0.520267128944397
HG_BraTS20_Training_241,0.87941766,0.60161054,0.47020945,0.47020945,0.6504125595092773
HG_BraTS20_Training_245,0.90024936,0.8342801,0.58984715,0.58984715,0.7747921943664551
HG_BraTS20_Training_246,0.85466665,0.51556754,0.27655467,0.27655467,0.5489296515782675
HG_BraTS20_Training_336,0.94142944,0.9108519,0.7078601,0.7078601,0.8533805211385092
HG_BraTS20_Training_338,0.87087417,0.72604257,0.52265745,0.52265745,0.7065246899922689
HG_BraTS20_Training_344,0.9029332,0.7591925,0.53258353,0.53258353,0.731569766998291
HG_BraTS20_Training_352,0.88084346,0.4192088,0.40946707,0.40946707,0.5698397954305013
LG_BraTS20_Training_262,0.8660738,0.41700873,8.790436e-13,8.790436e-13,0.4276941617329915
LG_BraTS20_Training_275,0.74934,0.015733283,8.264463e-11,1.0,0.25502443313598633
LG_BraTS20_Training_278,0.8356256,0.31614578,1.0400416e-12,1.0400416e-12,0.3839237689971924
LG_BraTS20_Training_283,0.9318088,0.31400502,0.31331414,0.31331414,0.5197093486785889
LG_BraTS20_Training_291,0.9246422,0.69521284,0.004561152,0.004561152,0.5414720773696899
LG_BraTS20_Training_292,0.8555496,0.7475469,0.16879474,0.16879474,0.5906304121017456
LG_BraTS20_Training_294,0.88520634,0.6176361,4.3075596e-13,4.3075596e-13,0.5009474754333496
LG_BraTS20_Training_297,0.5861717,0.43851233,1.6857721e-12,1.6857721e-12,0.34156131744384766
LG_BraTS20_Training_310,0.92328113,0.8133539,3.5237324e-13,3.5237324e-13,0.5788783232371012
LG_BraTS20_Training_324,0.88170797,0.40256524,2.8473803e-12,2.8473803e-12,0.42809104919433594
t1cet1
HG_BraTS20_Training_010,0.5607067,0.87735355,0.8760356,0.8760356,0.7713653246561686
HG_BraTS20_Training_012,0.7413782,0.8705856,0.800624,0.800624,0.8041958808898926
HG_BraTS20_Training_020,0.8080653,0.72611904,0.6090262,0.6090262,0.7144034703572592
HG_BraTS20_Training_070,0.7211756,0.7510784,0.6279958,0.6279958,0.7000832557678223
HG_BraTS20_Training_089,0.76340413,0.83742666,0.90227085,0.90227085,0.8343671957651774
HG_BraTS20_Training_119,0.5563788,0.87488437,0.77380353,0.77380353,0.735022226969401
HG_BraTS20_Training_124,0.8106927,0.9038347,0.82928985,0.82928985,0.8479390939076742
HG_BraTS20_Training_128,0.30493236,0.32700503,0.32654756,0.32654756,0.31949498256047565
HG_BraTS20_Training_134,0.81176144,0.84341544,0.721254,0.721254,0.7921436627705892
HG_BraTS20_Training_140,0.8826924,0.9262817,0.85708994,0.85708994,0.8886880079905192
HG_BraTS20_Training_150,0.84483236,0.9505707,0.9379633,0.9379633,0.9111220836639404
HG_BraTS20_Training_180,0.7573896,0.92127997,0.88778806,0.88778806,0.8554859161376953
HG_BraTS20_Training_188,0.5657765,0.8246295,0.7564354,0.7564354,0.715613842010498
HG_BraTS20_Training_191,0.7687587,0.79518586,0.79086775,0.79086775,0.7849374612172445
HG_BraTS20_Training_201,0.8435433,0.9391675,0.86413,0.86413,0.8822802702585856
HG_BraTS20_Training_211,0.73933804,0.9311115,0.84749424,0.84749424,0.8393146197001139
HG_BraTS20_Training_212,0.6863601,0.60448724,0.64185995,0.64185995,0.6442357699076334
HG_BraTS20_Training_226,0.66662306,0.9200576,0.8865425,0.8865425,0.8244077364603678
HG_BraTS20_Training_232,0.64163697,0.81681937,0.79060537,0.79060537,0.7496871948242188
HG_BraTS20_Training_241,0.8321737,0.8412486,0.79042256,0.79042256,0.8212815920511881
HG_BraTS20_Training_245,0.83917016,0.8047833,0.78619915,0.78619915,0.810050884882609
HG_BraTS20_Training_246,0.72949123,0.8342329,0.8448737,0.8448737,0.8028659820556641
HG_BraTS20_Training_336,0.86155915,0.9198548,0.8445923,0.8445923,0.8753354549407959
HG_BraTS20_Training_338,0.8331842,0.9500204,0.91236484,0.91236484,0.8985231717427572
HG_BraTS20_Training_344,0.79237944,0.61577266,0.65878814,0.65878814,0.6889801025390625
HG_BraTS20_Training_352,0.79012275,0.8376037,0.8654849,0.8654849,0.8310704231262207
LG_BraTS20_Training_262,0.7386493,0.28628343,1.8315018e-11,1.8315018e-11,0.34164424737294513
LG_BraTS20_Training_275,0.2713586,0.0047071604,2.0576131e-11,1.0,0.09202192227045695
LG_BraTS20_Training_278,0.17559354,1.5966789e-13,3.717472e-12,3.717472e-12,0.058531180024147034
LG_BraTS20_Training_283,0.70000505,0.7922725,0.7872172,0.7872172,0.7598315874735514
LG_BraTS20_Training_291,0.709822,0.40905857,0.009771987,0.009771987,0.37621748447418213
LG_BraTS20_Training_292,0.82445174,0.6752843,0.5677059,0.5677059,0.6891473134358724
LG_BraTS20_Training_294,0.7506906,0.107970476,1.3404826e-11,1.3404826e-11,0.28622035185496014
LG_BraTS20_Training_297,0.15146558,0.03589456,1.0,1.0,0.39578672250111896
LG_BraTS20_Training_310,0.7193003,0.27238563,9.525624e-13,9.525624e-13,0.3305619955062866
LG_BraTS20_Training_324,0.67121774,0.00053209683,4.45236e-12,4.45236e-12,0.22391661008199057
t1cet2
HG_BraTS20_Training_010,0.6858908,0.8658174,0.8692841,0.8692841,0.8069974581400553
HG_BraTS20_Training_012,0.8295862,0.8412031,0.77187455,0.77187455,0.8142212231953939
HG_BraTS20_Training_020,0.8729708,0.804411,0.61051464,0.61051464,0.7626321315765381
HG_BraTS20_Training_070,0.8451586,0.846403,0.6736949,0.6736949,0.7884188493092855
HG_BraTS20_Training_089,0.84138256,0.5949026,0.9030687,0.9030687,0.7797845999399821
HG_BraTS20_Training_119,0.6627377,0.869121,0.78176767,0.78176767,0.7712087631225586
HG_BraTS20_Training_124,0.92029035,0.904806,0.86214924,0.86214924,0.8957485357920328
HG_BraTS20_Training_128,0.679298,0.5733333,0.5792049,0.5792049,0.6106120745340983
HG_BraTS20_Training_134,0.87449676,0.8979986,0.73750705,0.73750705,0.8366674582163492
HG_BraTS20_Training_140,0.9380444,0.92510134,0.85310686,0.85310686,0.9054176012674967
HG_BraTS20_Training_150,0.88315624,0.9431265,0.93486965,0.93486965,0.9203840891520182
HG_BraTS20_Training_180,0.72771937,0.805568,0.85234934,0.85234934,0.795212189356486
HG_BraTS20_Training_188,0.66953456,0.81172705,0.74169374,0.74169374,0.7409850756327311
HG_BraTS20_Training_191,0.9056849,0.8521868,0.84874964,0.84874964,0.8688737551371256
HG_BraTS20_Training_201,0.8904722,0.9249438,0.86082804,0.86082804,0.8920813401540121
HG_BraTS20_Training_211,0.8316591,0.9266678,0.8458271,0.8458271,0.8680513699849447
HG_BraTS20_Training_212,0.8387112,0.7719603,0.663453,0.663453,0.7580415407816569
HG_BraTS20_Training_226,0.8632473,0.90716684,0.8807274,0.8807274,0.8837138811747233
HG_BraTS20_Training_232,0.6858379,0.80561525,0.7926366,0.7926366,0.7613632678985596
HG_BraTS20_Training_241,0.84758806,0.7627229,0.7460666,0.7460666,0.7854592005411783
HG_BraTS20_Training_245,0.8080814,0.79251593,0.7783888,0.7783888,0.7929953734079996
HG_BraTS20_Training_246,0.86294246,0.81540215,0.8214712,0.8214712,0.8332719802856445
HG_BraTS20_Training_336,0.93050164,0.9426383,0.88851774,0.88851774,0.9205525716145834
HG_BraTS20_Training_338,0.9163158,0.9579942,0.9208221,0.9208221,0.9317107200622559
HG_BraTS20_Training_344,0.85530984,0.58317703,0.65039235,0.65039235,0.696293036142985
HG_BraTS20_Training_352,0.9058504,0.8448892,0.8915243,0.8915243,0.8807546297709147
LG_BraTS20_Training_262,0.85639197,0.5232922,4.196391e-12,4.196391e-12,0.45989473660786945
LG_BraTS20_Training_275,0.5527947,0.087105334,9.302325e-12,9.302325e-12,0.21330000956853232
LG_BraTS20_Training_278,0.65882033,0.049061127,4.0225262e-12,4.0225262e-12,0.2359604835510254
LG_BraTS20_Training_283,0.8789741,0.7764185,0.8193259,0.8193259,0.8249061902364095
LG_BraTS20_Training_291,0.929703,0.7398832,0.026026532,0.026026532,0.5652042229970297
LG_BraTS20_Training_292,0.8939244,0.80300874,0.5863885,0.5863885,0.7611072063446045
LG_BraTS20_Training_294,0.8942205,0.59365034,3.3014197e-12,3.3014197e-12,0.49595693747202557
LG_BraTS20_Training_297,0.64145344,0.67543244,8.038585e-12,8.038585e-12,0.4389619827270508
LG_BraTS20_Training_310,0.8647181,0.731444,8.8928414e-13,8.8928414e-13,0.5320540269215902
LG_BraTS20_Training_324,0.8217139,0.1100652,8.3194675e-12,8.3194675e-12,0.310593048731486
flair
HG_BraTS20_Training_010,0.71724313,0.73681295,0.4735543,0.4735543,0.6425367991129557
HG_BraTS20_Training_012,0.84485734,0.65767634,0.40350157,0.40350157,0.6353450616200765
HG_BraTS20_Training_020,0.8935035,0.82986975,0.37432563,0.37432563,0.6992328961690267
HG_BraTS20_Training_070,0.89915186,0.3282309,0.15696982,0.15696982,0.46145085493723553
HG_BraTS20_Training_089,0.76662683,0.55157816,0.41524693,0.41524693,0.5778173208236694
HG_BraTS20_Training_119,0.6821116,0.8148028,0.55722755,0.55722755,0.6847139994303385
HG_BraTS20_Training_124,0.93872166,0.7850728,0.41628408,0.41628408,0.713359514872233
HG_BraTS20_Training_128,0.8517063,0.25333577,0.23675889,0.23675889,0.4472669760386149
HG_BraTS20_Training_134,0.65960425,0.09887011,0.0499484,0.0499484,0.2694742480913798
HG_BraTS20_Training_140,0.9522768,0.8249711,0.5504729,0.5504729,0.7759069601694742
HG_BraTS20_Training_150,0.8703597,0.6449644,0.36636305,0.36636305,0.6272290547688802
HG_BraTS20_Training_180,0.7283646,0.67808604,0.5349322,0.5349322,0.647127628326416
HG_BraTS20_Training_188,0.6331187,0.3750861,0.1663507,0.1663507,0.391518513361613
HG_BraTS20_Training_191,0.9338613,0.63220215,0.3819702,0.3819702,0.6493445237477621
HG_BraTS20_Training_201,0.9390184,0.8533927,0.5438077,0.5438077,0.7787396113077799
HG_BraTS20_Training_211,0.8511286,0.7471597,0.4425195,0.4425195,0.6802692413330078
HG_BraTS20_Training_212,0.7845414,0.55640507,0.23122467,0.23122467,0.5240570306777954
HG_BraTS20_Training_226,0.88557416,0.75572985,0.58061194,0.58061194,0.7406386534372965
HG_BraTS20_Training_232,0.86930984,0.37843588,0.3142366,0.3142366,0.5206607977549235
HG_BraTS20_Training_241,0.8526627,0.24460097,0.17103724,0.17103724,0.4227669636408488
HG_BraTS20_Training_245,0.7567091,0.7503501,0.56447035,0.56447035,0.6905098756154379
HG_BraTS20_Training_246,0.7885474,0.29272088,0.2816868,0.2816868,0.454318364461263
HG_BraTS20_Training_336,0.9391546,0.88425845,0.5922776,0.5922776,0.8052302201588949
HG_BraTS20_Training_338,0.86321455,0.6967879,0.44372705,0.44372705,0.6679098606109619
HG_BraTS20_Training_344,0.9050664,0.71484154,0.4691631,0.4691631,0.696357011795044
HG_BraTS20_Training_352,0.48269558,0.16620488,0.24023922,0.24023922,0.29637988408406574
LG_BraTS20_Training_262,0.85931283,0.2518262,6.004924e-13,6.004924e-13,0.3703796863555908
LG_BraTS20_Training_275,0.747893,0.084442884,1.1904762e-11,1.1904762e-11,0.2774452765782674
LG_BraTS20_Training_278,0.82129407,0.13317244,2.3201855e-12,2.3201855e-12,0.31815550724665326
LG_BraTS20_Training_283,0.93675846,0.47794625,0.37035722,0.37035722,0.595020612080892
LG_BraTS20_Training_291,0.9301913,0.7307321,0.0027188496,0.0027188496,0.554547389348348
LG_BraTS20_Training_292,0.72959197,0.26470354,0.19156264,0.19156264,0.3952860434850057
LG_BraTS20_Training_294,0.8692768,0.5429332,6.764069e-13,6.764069e-13,0.47073666254679364
LG_BraTS20_Training_297,0.24830998,0.010898523,3.846154e-11,1.0,0.08640283346176147
LG_BraTS20_Training_310,0.9168657,0.7704465,2.735155e-13,2.735155e-13,0.562437375386556
LG_BraTS20_Training_324,0.8908517,0.20903896,2.078138e-12,2.078138e-12,0.3666301965713501
t1
HG_BraTS20_Training_010,0.5585746,0.55147094,0.30459377,0.30459377,0.4715464512507121
HG_BraTS20_Training_012,0.7868258,0.77843255,0.66204447,0.66204447,0.7424342632293701
HG_BraTS20_Training_020,0.8476993,0.572188,0.24987806,0.24987806,0.5565884510676066
HG_BraTS20_Training_070,0.79826516,0.74162316,0.34229442,0.34229442,0.6273942788441976
HG_BraTS20_Training_089,0.77554697,0.49380678,0.4368069,0.4368069,0.5687202215194702
HG_BraTS20_Training_119,0.5977232,0.739607,0.4569109,0.4569109,0.5980803171793619
HG_BraTS20_Training_124,0.82775235,0.66428465,0.40491012,0.40491012,0.6323157151540121
HG_BraTS20_Training_128,0.18915072,0.0014316392,0.0015600624,7.836991e-12,0.06404747565587361
HG_BraTS20_Training_134,0.6089209,0.46098414,0.12242371,0.12242371,0.39744289716084796
HG_BraTS20_Training_140,0.8295886,0.7598957,0.17085205,0.17085205,0.5867787599563599
HG_BraTS20_Training_150,0.7919856,0.7735351,0.59320766,0.59320766,0.7195761203765869
HG_BraTS20_Training_180,0.611879,0.34441656,0.24926545,0.24926545,0.40185368061065674
HG_BraTS20_Training_188,0.53499633,0.6545791,0.49584857,0.49584857,0.5618079900741577
HG_BraTS20_Training_191,0.7694702,0.2080622,0.174999,0.174999,0.38417712847391766
HG_BraTS20_Training_201,0.8346028,0.7649993,0.6015875,0.6015875,0.7337298393249512
HG_BraTS20_Training_211,0.72193915,0.7871998,0.5925944,0.5925944,0.7005777359008789
HG_BraTS20_Training_212,0.7328464,0.60514295,0.32404232,0.32404232,0.5540105501810709
HG_BraTS20_Training_226,0.773573,0.76845396,0.38415828,0.38415828,0.6420617500940958
HG_BraTS20_Training_232,0.65715533,0.41894302,0.24740134,0.24740134,0.44116655985514325
HG_BraTS20_Training_241,0.8232969,0.6043556,0.3558113,0.3558113,0.5944879055023193
HG_BraTS20_Training_245,0.81583387,0.6771283,0.55435354,0.55435354,0.6824385325113932
HG_BraTS20_Training_246,0.8111169,0.59411937,0.29700318,0.29700318,0.5674131313959757
HG_BraTS20_Training_336,0.85922056,0.8615947,0.6108278,0.6108278,0.7772143681844076
HG_BraTS20_Training_338,0.80791473,0.6986567,0.48071596,0.48071596,0.662429134051005
HG_BraTS20_Training_344,0.8142745,0.80394465,0.525627,0.525627,0.7146153450012207
HG_BraTS20_Training_352,0.79977125,0.31805158,0.4674858,0.4674858,0.5284362236658732
LG_BraTS20_Training_262,0.7056126,0.7033993,4.1684035e-12,4.1684035e-12,0.4696706136067708
LG_BraTS20_Training_275,0.2538875,0.001111317,4.2918454e-11,1.0,0.08499961098035176
LG_BraTS20_Training_278,0.5956659,0.25136468,1.5172205e-12,1.5172205e-12,0.2823435068130493
LG_BraTS20_Training_283,0.00012920176,8.748141e-13,8.862891e-13,8.865248e-13,4.306725168135017e-05
LG_BraTS20_Training_291,0.83929676,0.6957703,0.006453926,0.006453926,0.5138403177261353
LG_BraTS20_Training_292,0.8283499,0.821099,0.1938475,0.1938475,0.614432136217753
LG_BraTS20_Training_294,0.7466345,0.6103645,7.122e-13,7.122e-13,0.4523329734802246
LG_BraTS20_Training_297,0.40452522,0.55571276,3.0845157e-12,3.0845157e-12,0.32007932662963867
LG_BraTS20_Training_310,0.81398344,0.7026387,3.9984007e-13,3.9984007e-13,0.505540688832601
LG_BraTS20_Training_324,0.6446727,0.2915963,1.835873e-12,1.835873e-12,0.3120896617571513
t1c
HG_BraTS20_Training_010,0.49546513,0.8562651,0.871939,0.871939,0.7412230968475342
HG_BraTS20_Training_012,0.7025104,0.84959,0.79400396,0.79400396,0.7820347944895426
HG_BraTS20_Training_020,0.7498895,0.7192288,0.5887675,0.5887675,0.6859619617462158
HG_BraTS20_Training_070,0.52828664,0.6674668,0.60623884,0.60623884,0.6006640990575155
HG_BraTS20_Training_089,0.68003005,0.6577484,0.9224441,0.9224441,0.7534074783325195
HG_BraTS20_Training_119,0.53890026,0.84829223,0.7633774,0.7633774,0.7168566385904948
HG_BraTS20_Training_124,0.74041814,0.8451765,0.805307,0.805307,0.7969671885172526
HG_BraTS20_Training_128,0.0080203945,0.085275725,0.088807784,7.836991e-12,0.06070130070050558
HG_BraTS20_Training_134,0.7911053,0.8435318,0.74206984,0.74206984,0.7922356923421224
HG_BraTS20_Training_140,0.86117023,0.89863265,0.8556568,0.8556568,0.8718198935190836
HG_BraTS20_Training_150,0.842763,0.95678985,0.9443125,0.9443125,0.9146218299865723
HG_BraTS20_Training_180,0.7718185,0.92528373,0.8889423,0.8889423,0.8620148499806722
HG_BraTS20_Training_188,0.51854575,0.83900434,0.77415293,0.77415293,0.7105677127838135
HG_BraTS20_Training_191,0.71273047,0.813369,0.81202406,0.81202406,0.7793745199839274
HG_BraTS20_Training_201,0.81801105,0.9249408,0.85308284,0.85308284,0.8653449217478434
HG_BraTS20_Training_211,0.7304854,0.92524093,0.845365,0.845365,0.8336970806121826
HG_BraTS20_Training_212,0.5409888,0.44805035,0.5431823,0.5431823,0.5107405185699463
HG_BraTS20_Training_226,0.7089678,0.9145515,0.8898289,0.8898289,0.8377827008565267
HG_BraTS20_Training_232,0.59003365,0.81335557,0.8072407,0.8072407,0.736876646677653
HG_BraTS20_Training_241,0.68093485,0.7204783,0.69396704,0.69396704,0.6984601020812988
HG_BraTS20_Training_245,0.7532051,0.7360178,0.7353829,0.7353829,0.7415353457132975
HG_BraTS20_Training_246,0.5845937,0.64206237,0.86202514,0.86202514,0.6962270736694336
HG_BraTS20_Training_336,0.85860956,0.92794734,0.85350883,0.85350883,0.880021890004476
HG_BraTS20_Training_338,0.8403607,0.94618136,0.9131504,0.9131504,0.8998974959055582
HG_BraTS20_Training_344,0.7569793,0.53676933,0.61273694,0.61273694,0.6354951858520508
HG_BraTS20_Training_352,0.78083456,0.79134357,0.87711984,0.87711984,0.8164326349894205
LG_BraTS20_Training_262,0.7135359,0.6663198,7.407407e-12,7.407407e-12,0.45995187759399414
LG_BraTS20_Training_275,0.10097533,9.427736e-13,2e-10,1.0,0.033658442397912346
LG_BraTS20_Training_278,0.06664337,1.5781583e-13,3.5161743e-12,3.5161743e-12,0.022214457392692566
LG_BraTS20_Training_283,0.63139796,0.8151937,0.8115383,0.8115383,0.7527099450429281
LG_BraTS20_Training_291,0.57363504,0.538988,6.6533597e-12,6.6533597e-12,0.3708743254343669
LG_BraTS20_Training_292,0.795051,0.81740683,0.42757374,0.42757374,0.6800104777018229
LG_BraTS20_Training_294,0.5270801,0.10960238,1.4492753e-11,1.4492753e-11,0.21222750345865884
LG_BraTS20_Training_297,0.007185533,0.011759458,1.0,1.0,0.3396483262379964
LG_BraTS20_Training_310,0.64495164,0.41217878,5.0535677e-13,5.0535677e-13,0.3523768186569214
LG_BraTS20_Training_324,0.60358024,0.002684841,1.7229497e-12,1.7229497e-12,0.2020883560180664
t2
HG_BraTS20_Training_010,0.6982296,0.650911,0.47495896,0.47495896,0.6080331802368164
HG_BraTS20_Training_012,0.825134,0.7441788,0.54363585,0.54363585,0.7043162186940511
HG_BraTS20_Training_020,0.8666505,0.76476777,0.36755204,0.36755204,0.6663234233856201
HG_BraTS20_Training_070,0.8512455,0.5722533,0.210499,0.210499,0.5446659723917643
HG_BraTS20_Training_089,0.8373979,0.45813814,0.35581377,0.35581377,0.5504499276479086
HG_BraTS20_Training_119,0.670036,0.6922102,0.40312028,0.40312028,0.5884555180867513
HG_BraTS20_Training_124,0.9073872,0.7060782,0.40796438,0.40796438,0.6738099257151285
HG_BraTS20_Training_128,0.74022645,0.16505747,0.15850468,0.15850468,0.35459621747334796
HG_BraTS20_Training_134,0.76719403,0.40399325,0.25186703,0.25186703,0.474351445833842
HG_BraTS20_Training_140,0.9308774,0.8352823,0.4272872,0.4272872,0.7311489582061768
HG_BraTS20_Training_150,0.87792605,0.8053569,0.6473971,0.6473971,0.7768933773040771
HG_BraTS20_Training_180,0.64684373,0.44956526,0.21456368,0.21456368,0.4369908968607585
HG_BraTS20_Training_188,0.6783437,0.7282833,0.5674193,0.5674193,0.6580154101053873
HG_BraTS20_Training_191,0.921769,0.3404009,0.23701751,0.23701751,0.4997291564941406
HG_BraTS20_Training_201,0.892658,0.80048555,0.64945847,0.64945847,0.780867338180542
HG_BraTS20_Training_211,0.8233782,0.8487062,0.60179377,0.60179377,0.7579593658447266
HG_BraTS20_Training_212,0.8921486,0.7820922,0.40246263,0.40246263,0.6922345161437988
HG_BraTS20_Training_226,0.87494504,0.8133422,0.3697676,0.3697676,0.6860183080037435
HG_BraTS20_Training_232,0.6781582,0.52001244,0.3841822,0.3841822,0.527450958887736
HG_BraTS20_Training_241,0.8408417,0.49465096,0.4073878,0.4073878,0.5809601147969564
HG_BraTS20_Training_245,0.7829397,0.77380526,0.5098115,0.5098115,0.6888521512349447
HG_BraTS20_Training_246,0.8509755,0.72447526,0.47526294,0.47526294,0.6835712591807047
HG_BraTS20_Training_336,0.9328401,0.8279827,0.5621503,0.5621503,0.7743243376413981
HG_BraTS20_Training_338,0.90794605,0.7227557,0.44866833,0.44866833,0.6931233406066895
HG_BraTS20_Training_344,0.8526468,0.64856654,0.38225177,0.38225177,0.627821683883667
HG_BraTS20_Training_352,0.8947541,0.51465315,0.36936936,0.36936936,0.5929255485534668
LG_BraTS20_Training_262,0.8459321,0.22513792,4.950495e-13,4.950495e-13,0.35702335834503174
LG_BraTS20_Training_275,0.61816794,0.056790967,1.5673981e-11,1.5673981e-11,0.22498629490534464
LG_BraTS20_Training_278,0.72200483,0.18611935,2.546473e-12,2.546473e-12,0.30270806948343915
LG_BraTS20_Training_283,0.86675066,0.39623496,0.28490236,0.28490236,0.5159626404444376
LG_BraTS20_Training_291,0.9368758,0.69210315,0.008830022,0.008830022,0.5459363460540771
LG_BraTS20_Training_292,0.89278865,0.31749398,0.24712643,0.24712643,0.4858030080795288
LG_BraTS20_Training_294,0.8477093,0.5992636,1.7382235e-12,1.7382235e-12,0.4823242823282878
LG_BraTS20_Training_297,0.6790868,0.50054586,1.1695906e-11,1.1695906e-11,0.39321088790893555
LG_BraTS20_Training_310,0.87364024,0.77950424,7.4085047e-13,7.4085047e-13,0.5510481595993042
LG_BraTS20_Training_324,0.8468359,0.15338442,2.306273e-12,2.306273e-12,0.3334067662556966
WT Dice,TC Dice,ET Dice,ETPro Dice,WT HD95,TC HD95,ET HD95ETPro HD95
flairt1cet1t2
HG_BraTS20_Training_010,0.7331217,0.83616525,0.869215,0.869215,0.8128339449564616
HG_BraTS20_Training_012,0.850587,0.84934556,0.76285785,0.76285785,0.8209301630655924
HG_BraTS20_Training_020,0.8982181,0.8139848,0.6108232,0.6108232,0.7743420600891113
HG_BraTS20_Training_070,0.91186106,0.82337695,0.64409107,0.64409107,0.7931097348531088
HG_BraTS20_Training_089,0.84733725,0.5611245,0.8742322,0.8742322,0.7608979543050131
HG_BraTS20_Training_119,0.6825344,0.88907444,0.7462467,0.7462467,0.7726184527079264
HG_BraTS20_Training_124,0.95479536,0.9304633,0.85971624,0.85971624,0.9149916172027588
HG_BraTS20_Training_128,0.86205894,0.4104389,0.43607056,0.43607056,0.5695228179295858
HG_BraTS20_Training_134,0.85311335,0.8346495,0.71880364,0.71880364,0.8021888732910156
HG_BraTS20_Training_140,0.9543002,0.9234301,0.85226303,0.85226303,0.9099977811177572
HG_BraTS20_Training_150,0.942039,0.93407434,0.9432576,0.9432576,0.9397903283437093
HG_BraTS20_Training_180,0.74051666,0.81367135,0.8689071,0.8689071,0.8076984087626139
HG_BraTS20_Training_188,0.758571,0.8002437,0.73637164,0.73637164,0.765062173207601
HG_BraTS20_Training_191,0.9336322,0.78317475,0.75441366,0.75441366,0.8237401644388834
HG_BraTS20_Training_201,0.9131943,0.9394002,0.8508172,0.8508172,0.9011371930440267
HG_BraTS20_Training_211,0.8788677,0.9333793,0.8529912,0.8529912,0.8884127934773763
HG_BraTS20_Training_212,0.87738484,0.7662798,0.67267066,0.67267066,0.772111733754476
HG_BraTS20_Training_226,0.9017818,0.90594965,0.8846754,0.8846754,0.8974688847859701
HG_BraTS20_Training_232,0.74033237,0.7853665,0.76543087,0.76543087,0.7637099424997965
HG_BraTS20_Training_241,0.88148683,0.8244462,0.79278815,0.79278815,0.8329070409138998
HG_BraTS20_Training_245,0.85175496,0.8055494,0.79685605,0.79685605,0.818053404490153
HG_BraTS20_Training_246,0.82978225,0.7375196,0.75826746,0.75826746,0.7751897970835367
HG_BraTS20_Training_336,0.950422,0.94215757,0.87304884,0.87304884,0.9218761126200358
HG_BraTS20_Training_338,0.930958,0.96051073,0.9180407,0.9180407,0.9365031719207764
HG_BraTS20_Training_344,0.8972662,0.68135273,0.660561,0.660561,0.7463933626810709
HG_BraTS20_Training_352,0.9437135,0.5732026,0.86674917,0.86674917,0.7945550282796224
LG_BraTS20_Training_262,0.8833679,0.5461216,5.5679285e-12,5.5679285e-12,0.47649649779001874
LG_BraTS20_Training_275,0.74140716,0.066598885,8.143323e-12,8.143323e-12,0.2693353494008382
LG_BraTS20_Training_278,0.81609946,0.13163073,4.697041e-12,4.697041e-12,0.3159100612004598
LG_BraTS20_Training_283,0.93287766,0.6457278,0.6716014,0.6716014,0.7500689824422201
LG_BraTS20_Training_291,0.93851113,0.72704935,0.03327731,0.03327731,0.5662792523701986
LG_BraTS20_Training_292,0.9164193,0.8354453,0.5621135,0.5621135,0.7713260650634766
LG_BraTS20_Training_294,0.93269485,0.68559635,4.422822e-12,4.422822e-12,0.5394303798675537
LG_BraTS20_Training_297,0.6073342,0.6257535,2.6595745e-11,1.0,0.41102925936381024
LG_BraTS20_Training_310,0.9183475,0.7576835,1.1304545e-12,1.1304545e-12,0.5586769978205363
LG_BraTS20_Training_324,0.89275974,0.038162626,1.7421602e-11,1.7421602e-11,0.31030746301015216
t1cet1t2
HG_BraTS20_Training_010,0.7281973,0.8688127,0.8718568,0.8718568,0.8229556083679199
HG_BraTS20_Training_012,0.84873205,0.8777238,0.80085486,0.80085486,0.842436949412028
HG_BraTS20_Training_020,0.8771701,0.7658763,0.60331994,0.60331994,0.7487887541453043
HG_BraTS20_Training_070,0.8483321,0.8193465,0.6572777,0.6572777,0.7749854723612467
HG_BraTS20_Training_089,0.8277632,0.7152807,0.9222287,0.9222287,0.8217574755350748
HG_BraTS20_Training_119,0.674229,0.88657,0.76743716,0.76743716,0.7760787010192871
HG_BraTS20_Training_124,0.9295664,0.93256986,0.8576778,0.8576778,0.9066046873728434
HG_BraTS20_Training_128,0.7922424,0.45454547,0.48726773,0.48726773,0.5780185461044312
HG_BraTS20_Training_134,0.874154,0.88402355,0.73023754,0.73023754,0.8294716676076254
HG_BraTS20_Training_140,0.9405861,0.93552464,0.85300404,0.85300404,0.9097049236297607
HG_BraTS20_Training_150,0.88237786,0.94086295,0.93365926,0.93365926,0.9189666906992594
HG_BraTS20_Training_180,0.69927686,0.7776448,0.86901224,0.86901224,0.7819779713948568
HG_BraTS20_Training_188,0.70793957,0.8141044,0.73882216,0.73882216,0.7536220550537109
HG_BraTS20_Training_191,0.90988165,0.79884255,0.8147708,0.8147708,0.8411650657653809
HG_BraTS20_Training_201,0.90165013,0.9418823,0.86851317,0.86851317,0.9040152231852213
HG_BraTS20_Training_211,0.83078897,0.9345505,0.84731174,0.84731174,0.8708837827046713
HG_BraTS20_Training_212,0.8273598,0.73945534,0.6536594,0.6536594,0.7401581605275472
HG_BraTS20_Training_226,0.8688969,0.9036744,0.8827471,0.8827471,0.8851061662038168
HG_BraTS20_Training_232,0.70334244,0.7952355,0.79339087,0.79339087,0.7639896074930826
HG_BraTS20_Training_241,0.8725137,0.8234673,0.8035234,0.8035234,0.8331681887308756
HG_BraTS20_Training_245,0.8904169,0.8186497,0.80475104,0.80475104,0.8379392623901367
HG_BraTS20_Training_246,0.878418,0.83967185,0.8171657,0.8171657,0.8450851440429688
HG_BraTS20_Training_336,0.9250872,0.93276656,0.8768772,0.8768772,0.9115769863128662
HG_BraTS20_Training_338,0.9154353,0.95955044,0.9206813,0.9206813,0.9318889776865641
HG_BraTS20_Training_344,0.8720537,0.61249113,0.6486605,0.6486605,0.7110683917999268
HG_BraTS20_Training_352,0.9122111,0.90237385,0.90293944,0.90293944,0.9058415095011393
LG_BraTS20_Training_262,0.86953735,0.58113205,1.21506685e-11,1.21506685e-11,0.48355646928151447
LG_BraTS20_Training_275,0.5600469,0.11912025,6.8399453e-12,6.8399453e-12,0.2263890504837036
LG_BraTS20_Training_278,0.6901833,0.05768712,4.699248e-12,4.699248e-12,0.24929012854894003
LG_BraTS20_Training_283,0.903439,0.71635246,0.72922474,0.72922474,0.7830053965250651
LG_BraTS20_Training_291,0.91895247,0.624828,0.045399074,0.045399074,0.529726505279541
LG_BraTS20_Training_292,0.8992412,0.6970926,0.61705863,0.61705863,0.7377974192301432
LG_BraTS20_Training_294,0.9035969,0.3760303,6.1614294e-12,6.1614294e-12,0.42654240131378174
LG_BraTS20_Training_297,0.6977583,0.66988957,1.0893246e-11,1.0893246e-11,0.45588262875874835
LG_BraTS20_Training_310,0.8604212,0.5552551,1.3095861e-12,1.3095861e-12,0.4718921184539795
LG_BraTS20_Training_324,0.8049559,0.022421954,7.446016e-12,7.446016e-12,0.27579261859258014
flairt1cet2
HG_BraTS20_Training_010,0.7927687,0.8211126,0.8570986,0.8570986,0.8236599763234457
HG_BraTS20_Training_012,0.85244536,0.81331724,0.74223304,0.74223304,0.8026652336120605
HG_BraTS20_Training_020,0.8970882,0.83823884,0.60649616,0.60649616,0.7806077003479004
HG_BraTS20_Training_070,0.891988,0.85500723,0.66145474,0.66145474,0.80281662940979
HG_BraTS20_Training_089,0.8334192,0.49276724,0.8288977,0.8288977,0.7183613777160645
HG_BraTS20_Training_119,0.70231414,0.8671565,0.719532,0.719532,0.7630008856455485
HG_BraTS20_Training_124,0.95199245,0.9226746,0.8700896,0.8700896,0.9149188995361328
HG_BraTS20_Training_128,0.8214574,0.35295913,0.43483955,0.43483955,0.5364186763763428
HG_BraTS20_Training_134,0.89378965,0.8878847,0.7381391,0.7381391,0.8399378458658854
HG_BraTS20_Training_140,0.95149755,0.9074477,0.8444771,0.8444771,0.9011407693227133
HG_BraTS20_Training_150,0.94047135,0.91617984,0.9402407,0.9402407,0.9322973092397054
HG_BraTS20_Training_180,0.68926746,0.72749,0.8185591,0.8185591,0.745105504989624
HG_BraTS20_Training_188,0.7458851,0.76605445,0.7045326,0.7045326,0.7388240496317545
HG_BraTS20_Training_191,0.9332704,0.8493238,0.7881558,0.7881558,0.8569166660308838
HG_BraTS20_Training_201,0.9225774,0.93831176,0.8479706,0.8479706,0.902953306833903
HG_BraTS20_Training_211,0.8657908,0.88200754,0.82490385,0.82490385,0.8575673898061117
HG_BraTS20_Training_212,0.91999865,0.8732627,0.6640955,0.6640955,0.8191189765930176
HG_BraTS20_Training_226,0.899158,0.912293,0.88806075,0.88806075,0.8998372554779053
HG_BraTS20_Training_232,0.81944835,0.75748086,0.7060276,0.7060276,0.7609856128692627
HG_BraTS20_Training_241,0.87849694,0.79643553,0.7588999,0.7588999,0.8112774689992269
HG_BraTS20_Training_245,0.83861184,0.7933828,0.7863235,0.7863235,0.8061060905456543
HG_BraTS20_Training_246,0.83577836,0.74912125,0.75322384,0.75322384,0.7793745199839274
HG_BraTS20_Training_336,0.9461196,0.9418968,0.8676279,0.8676279,0.9185481071472168
HG_BraTS20_Training_338,0.9230225,0.9274901,0.9118637,0.9118637,0.9207921028137207
HG_BraTS20_Training_344,0.9031965,0.7375527,0.65352964,0.65352964,0.7647596200307211
HG_BraTS20_Training_352,0.92930216,0.5052946,0.8565387,0.8565387,0.7637118498484293
LG_BraTS20_Training_262,0.86198246,0.317797,1.5938795e-12,1.5938795e-12,0.39325984319051105
LG_BraTS20_Training_275,0.7942181,0.124822915,5.8275056e-12,5.8275056e-12,0.3063470125198364
LG_BraTS20_Training_278,0.84505224,0.06745538,5.1308363e-12,5.1308363e-12,0.30416921774546307
LG_BraTS20_Training_283,0.93799084,0.6497653,0.72875077,0.72875077,0.7721689542134603
LG_BraTS20_Training_291,0.9511582,0.74032634,0.02382791,0.02382791,0.5717708269755045
LG_BraTS20_Training_292,0.9116081,0.8377867,0.4076529,0.4076529,0.719015916188558
LG_BraTS20_Training_294,0.9254037,0.727147,3.235199e-12,3.235199e-12,0.5508502324422201
LG_BraTS20_Training_297,0.7106947,0.7221403,9.596929e-12,9.596929e-12,0.4776116609573364
LG_BraTS20_Training_310,0.9166255,0.7714378,8.35771e-13,8.35771e-13,0.5626877943674723
LG_BraTS20_Training_324,0.9171888,0.040488776,9.7847355e-12,9.7847355e-12,0.31922586758931476
flairt1t2
HG_BraTS20_Training_010,0.73927015,0.7653061,0.33565447,0.33565447,0.613410234451294
HG_BraTS20_Training_012,0.8506956,0.7630283,0.5707547,0.5707547,0.7281595865885416
HG_BraTS20_Training_020,0.89083993,0.82072765,0.40974972,0.40974972,0.707105795542399
HG_BraTS20_Training_070,0.9078126,0.67014265,0.27906796,0.27906796,0.6190077463785807
HG_BraTS20_Training_089,0.8491446,0.4346011,0.25637388,0.25637388,0.5133731762568156
HG_BraTS20_Training_119,0.68909645,0.81243134,0.540474,0.540474,0.6806672414143881
HG_BraTS20_Training_124,0.9395233,0.75765973,0.48028618,0.48028618,0.7258230845133463
HG_BraTS20_Training_128,0.86029136,0.35743973,0.35674074,0.35674074,0.5248239437739054
HG_BraTS20_Training_134,0.7782644,0.5297647,0.12582979,0.12582979,0.4779529968897502
HG_BraTS20_Training_140,0.9512425,0.85497296,0.40253353,0.40253353,0.7362496852874756
HG_BraTS20_Training_150,0.92640966,0.79006225,0.5172466,0.5172466,0.7445727984110514
HG_BraTS20_Training_180,0.6942376,0.563639,0.42104614,0.42104614,0.5596409241358439
HG_BraTS20_Training_188,0.7743422,0.7662601,0.5496222,0.5496222,0.6967414220174154
HG_BraTS20_Training_191,0.9375034,0.4236238,0.25776708,0.25776708,0.5396314064661661
HG_BraTS20_Training_201,0.9224804,0.91224456,0.7278786,0.7278786,0.8542011578877767
HG_BraTS20_Training_211,0.85945004,0.7906785,0.5107456,0.5107456,0.7202913761138916
HG_BraTS20_Training_212,0.893321,0.7785863,0.40648627,0.40648627,0.6927978197733561
HG_BraTS20_Training_226,0.9124634,0.8860908,0.42950696,0.42950696,0.7426870663960775
HG_BraTS20_Training_232,0.7995053,0.472588,0.32976386,0.32976386,0.5339523951212565
HG_BraTS20_Training_241,0.87840074,0.6896594,0.53392863,0.53392863,0.7006629308064779
HG_BraTS20_Training_245,0.8762478,0.86383975,0.63942116,0.63942116,0.7931695779164633
HG_BraTS20_Training_246,0.82476705,0.6540243,0.41945544,0.41945544,0.6327489217122396
HG_BraTS20_Training_336,0.94340897,0.89012074,0.6023632,0.6023632,0.8119643529256185
HG_BraTS20_Training_338,0.92549527,0.7949722,0.4695347,0.4695347,0.7300007343292236
HG_BraTS20_Training_344,0.91741365,0.79154795,0.5100135,0.5100135,0.7396583557128906
HG_BraTS20_Training_352,0.93259424,0.48695064,0.30219218,0.30219218,0.5739123821258545
LG_BraTS20_Training_262,0.8774861,0.38930345,8.9911883e-13,8.9911883e-13,0.4222631851832072
LG_BraTS20_Training_275,0.78510404,0.0758379,1.9417476e-11,1.9417476e-11,0.28698064883550006
LG_BraTS20_Training_278,0.8305297,0.26440912,1.6276042e-12,1.6276042e-12,0.3649795850118001
LG_BraTS20_Training_283,0.94163656,0.27600166,0.28589723,0.28589723,0.501178503036499
LG_BraTS20_Training_291,0.95444256,0.70320594,0.0072339918,0.0072339918,0.5549608469009399
LG_BraTS20_Training_292,0.90544885,0.82976454,0.23511852,0.23511852,0.6567773024241129
LG_BraTS20_Training_294,0.9277178,0.75884354,8.3146256e-13,8.3146256e-13,0.562187115351359
LG_BraTS20_Training_297,0.6607351,0.6151205,4.562044e-12,4.562044e-12,0.42528518040974933
LG_BraTS20_Training_310,0.9199647,0.8268654,6.0957023e-13,6.0957023e-13,0.5822766621907552
LG_BraTS20_Training_324,0.88617015,0.11661993,8.583691e-12,8.583691e-12,0.3342633644739787
flairt1cet1
HG_BraTS20_Training_010,0.71145,0.8215201,0.8599928,0.8599928,0.7976543108622233
HG_BraTS20_Training_012,0.8548716,0.80016345,0.74165523,0.74165523,0.7988967895507812
HG_BraTS20_Training_020,0.89497674,0.82577145,0.62376297,0.62376297,0.7815036773681641
HG_BraTS20_Training_070,0.9131456,0.821032,0.67063713,0.67063713,0.8016049067179362
HG_BraTS20_Training_089,0.84679633,0.6566426,0.9003806,0.9003806,0.8012731870015463
HG_BraTS20_Training_119,0.6843122,0.87892586,0.75352395,0.75352395,0.7722539901733398
HG_BraTS20_Training_124,0.96079224,0.9459694,0.8759443,0.8759443,0.9275686740875244
HG_BraTS20_Training_128,0.85883975,0.30917758,0.36849925,0.36849925,0.5121722221374512
HG_BraTS20_Training_134,0.8628764,0.8495011,0.7397973,0.7397973,0.8173916339874268
HG_BraTS20_Training_140,0.9491797,0.9247451,0.8609672,0.8609672,0.9116306304931641
HG_BraTS20_Training_150,0.931869,0.9409141,0.9424336,0.9424336,0.9384055137634277
HG_BraTS20_Training_180,0.7557863,0.84857845,0.878364,0.878364,0.8275762399037679
HG_BraTS20_Training_188,0.72827435,0.7772102,0.71390957,0.71390957,0.7397980690002441
HG_BraTS20_Training_191,0.9233802,0.82493305,0.8180832,0.8180832,0.8554654916127523
HG_BraTS20_Training_201,0.91718477,0.9353285,0.864891,0.864891,0.9058014551798502
HG_BraTS20_Training_211,0.88165873,0.9265899,0.84059024,0.84059024,0.8829463322957357
HG_BraTS20_Training_212,0.8496642,0.7303464,0.61001974,0.61001974,0.7300101121266683
HG_BraTS20_Training_226,0.8825916,0.9143203,0.89361864,0.89361864,0.8968435128529867
HG_BraTS20_Training_232,0.81732,0.7500427,0.65430015,0.65430015,0.7405542532602946
HG_BraTS20_Training_241,0.8888753,0.8639601,0.8244867,0.8244867,0.8591073354085287
HG_BraTS20_Training_245,0.8908365,0.84545696,0.81516933,0.81516933,0.8504875500996908
HG_BraTS20_Training_246,0.86773854,0.7670656,0.81056744,0.81056744,0.8151238759358724
HG_BraTS20_Training_336,0.9445217,0.93815297,0.8716253,0.8716253,0.9181000391642252
HG_BraTS20_Training_338,0.91946846,0.9447042,0.92285895,0.92285895,0.9290105501810709
HG_BraTS20_Training_344,0.8971506,0.71278936,0.6686537,0.6686537,0.7595311800638834
HG_BraTS20_Training_352,0.9341597,0.68113315,0.8701218,0.8701218,0.8284715016682943
LG_BraTS20_Training_262,0.8933928,0.6379888,9.345794e-12,9.345794e-12,0.5104605356852213
LG_BraTS20_Training_275,0.5556789,0.0581032,7.936508e-12,7.936508e-12,0.2045940359433492
LG_BraTS20_Training_278,0.8098117,0.05346525,4.6772686e-12,4.6772686e-12,0.2877589861551921
LG_BraTS20_Training_283,0.9176943,0.6842494,0.6946234,0.6946234,0.7655224005381266
LG_BraTS20_Training_291,0.90796286,0.6370904,0.03982121,0.03982121,0.5282915035883585
LG_BraTS20_Training_292,0.8679035,0.76339036,0.4796732,0.4796732,0.7036556402842203
LG_BraTS20_Training_294,0.89811397,0.5387314,3.065604e-12,3.065604e-12,0.478948434193929
LG_BraTS20_Training_297,0.41261005,0.39329863,3.861004e-11,1.0,0.26863622665405273
LG_BraTS20_Training_310,0.90183634,0.6215441,9.994003e-13,9.994003e-13,0.5077935059865316
LG_BraTS20_Training_324,0.89058185,0.043652985,8.488964e-12,8.488964e-12,0.31141161918640137
flairt1ce
HG_BraTS20_Training_010,0.79361373,0.8439432,0.8714517,0.8714517,0.8363362153371176
HG_BraTS20_Training_012,0.8616129,0.84499526,0.7663383,0.7663383,0.8243154684702555
HG_BraTS20_Training_020,0.8944902,0.7876803,0.6110117,0.6110117,0.7643940448760986
HG_BraTS20_Training_070,0.8968188,0.73030734,0.63958806,0.63958806,0.755571444829305
HG_BraTS20_Training_089,0.8355908,0.75595,0.9316605,0.9316605,0.8410670757293701
HG_BraTS20_Training_119,0.72499007,0.88014984,0.76106954,0.76106954,0.7887365023295084
HG_BraTS20_Training_124,0.9596405,0.9591954,0.88589406,0.88589406,0.93490997950236
HG_BraTS20_Training_128,0.8170511,0.40880504,0.42619455,0.42619455,0.5506835778554281
HG_BraTS20_Training_134,0.87233675,0.8389632,0.73716986,0.73716986,0.8161565462748209
HG_BraTS20_Training_140,0.94935113,0.91831523,0.86822474,0.86822474,0.911963701248169
HG_BraTS20_Training_150,0.9335513,0.96519715,0.9529957,0.9529957,0.9505813916524252
HG_BraTS20_Training_180,0.72498196,0.83962995,0.87636864,0.87636864,0.8136601448059082
HG_BraTS20_Training_188,0.7477843,0.79053706,0.72722006,0.72722006,0.7551805178324381
HG_BraTS20_Training_191,0.9229331,0.8333759,0.8094695,0.8094695,0.8552594979604086
HG_BraTS20_Training_201,0.9229909,0.93732464,0.856078,0.856078,0.9054644902547201
HG_BraTS20_Training_211,0.87438875,0.9340285,0.8510285,0.8510285,0.8864819208780924
HG_BraTS20_Training_212,0.8551727,0.74596995,0.6385121,0.6385121,0.7465515931447347
HG_BraTS20_Training_226,0.8771705,0.8945803,0.8850282,0.8850282,0.8855930169423422
HG_BraTS20_Training_232,0.84433633,0.7863956,0.69999576,0.69999576,0.7769091924031576
HG_BraTS20_Training_241,0.87680924,0.8039537,0.7565918,0.7565918,0.8124516010284424
HG_BraTS20_Training_245,0.8796291,0.7872222,0.7847491,0.7847491,0.8172001043955485
HG_BraTS20_Training_246,0.87461054,0.66578466,0.7699105,0.7699105,0.7701019446055094
HG_BraTS20_Training_336,0.939264,0.9411756,0.8633934,0.8633934,0.914611021677653
HG_BraTS20_Training_338,0.90522134,0.95207745,0.92135197,0.92135197,0.9262169202168783
HG_BraTS20_Training_344,0.89117235,0.62987536,0.64255065,0.64255065,0.7211994330088297
HG_BraTS20_Training_352,0.7865757,0.7297689,0.87077755,0.87077755,0.7957073847452799
LG_BraTS20_Training_262,0.8688003,0.62645483,1.0775862e-11,1.0775862e-11,0.4984183708826701
LG_BraTS20_Training_275,0.7775014,0.04972571,1.344086e-11,1.344086e-11,0.2757423718770345
LG_BraTS20_Training_278,0.8264524,0.0074657146,5.2083333e-12,5.2083333e-12,0.2779726982116699
LG_BraTS20_Training_283,0.91990936,0.6889179,0.68560106,0.68560106,0.7648094495137533
LG_BraTS20_Training_291,0.9146016,0.5985659,0.0438856,0.0438856,0.5190176963806152
LG_BraTS20_Training_292,0.86287004,0.7331947,0.53305304,0.53305304,0.7097059885660807
LG_BraTS20_Training_294,0.8597296,0.26895517,5.8275056e-12,5.8275056e-12,0.37622825304667157
LG_BraTS20_Training_297,0.49496144,0.40314186,4.587156e-11,1.0,0.2993677655855815
LG_BraTS20_Training_310,0.88457566,0.44875813,6.196171e-13,6.196171e-13,0.44444457689921063
LG_BraTS20_Training_324,0.90518135,0.0034022152,6.9444446e-12,6.9444446e-12,0.3028611938158671
flairt2
HG_BraTS20_Training_010,0.74116486,0.7669821,0.46468368,0.46468368,0.6576102177302042
HG_BraTS20_Training_012,0.8422715,0.679991,0.45473683,0.45473683,0.6589998006820679
HG_BraTS20_Training_020,0.89048874,0.8380745,0.40967086,0.40967086,0.7127447128295898
HG_BraTS20_Training_070,0.89696795,0.6476633,0.25863224,0.25863224,0.6010878086090088
HG_BraTS20_Training_089,0.8509514,0.3867831,0.26137957,0.26137957,0.49970467885335285
HG_BraTS20_Training_119,0.7304221,0.82640207,0.53333336,0.53333336,0.6967191696166992
HG_BraTS20_Training_124,0.9369939,0.7866412,0.50534964,0.50534964,0.7429949442545573
HG_BraTS20_Training_128,0.8639656,0.20779581,0.20326455,0.20326455,0.4250086545944214
HG_BraTS20_Training_134,0.8006053,0.643384,0.31974518,0.31974518,0.5879114866256714
HG_BraTS20_Training_140,0.94831693,0.82884663,0.45493323,0.45493323,0.7440322240193685
HG_BraTS20_Training_150,0.92832917,0.80654526,0.53903085,0.53903085,0.7579684257507324
HG_BraTS20_Training_180,0.67208,0.5211945,0.39692447,0.39692447,0.5300663312276205
HG_BraTS20_Training_188,0.76734316,0.70358366,0.45962182,0.45962182,0.6435161828994751
HG_BraTS20_Training_191,0.9395554,0.6101684,0.33210886,0.33210886,0.6272775729497274
HG_BraTS20_Training_201,0.9351432,0.8611462,0.6676733,0.6676733,0.8213209311167399
HG_BraTS20_Training_211,0.854697,0.79975647,0.5209978,0.5209978,0.7251504262288412
HG_BraTS20_Training_212,0.900593,0.8140147,0.4129239,0.4129239,0.7091771761576334
HG_BraTS20_Training_226,0.90374434,0.8692973,0.46114337,0.46114337,0.7447284062703451
HG_BraTS20_Training_232,0.80852616,0.5859571,0.42736545,0.42736545,0.6072829167048136
HG_BraTS20_Training_241,0.87242335,0.5929953,0.47811237,0.47811237,0.6478436390558878
HG_BraTS20_Training_245,0.79356825,0.7983194,0.54004204,0.54004204,0.7106432914733887
HG_BraTS20_Training_246,0.79819643,0.60352486,0.4144073,0.4144073,0.6053761641184489
HG_BraTS20_Training_336,0.93770516,0.89607716,0.6137199,0.6137199,0.8158340454101562
HG_BraTS20_Training_338,0.90873426,0.792682,0.50924325,0.50924325,0.7368865013122559
HG_BraTS20_Training_344,0.9099069,0.7992605,0.4355947,0.4355947,0.7149207592010498
HG_BraTS20_Training_352,0.922053,0.4521986,0.40862218,0.40862218,0.5942912499109904
LG_BraTS20_Training_262,0.8667696,0.22700822,4.715869e-13,4.715869e-13,0.3645926316579183
LG_BraTS20_Training_275,0.781952,0.11667822,1.6313213e-11,1.6313213e-11,0.29954342047373456
LG_BraTS20_Training_278,0.839807,0.321566,1.460707e-12,1.460707e-12,0.38712430000305176
LG_BraTS20_Training_283,0.9366619,0.44007525,0.40509543,0.40509543,0.5939441919326782
LG_BraTS20_Training_291,0.9585953,0.72064286,0.007809622,0.007809622,0.5623492399851481
LG_BraTS20_Training_292,0.9176212,0.8187518,0.23626685,0.23626685,0.657546599706014
LG_BraTS20_Training_294,0.9185533,0.70802957,8.3906693e-13,8.3906693e-13,0.5421942869822184
LG_BraTS20_Training_297,0.68460697,0.62467915,3.9888314e-12,3.9888314e-12,0.436428705851237
LG_BraTS20_Training_310,0.917066,0.82171726,4.346692e-13,4.346692e-13,0.5795944134394327
LG_BraTS20_Training_324,0.8872972,0.20513092,2.3369945e-12,2.3369945e-12,0.3641426960627238
t1t2
HG_BraTS20_Training_010,0.75106025,0.6771289,0.3226045,0.3226045,0.5835978984832764
HG_BraTS20_Training_012,0.85971516,0.7863015,0.6678603,0.6678603,0.7712922890981039
HG_BraTS20_Training_020,0.87589234,0.7716253,0.36887273,0.36887273,0.6721301078796387
HG_BraTS20_Training_070,0.86699057,0.73798525,0.35835293,0.35835293,0.6544429063796997
HG_BraTS20_Training_089,0.8425341,0.44808617,0.3391906,0.3391906,0.5432703097661337
HG_BraTS20_Training_119,0.67907196,0.75553894,0.48654574,0.48654574,0.6403855482737223
HG_BraTS20_Training_124,0.921786,0.7188129,0.44523507,0.44523507,0.69527800877889
HG_BraTS20_Training_128,0.815717,0.28608415,0.25264728,0.25264728,0.4514828125635783
HG_BraTS20_Training_134,0.77182055,0.6025623,0.23428757,0.23428757,0.5362234910329183
HG_BraTS20_Training_140,0.9376432,0.84095657,0.3860988,0.3860988,0.7215662002563477
HG_BraTS20_Training_150,0.87856925,0.8425952,0.7044824,0.7044824,0.8085489273071289
HG_BraTS20_Training_180,0.6801716,0.4611014,0.3763631,0.3763631,0.5058786869049072
HG_BraTS20_Training_188,0.6976391,0.700723,0.55786973,0.55786973,0.6520772775014242
HG_BraTS20_Training_191,0.9192018,0.31805143,0.2888191,0.2888191,0.5086907545725504
HG_BraTS20_Training_201,0.9028211,0.89721495,0.773146,0.773146,0.8577273686726888
HG_BraTS20_Training_211,0.8353697,0.8266731,0.5862382,0.5862382,0.7494270006815592
HG_BraTS20_Training_212,0.85634655,0.7230907,0.42010677,0.42010677,0.6665146748224894
HG_BraTS20_Training_226,0.8819019,0.83456856,0.4173257,0.4173257,0.7112654050191244
HG_BraTS20_Training_232,0.7055614,0.53160715,0.38431925,0.38431925,0.5404959519704183
HG_BraTS20_Training_241,0.8725437,0.7145313,0.59888613,0.59888613,0.7286537488301595
HG_BraTS20_Training_245,0.89341944,0.8324858,0.64087987,0.64087987,0.7889283498128256
HG_BraTS20_Training_246,0.8775666,0.79619604,0.52879745,0.52879745,0.7341866493225098
HG_BraTS20_Training_336,0.9252062,0.8584332,0.61227435,0.61227435,0.7986379464467367
HG_BraTS20_Training_338,0.9199524,0.7764107,0.5318825,0.5318825,0.7427485783894857
HG_BraTS20_Training_344,0.884354,0.77045983,0.4904735,0.4904735,0.7150957584381104
HG_BraTS20_Training_352,0.89876103,0.45114893,0.5128069,0.5128069,0.6209056377410889
LG_BraTS20_Training_262,0.8622442,0.446064,9.978048e-13,9.978048e-13,0.4361027081807454
LG_BraTS20_Training_275,0.6084005,0.05884395,1.552795e-11,1.552795e-11,0.22241483132044473
LG_BraTS20_Training_278,0.71807486,0.22819361,1.3342228e-12,1.3342228e-12,0.3154228130976359
LG_BraTS20_Training_283,0.89915234,0.35483697,0.36250365,0.36250365,0.5388309955596924
LG_BraTS20_Training_291,0.93808556,0.7356912,0.009161203,0.009161203,0.5609793265660604
LG_BraTS20_Training_292,0.88942134,0.7528961,0.25554717,0.25554717,0.6326215267181396
LG_BraTS20_Training_294,0.87791145,0.60965085,1.0876659e-12,1.0876659e-12,0.49585409959157306
LG_BraTS20_Training_297,0.6870749,0.7189706,2.3250408e-12,2.3250408e-12,0.46868181228637695
LG_BraTS20_Training_310,0.86987853,0.76592237,5.465078e-13,5.465078e-13,0.5452669461568197
LG_BraTS20_Training_324,0.83801556,0.282312,1.659751e-12,1.659751e-12,0.37344253063201904
flairt1
HG_BraTS20_Training_010,0.718613,0.68397325,0.38422146,0.38422146,0.595602552096049
HG_BraTS20_Training_012,0.8538879,0.7879653,0.60762924,0.60762924,0.7498274644215902
HG_BraTS20_Training_020,0.8927292,0.8101248,0.37615365,0.37615365,0.6930025418599447
HG_BraTS20_Training_070,0.90243393,0.7417788,0.3544132,0.3544132,0.6662086645762125
HG_BraTS20_Training_089,0.844915,0.44199458,0.38668686,0.38668686,0.5578654607137045
HG_BraTS20_Training_119,0.68506646,0.830564,0.5546446,0.5546446,0.6900916894276937
HG_BraTS20_Training_124,0.93775636,0.7422561,0.48857504,0.48857504,0.7228624820709229
HG_BraTS20_Training_128,0.8356197,0.32395497,0.3171618,0.3171618,0.49224547545115155
HG_BraTS20_Training_134,0.6726174,0.17727219,0.09363187,0.09363187,0.3145071466763814
HG_BraTS20_Training_140,0.9441994,0.85527635,0.4561502,0.4561502,0.7518753210703532
HG_BraTS20_Training_150,0.9122453,0.7044475,0.5682635,0.5682635,0.7283187707265218
HG_BraTS20_Training_180,0.7341302,0.673952,0.53902656,0.53902656,0.6490362485249838
HG_BraTS20_Training_188,0.74227345,0.5751923,0.44353458,0.44353458,0.5870001316070557
HG_BraTS20_Training_191,0.9340086,0.49923348,0.4339998,0.4339998,0.6224139531453451
HG_BraTS20_Training_201,0.9268772,0.86996853,0.7449733,0.7449733,0.847273031870524
HG_BraTS20_Training_211,0.83495456,0.7069741,0.5538018,0.5538018,0.6985767682393392
HG_BraTS20_Training_212,0.78689057,0.5596218,0.31132278,0.31132278,0.5526117086410522
HG_BraTS20_Training_226,0.87842995,0.79117894,0.4732439,0.4732439,0.7142842610677084
HG_BraTS20_Training_232,0.88304317,0.386841,0.2492605,0.2492605,0.5063815514246622
HG_BraTS20_Training_241,0.8791766,0.6021334,0.46550766,0.46550766,0.6489392121632894
HG_BraTS20_Training_245,0.89223915,0.8328371,0.59948635,0.59948635,0.7748541831970215
HG_BraTS20_Training_246,0.84886277,0.4690175,0.2395759,0.2395759,0.519152045249939
HG_BraTS20_Training_336,0.9433391,0.9129746,0.70798004,0.70798004,0.8547646204630533
HG_BraTS20_Training_338,0.8788984,0.7371523,0.53777236,0.53777236,0.7179410457611084
HG_BraTS20_Training_344,0.9081188,0.7870149,0.56598616,0.56598616,0.7537066141764323
HG_BraTS20_Training_352,0.88366574,0.40791762,0.38042307,0.38042307,0.5573354562123617
LG_BraTS20_Training_262,0.87061894,0.4444217,1.0208248e-12,1.0208248e-12,0.43834686279296875
LG_BraTS20_Training_275,0.73434466,0.0045295837,2.5e-10,1.0,0.24629141887029013
LG_BraTS20_Training_278,0.8393059,0.30381328,1.1996161e-12,1.1996161e-12,0.38103969891866046
LG_BraTS20_Training_283,0.9278609,0.27831048,0.28324938,0.28324938,0.49647359053293866
LG_BraTS20_Training_291,0.92026544,0.6835001,0.003637732,0.003637732,0.53580109278361
LG_BraTS20_Training_292,0.85860443,0.7495589,0.16992816,0.16992816,0.5926971832911173
LG_BraTS20_Training_294,0.88948786,0.6178235,4.273139e-13,4.273139e-13,0.5024371147155762
LG_BraTS20_Training_297,0.57743555,0.38024932,2.0076289e-12,2.0076289e-12,0.31922829151153564
LG_BraTS20_Training_310,0.9225588,0.81730914,3.485292e-13,3.485292e-13,0.5799559752146403
LG_BraTS20_Training_324,0.8810652,0.4066575,2.967359e-12,2.967359e-12,0.4292409022649129
t1cet1
HG_BraTS20_Training_010,0.5591476,0.8817105,0.8758377,0.8758377,0.7722318967183431
HG_BraTS20_Training_012,0.75359166,0.87535477,0.8026966,0.8026966,0.810547669728597
HG_BraTS20_Training_020,0.8089742,0.7095545,0.6053562,0.6053562,0.707961638768514
HG_BraTS20_Training_070,0.72839767,0.7485962,0.62844634,0.62844634,0.7018133799235026
HG_BraTS20_Training_089,0.7615817,0.86967325,0.89911187,0.89911187,0.8434556325276693
HG_BraTS20_Training_119,0.5610545,0.878833,0.7767939,0.7767939,0.7388938268025717
HG_BraTS20_Training_124,0.81043965,0.9028881,0.8287485,0.8287485,0.847358783086141
HG_BraTS20_Training_128,0.3406288,0.37360093,0.38499588,0.38499588,0.3664085070292155
HG_BraTS20_Training_134,0.8072498,0.8332096,0.71773785,0.71773785,0.7860657374064127
HG_BraTS20_Training_140,0.8872787,0.92653424,0.86042017,0.86042017,0.8914110660552979
HG_BraTS20_Training_150,0.85088396,0.95153356,0.93895215,0.93895215,0.9137899080912272
HG_BraTS20_Training_180,0.7408858,0.8957297,0.885662,0.885662,0.8407591978708903
HG_BraTS20_Training_188,0.5628068,0.8304915,0.76079303,0.76079303,0.7180304527282715
HG_BraTS20_Training_191,0.77043355,0.7942252,0.7896124,0.7896124,0.7847570578257242
HG_BraTS20_Training_201,0.8437225,0.9383326,0.8627005,0.8627005,0.8815852006276449
HG_BraTS20_Training_211,0.752171,0.9354813,0.85201883,0.85201883,0.8465570608774821
HG_BraTS20_Training_212,0.68406254,0.6112888,0.6396358,0.6396358,0.6449956893920898
HG_BraTS20_Training_226,0.6876462,0.91696036,0.88588184,0.88588184,0.8301628430684408
HG_BraTS20_Training_232,0.6481746,0.81726074,0.8011702,0.8011702,0.7555351257324219
HG_BraTS20_Training_241,0.8351235,0.850076,0.8017434,0.8017434,0.8289809226989746
HG_BraTS20_Training_245,0.83695763,0.7892365,0.77702266,0.77702266,0.8010722796122233
HG_BraTS20_Training_246,0.7586902,0.82926714,0.84581566,0.84581566,0.8112576802571615
HG_BraTS20_Training_336,0.8623061,0.91776866,0.8398662,0.8398662,0.8733136653900146
HG_BraTS20_Training_338,0.83130026,0.9498496,0.91235226,0.91235226,0.897834062576294
HG_BraTS20_Training_344,0.7962429,0.61665785,0.6614286,0.6614286,0.691443125406901
HG_BraTS20_Training_352,0.8001471,0.86211205,0.8770071,0.8770071,0.846422036488851
LG_BraTS20_Training_262,0.72829705,0.20709434,2.2675736e-11,1.0,0.3117971420288086
LG_BraTS20_Training_275,0.2392765,0.0012888971,3.2786884e-11,1.0,0.08018846313158672
LG_BraTS20_Training_278,0.13564944,1.6098653e-13,4.428698e-12,4.428698e-12,0.04521648089090983
LG_BraTS20_Training_283,0.69477236,0.79635906,0.7924469,0.7924469,0.761192798614502
LG_BraTS20_Training_291,0.71062344,0.33620024,0.0105152475,0.0105152475,0.3524463176727295
LG_BraTS20_Training_292,0.82184255,0.6336233,0.59043866,0.59043866,0.6819681326548258
LG_BraTS20_Training_294,0.7622832,0.02867961,1.2755102e-11,1.2755102e-11,0.26365427176157635
LG_BraTS20_Training_297,0.20225847,0.09688689,1.0,1.0,0.43304844697316486
LG_BraTS20_Training_310,0.7195648,0.15553859,1.2970169e-12,1.2970169e-12,0.29170111815134686
LG_BraTS20_Training_324,0.66007143,0.00045467462,4.1701417e-12,4.1701417e-12,0.22017536560694376
t1cet2
HG_BraTS20_Training_010,0.6877079,0.86908853,0.8694922,0.8694922,0.8087628682454427
HG_BraTS20_Training_012,0.82785696,0.8272162,0.7649639,0.7649639,0.8066790103912354
HG_BraTS20_Training_020,0.8723981,0.79851294,0.60574156,0.60574156,0.7588841915130615
HG_BraTS20_Training_070,0.85339934,0.8439921,0.6696151,0.6696151,0.7890021800994873
HG_BraTS20_Training_089,0.8428536,0.6220589,0.9061535,0.9061535,0.790355364481608
HG_BraTS20_Training_119,0.6708274,0.8769049,0.7873902,0.7873902,0.778374195098877
HG_BraTS20_Training_124,0.9245448,0.9209146,0.8680853,0.8680853,0.9045149485270182
HG_BraTS20_Training_128,0.7203297,0.56938976,0.5820017,0.5820017,0.6239070494969686
HG_BraTS20_Training_134,0.87428087,0.8959133,0.73487717,0.73487717,0.8350238005320231
HG_BraTS20_Training_140,0.9402472,0.9256921,0.85538787,0.85538787,0.9071090221405029
HG_BraTS20_Training_150,0.8864009,0.9425501,0.9337827,0.9337827,0.9209112326304117
HG_BraTS20_Training_180,0.7099071,0.77220535,0.84962696,0.84962696,0.7772464752197266
HG_BraTS20_Training_188,0.669068,0.81221956,0.7398742,0.7398742,0.7403872013092041
HG_BraTS20_Training_191,0.90956914,0.8560745,0.85057235,0.85057235,0.8720719814300537
HG_BraTS20_Training_201,0.89194703,0.9291871,0.8632785,0.8632785,0.8948041598002116
HG_BraTS20_Training_211,0.8384511,0.9309685,0.84725744,0.84725744,0.8722256819407145
HG_BraTS20_Training_212,0.8451995,0.7848271,0.66443235,0.66443235,0.7648196220397949
HG_BraTS20_Training_226,0.8702283,0.90603817,0.8808991,0.8808991,0.8857218424479166
HG_BraTS20_Training_232,0.68372375,0.80766016,0.792285,0.792285,0.7612229983011881
HG_BraTS20_Training_241,0.84433323,0.7597733,0.7466956,0.7466956,0.7836007277170817
HG_BraTS20_Training_245,0.81696886,0.7925686,0.7785162,0.7785162,0.7960178852081299
HG_BraTS20_Training_246,0.8672816,0.8111855,0.8222064,0.8222064,0.8335577646891276
HG_BraTS20_Training_336,0.93086797,0.94037217,0.8821719,0.8821719,0.9178040027618408
HG_BraTS20_Training_338,0.91457933,0.9549286,0.91711545,0.91711545,0.9288744926452637
HG_BraTS20_Training_344,0.8584931,0.60009295,0.65733254,0.65733254,0.7053062121073405
HG_BraTS20_Training_352,0.9060503,0.8637653,0.89390546,0.89390546,0.8879070281982422
LG_BraTS20_Training_262,0.86467147,0.5552799,4.593477e-12,4.593477e-12,0.47331714630126953
LG_BraTS20_Training_275,0.5189597,0.07716317,1.09769485e-11,1.09769485e-11,0.1987076203028361
LG_BraTS20_Training_278,0.6415534,0.05078848,4.364906e-12,4.364906e-12,0.23078062136967978
LG_BraTS20_Training_283,0.87858284,0.77437013,0.8189387,0.8189387,0.8239638805389404
LG_BraTS20_Training_291,0.9264793,0.7141742,0.030320872,0.030320872,0.556991457939148
LG_BraTS20_Training_292,0.89595765,0.7949422,0.5882842,0.5882842,0.7597280343373617
LG_BraTS20_Training_294,0.89736915,0.57698435,3.4176349e-12,3.4176349e-12,0.4914511839548747
LG_BraTS20_Training_297,0.6443467,0.6651444,7.627765e-12,7.627765e-12,0.4364970525105794
LG_BraTS20_Training_310,0.8631795,0.658674,1.0158472e-12,1.0158472e-12,0.5072844823201498
LG_BraTS20_Training_324,0.80712414,0.08221326,9.165902e-12,9.165902e-12,0.2964458068211873
flair
HG_BraTS20_Training_010,0.7105135,0.74405086,0.47855607,0.47855607,0.6443734566370646
HG_BraTS20_Training_012,0.844448,0.69457334,0.43736854,0.43736854,0.6587965885798136
HG_BraTS20_Training_020,0.8939683,0.8281555,0.37282875,0.37282875,0.6983175277709961
HG_BraTS20_Training_070,0.89793164,0.4131779,0.15747732,0.15747732,0.48952897389729816
HG_BraTS20_Training_089,0.7686675,0.5911568,0.4383509,0.4383509,0.5993917385737101
HG_BraTS20_Training_119,0.6923366,0.8098035,0.564112,0.564112,0.6887506643931071
HG_BraTS20_Training_124,0.9421456,0.79262143,0.4273125,0.4273125,0.7206931114196777
HG_BraTS20_Training_128,0.8558986,0.26790202,0.2588504,0.2588504,0.46088369687398273
HG_BraTS20_Training_134,0.66065973,0.12446919,0.07189934,0.07189934,0.28567610184351605
HG_BraTS20_Training_140,0.9530899,0.8113578,0.5355263,0.5355263,0.7666579882303873
HG_BraTS20_Training_150,0.8831791,0.66798633,0.39361948,0.39361948,0.6482616265614828
HG_BraTS20_Training_180,0.73996466,0.6948394,0.55315906,0.55315906,0.6626543998718262
HG_BraTS20_Training_188,0.6727952,0.4462895,0.22035785,0.22035785,0.4464808702468872
HG_BraTS20_Training_191,0.9328383,0.6132269,0.38190737,0.38190737,0.6426575183868408
HG_BraTS20_Training_201,0.9359961,0.86379397,0.5923253,0.5923253,0.7973718643188477
HG_BraTS20_Training_211,0.8463837,0.71174765,0.40358222,0.40358222,0.6539045174916586
HG_BraTS20_Training_212,0.79221106,0.5779518,0.24747053,0.24747053,0.53921111424764
HG_BraTS20_Training_226,0.88519776,0.7389944,0.56881154,0.56881154,0.7310012181599935
HG_BraTS20_Training_232,0.86389685,0.33229914,0.2751713,0.2751713,0.4904557466506958
HG_BraTS20_Training_241,0.86134595,0.25752646,0.17810908,0.17810908,0.43232715129852295
HG_BraTS20_Training_245,0.67283195,0.68764156,0.5384035,0.5384035,0.6329590082168579
HG_BraTS20_Training_246,0.7894158,0.24649113,0.22572063,0.22572063,0.42054251829783124
HG_BraTS20_Training_336,0.9410593,0.890166,0.5949739,0.5949739,0.808733065923055
HG_BraTS20_Training_338,0.86859137,0.7076933,0.46331316,0.46331316,0.6798659165700277
HG_BraTS20_Training_344,0.90839094,0.72988605,0.48586354,0.48586354,0.7080468336741129
HG_BraTS20_Training_352,0.4746403,0.14944889,0.1913385,0.1913385,0.2718092203140259
LG_BraTS20_Training_262,0.8667978,0.27302492,6.4549445e-13,6.4549445e-13,0.3799409071604411
LG_BraTS20_Training_275,0.75798875,0.094283834,6.3694267e-12,6.3694267e-12,0.28409085671106976
LG_BraTS20_Training_278,0.8292045,0.15626967,2.1217908e-12,2.1217908e-12,0.3284913897514343
LG_BraTS20_Training_283,0.9367303,0.46556535,0.3658762,0.3658762,0.5893906354904175
LG_BraTS20_Training_291,0.9279246,0.72703123,0.00231934,0.00231934,0.5524250666300455
LG_BraTS20_Training_292,0.7407419,0.23660657,0.18426967,0.18426967,0.3872060378392537
LG_BraTS20_Training_294,0.87738156,0.5208245,7.137249e-13,7.137249e-13,0.46606866518656415
LG_BraTS20_Training_297,0.27808744,0.00065207644,4.347826e-10,1.0,0.09291317065556844
LG_BraTS20_Training_310,0.915952,0.76935333,2.786602e-13,2.786602e-13,0.5617684523264567
LG_BraTS20_Training_324,0.8932805,0.16358584,2.310536e-12,2.310536e-12,0.35228880246480304
t1
HG_BraTS20_Training_010,0.52692986,0.5459976,0.3189032,0.3189032,0.4639435609181722
HG_BraTS20_Training_012,0.7932301,0.7762278,0.6630064,0.6630064,0.7441547711690267
HG_BraTS20_Training_020,0.84711385,0.54880714,0.23314819,0.23314819,0.5430230696996053
HG_BraTS20_Training_070,0.80284226,0.7502555,0.35575378,0.35575378,0.6362838347752889
HG_BraTS20_Training_089,0.7774942,0.4905167,0.43604395,0.43604395,0.5680182774861654
HG_BraTS20_Training_119,0.60315853,0.74812293,0.47940758,0.47940758,0.6102296511332194
HG_BraTS20_Training_124,0.7972677,0.64149064,0.4100889,0.4100889,0.6162824233373007
HG_BraTS20_Training_128,0.33258706,0.102239534,0.10830325,0.10830325,0.18104328711827597
HG_BraTS20_Training_134,0.5483894,0.3927273,0.0910289,0.0910289,0.344048539797465
HG_BraTS20_Training_140,0.83633286,0.7599108,0.17443593,0.17443593,0.5902265310287476
HG_BraTS20_Training_150,0.78656167,0.76845336,0.58345824,0.58345824,0.7128244241078695
HG_BraTS20_Training_180,0.6163661,0.40327618,0.28795004,0.28795004,0.43586409091949463
HG_BraTS20_Training_188,0.5327867,0.6024639,0.43748593,0.43748593,0.5242455005645752
HG_BraTS20_Training_191,0.73923135,0.20525742,0.16689235,0.16689235,0.37046035130818683
HG_BraTS20_Training_201,0.8331454,0.747477,0.59110904,0.59110904,0.7239104906717936
HG_BraTS20_Training_211,0.72595847,0.7885929,0.5883799,0.5883799,0.700977087020874
HG_BraTS20_Training_212,0.73573947,0.611976,0.3357646,0.3357646,0.5611600081125895
HG_BraTS20_Training_226,0.79402196,0.7849997,0.3945491,0.3945491,0.6578569412231445
HG_BraTS20_Training_232,0.6784632,0.4328141,0.26562962,0.26562962,0.45896899700164795
HG_BraTS20_Training_241,0.8222887,0.6468671,0.39926457,0.39926457,0.6228067874908447
HG_BraTS20_Training_245,0.8085399,0.66367763,0.54154485,0.54154485,0.6712541580200195
HG_BraTS20_Training_246,0.7693276,0.58499277,0.29831505,0.29831505,0.5508784453074137
HG_BraTS20_Training_336,0.8461936,0.8393811,0.6047623,0.6047623,0.7634456952412924
HG_BraTS20_Training_338,0.80650336,0.7122425,0.4945009,0.4945009,0.6710822582244873
HG_BraTS20_Training_344,0.81652737,0.8300221,0.553558,0.553558,0.7333691914876302
HG_BraTS20_Training_352,0.8055759,0.3254266,0.46982822,0.46982822,0.5336102644602457
LG_BraTS20_Training_262,0.6688951,0.7235426,4.1407867e-12,4.1407867e-12,0.4641458988189697
LG_BraTS20_Training_275,0.20263754,8.826125e-13,1.3368984e-11,1.3368984e-11,0.06754584610462189
LG_BraTS20_Training_278,0.53080094,0.17929588,2.2925264e-12,2.2925264e-12,0.23669894536336264
LG_BraTS20_Training_283,0.00068876456,8.7382033e-13,8.852691e-13,8.865248e-13,0.00022958818590268493
LG_BraTS20_Training_291,0.83139485,0.67310244,0.0061769667,0.0061769667,0.503558079401652
LG_BraTS20_Training_292,0.8207352,0.82099825,0.18492895,0.18492895,0.6088874340057373
LG_BraTS20_Training_294,0.75984335,0.63530254,6.5006827e-13,6.5006827e-13,0.4650486310323079
LG_BraTS20_Training_297,0.3821009,0.5045613,3.868472e-12,3.868472e-12,0.29555408159891766
LG_BraTS20_Training_310,0.82074475,0.72652185,4.4259537e-13,4.4259537e-13,0.5157555341720581
LG_BraTS20_Training_324,0.6478121,0.32354203,1.6108248e-12,1.6108248e-12,0.3237847089767456
t1c
HG_BraTS20_Training_010,0.47340888,0.859648,0.8729558,0.8729558,0.7353375752766927
HG_BraTS20_Training_012,0.7153574,0.8601676,0.79873115,0.79873115,0.791418711344401
HG_BraTS20_Training_020,0.7516524,0.71083117,0.5887845,0.5887845,0.6837560335795084
HG_BraTS20_Training_070,0.55752885,0.66818196,0.5992343,0.5992343,0.6083150704701742
HG_BraTS20_Training_089,0.58174795,0.80451506,0.9295596,0.9295596,0.7719408671061198
HG_BraTS20_Training_119,0.54248065,0.85081655,0.76258844,0.76258844,0.7186285654703776
HG_BraTS20_Training_124,0.7534857,0.862353,0.81196594,0.81196594,0.8092682361602783
HG_BraTS20_Training_128,0.003331036,0.025897587,0.027777778,7.836991e-12,0.019002133359511692
HG_BraTS20_Training_134,0.77764624,0.8265702,0.7392949,0.7392949,0.7811704476674398
HG_BraTS20_Training_140,0.8686355,0.90760607,0.8637432,0.8637432,0.8799948692321777
HG_BraTS20_Training_150,0.8425939,0.9554186,0.94315946,0.94315946,0.9137239456176758
HG_BraTS20_Training_180,0.7625388,0.92058706,0.8866492,0.8866492,0.8565917015075684
HG_BraTS20_Training_188,0.5107109,0.84593153,0.7788871,0.7788871,0.7118431727091471
HG_BraTS20_Training_191,0.72927916,0.8172721,0.81328315,0.81328315,0.7866114775339762
HG_BraTS20_Training_201,0.81166935,0.9226569,0.8508657,0.8508657,0.8617306550343832
HG_BraTS20_Training_211,0.74486953,0.9289167,0.84745675,0.84745675,0.84041428565979
HG_BraTS20_Training_212,0.5529684,0.47528574,0.56104493,0.56104493,0.5297663609186808
HG_BraTS20_Training_226,0.7261604,0.91011417,0.88706034,0.88706034,0.8411116600036621
HG_BraTS20_Training_232,0.6010349,0.80551594,0.80930924,0.80930924,0.7386200428009033
HG_BraTS20_Training_241,0.6466009,0.73837423,0.6974623,0.6974623,0.6941458384195963
HG_BraTS20_Training_245,0.7480214,0.7320749,0.73197365,0.73197365,0.7373566627502441
HG_BraTS20_Training_246,0.6424677,0.6590976,0.85689384,0.85689384,0.719486395517985
HG_BraTS20_Training_336,0.86094534,0.92940325,0.8509352,0.8509352,0.8804279168446859
HG_BraTS20_Training_338,0.83392256,0.94566643,0.9100853,0.9100853,0.8965581258138021
HG_BraTS20_Training_344,0.76068735,0.543122,0.6149172,0.6149172,0.6395755608876547
HG_BraTS20_Training_352,0.7860309,0.84801453,0.87799865,0.87799865,0.8373479843139648
LG_BraTS20_Training_262,0.7092214,0.69156224,9.881423e-12,9.881423e-12,0.4669278860092163
LG_BraTS20_Training_275,0.029919382,9.472388e-13,1.0,1.0,0.3433064619700114
LG_BraTS20_Training_278,0.053718287,1.5910899e-13,3.965107e-12,3.965107e-12,0.01790609583258629
LG_BraTS20_Training_283,0.63163155,0.8131941,0.8107478,0.8107478,0.7518578370412191
LG_BraTS20_Training_291,0.55079955,0.48673803,1.0893246e-11,1.0893246e-11,0.34584585825602215
LG_BraTS20_Training_292,0.79846823,0.816828,0.47041366,0.47041366,0.695236603418986
LG_BraTS20_Training_294,0.47426063,0.020521043,1.8315018e-11,1.8315018e-11,0.16492722431818643
LG_BraTS20_Training_297,0.009571159,0.0211495,1.0,1.0,0.34357357025146484
LG_BraTS20_Training_310,0.61253226,0.29261455,5.722461e-13,5.722461e-13,0.301715612411499
LG_BraTS20_Training_324,0.6124697,0.0025127358,1.860119e-12,1.860119e-12,0.20499414205551147
t2
HG_BraTS20_Training_010,0.7053558,0.6588722,0.48462862,0.48462862,0.6162855625152588
HG_BraTS20_Training_012,0.815666,0.72365093,0.5299064,0.5299064,0.6897411346435547
HG_BraTS20_Training_020,0.8669457,0.75359535,0.36386576,0.36386576,0.6614689429601034
HG_BraTS20_Training_070,0.8529541,0.5696395,0.20793469,0.20793469,0.5435094436009725
HG_BraTS20_Training_089,0.8364316,0.46602616,0.37996706,0.37996706,0.5608083009719849
HG_BraTS20_Training_119,0.6782684,0.60848826,0.31024775,0.31024775,0.5323348045349121
HG_BraTS20_Training_124,0.91311526,0.7195351,0.41946474,0.41946474,0.6840384006500244
HG_BraTS20_Training_128,0.76773304,0.13206135,0.1251686,0.1251686,0.34165434042612713
HG_BraTS20_Training_134,0.7570755,0.36310312,0.23395373,0.23395373,0.4513774315516154
HG_BraTS20_Training_140,0.9339727,0.846882,0.45498317,0.45498317,0.7452793121337891
HG_BraTS20_Training_150,0.8795378,0.8103101,0.67355627,0.67355627,0.7878014246622721
HG_BraTS20_Training_180,0.6460681,0.4475064,0.22144966,0.22144966,0.4383413791656494
HG_BraTS20_Training_188,0.68118155,0.73566157,0.57404846,0.57404846,0.6636305650075277
HG_BraTS20_Training_191,0.9212555,0.3418558,0.26075685,0.26075685,0.507956067721049
HG_BraTS20_Training_201,0.8928127,0.8424197,0.6704315,0.6704315,0.8018879890441895
HG_BraTS20_Training_211,0.8295897,0.8551369,0.62025076,0.62025076,0.7683258056640625
HG_BraTS20_Training_212,0.8916143,0.77028227,0.39759037,0.39759037,0.6864956219991049
HG_BraTS20_Training_226,0.8775823,0.81168437,0.3807353,0.3807353,0.6900006930033366
HG_BraTS20_Training_232,0.6825323,0.5593893,0.43419316,0.43419316,0.5587049325307211
HG_BraTS20_Training_241,0.84024996,0.49001136,0.40478253,0.40478253,0.5783479611078898
HG_BraTS20_Training_245,0.79861796,0.7881821,0.5275405,0.5275405,0.7047801812489828
HG_BraTS20_Training_246,0.84451014,0.7433734,0.48619917,0.48619917,0.691360870997111
HG_BraTS20_Training_336,0.93284214,0.82134205,0.55755013,0.55755013,0.770578145980835
HG_BraTS20_Training_338,0.9095149,0.7330993,0.45352742,0.45352742,0.6987138589223226
HG_BraTS20_Training_344,0.8525221,0.63205874,0.40186915,0.40186915,0.6288166443506876
HG_BraTS20_Training_352,0.8945173,0.5106646,0.41193745,0.41193745,0.6057064533233643
LG_BraTS20_Training_262,0.85780776,0.23158233,5.00025e-13,5.00025e-13,0.3631300131479899
LG_BraTS20_Training_275,0.60422546,0.06478665,1.019368e-11,1.019368e-11,0.2230040431022644
LG_BraTS20_Training_278,0.70979476,0.15424635,2.8074116e-12,2.8074116e-12,0.2880136966705322
LG_BraTS20_Training_283,0.86801463,0.40911773,0.35761273,0.35761273,0.5449150403340658
LG_BraTS20_Training_291,0.93961895,0.7340297,0.011196719,0.011196719,0.5616151094436646
LG_BraTS20_Training_292,0.8936822,0.3345404,0.24369653,0.24369653,0.4906397263209025
LG_BraTS20_Training_294,0.850663,0.6150135,1.5503876e-12,1.5503876e-12,0.4885588486989339
LG_BraTS20_Training_297,0.6499255,0.44994327,2.4630542e-11,1.0,0.3666229248046875
LG_BraTS20_Training_310,0.8655709,0.7470194,8.9174246e-13,8.9174246e-13,0.5375301043192545
LG_BraTS20_Training_324,0.83961564,0.15653944,2.1381228e-12,2.1381228e-12,0.33205169439315796
