WT Dice,TC Dice,ET Dice,ETPro Dice,WT HD95,TC HD95,ET HD95ETPro HD95
flairt1cet1t2
HG_BraTS20_Training_010,0.06652892,0.015944285,0.052284345,0.052284345,0.04491918285687765
HG_BraTS20_Training_012,0.054849893,0.015335702,0.05751467,0.05751467,0.04256675640741984
HG_BraTS20_Training_020,0.23758677,0.17086554,0.08896459,0.08896459,0.16580562790234885
HG_BraTS20_Training_070,0.08987027,0.06058332,0.050644666,0.050644666,0.0670327494541804
HG_BraTS20_Training_089,0.1622309,0.035251692,0.15856715,0.15856715,0.11868323882420857
HG_BraTS20_Training_119,0.05899029,0.017292516,0.051479116,0.051479116,0.04258731007575989
HG_BraTS20_Training_124,0.2937129,0.16185053,0.22776042,0.22776042,0.22777462005615234
HG_BraTS20_Training_128,0.06561178,0.002897491,0.008405304,0.008405304,0.025638192892074585
HG_BraTS20_Training_134,0.13725203,0.08347124,0.07266629,0.07266629,0.09779651959737141
HG_BraTS20_Training_140,0.24685201,0.107854575,0.17814372,0.17814372,0.17761677503585815
HG_BraTS20_Training_150,0.29440877,0.13419719,0.14976266,0.14976266,0.19278955459594727
HG_BraTS20_Training_180,0.25900057,0.14554997,0.2744802,0.2744802,0.22634359200795492
HG_BraTS20_Training_188,0.11918975,0.020112177,0.04053773,0.04053773,0.05994655191898346
HG_BraTS20_Training_191,0.2752505,0.21461628,0.28986573,0.28986573,0.25991084178288776
HG_BraTS20_Training_201,0.23873962,0.07625841,0.19285734,0.19285734,0.1692851185798645
HG_BraTS20_Training_211,0.109731294,0.05482551,0.10388951,0.10388951,0.08948210875193278
HG_BraTS20_Training_212,0.25177506,0.15217127,0.06489499,0.06489499,0.1562804381052653
HG_BraTS20_Training_226,0.13573222,0.09995961,0.26512802,0.26512802,0.16693995396296182
HG_BraTS20_Training_232,0.16697742,0.034446403,0.06025037,0.06025037,0.0872247318426768
HG_BraTS20_Training_241,0.28172866,0.1047224,0.11767304,0.11767304,0.16804136832555136
HG_BraTS20_Training_245,0.23910674,0.15708035,0.32533503,0.32533503,0.2405073642730713
HG_BraTS20_Training_246,0.14554685,0.10987977,0.17849548,0.17849548,0.14464070399602255
HG_BraTS20_Training_336,0.18196873,0.12940647,0.13206966,0.13206966,0.14781494935353598
HG_BraTS20_Training_338,0.25018153,0.1382216,0.2209076,0.2209076,0.2031035820643107
HG_BraTS20_Training_344,0.13262494,0.034385383,0.042223703,0.042223703,0.06974467635154724
HG_BraTS20_Training_352,0.08868466,0.018425476,0.034611717,0.034611717,0.04724061985810598
LG_BraTS20_Training_262,0.11471115,0.011236735,5.947814e-14,5.947814e-14,0.04198263088862101
LG_BraTS20_Training_275,0.055073306,0.017426783,6.903693e-14,6.903693e-14,0.024166695773601532
LG_BraTS20_Training_278,0.20054623,0.11364534,7.209129e-14,7.209129e-14,0.10473052660624187
LG_BraTS20_Training_283,0.09006206,0.023412501,0.07201565,0.07201565,0.061830073595047
LG_BraTS20_Training_291,0.29195622,0.10196024,0.00022883771,0.00022883771,0.13138176997502646
LG_BraTS20_Training_292,0.109832674,0.07424672,0.011713239,0.011713239,0.06526421010494232
LG_BraTS20_Training_294,0.09552585,0.036691878,5.7351286e-14,5.7351286e-14,0.04407257835070292
LG_BraTS20_Training_297,0.11611841,0.042134408,6.2565696e-14,6.2565696e-14,0.052750940124193825
LG_BraTS20_Training_310,0.18430842,0.11111465,4.780389e-14,4.780389e-14,0.09847436348597209
LG_BraTS20_Training_324,0.10005776,0.0713263,5.0566342e-14,5.0566342e-14,0.05712802211443583
t1cet1t2
HG_BraTS20_Training_010,0.042019393,0.0150740715,0.0313613,0.0313613,0.029484922687212627
HG_BraTS20_Training_012,0.04721854,0.0151721435,0.0497705,0.0497705,0.037387060622374214
HG_BraTS20_Training_020,0.21427472,0.15806139,0.08222951,0.08222951,0.15152186155319214
HG_BraTS20_Training_070,0.07721107,0.05642749,0.045775145,0.045775145,0.059804568688074745
HG_BraTS20_Training_089,0.138401,0.036185365,0.14712727,0.14712727,0.10723787546157837
HG_BraTS20_Training_119,0.045816597,0.01745805,0.04286476,0.04286476,0.035379802187283836
HG_BraTS20_Training_124,0.29373842,0.16805564,0.22102083,0.22102083,0.22760496536890665
HG_BraTS20_Training_128,0.043623455,0.002457492,0.0037063665,0.0037063665,0.016595770915349323
HG_BraTS20_Training_134,0.12485445,0.085460864,0.060072184,0.060072184,0.09012916684150696
HG_BraTS20_Training_140,0.24975394,0.113197275,0.16449217,0.16449217,0.17581446965535483
HG_BraTS20_Training_150,0.28508958,0.14024682,0.21858113,0.21858113,0.21463918685913086
HG_BraTS20_Training_180,0.23667873,0.14554968,0.22260009,0.22260009,0.20160951217015585
HG_BraTS20_Training_188,0.09715411,0.020450227,0.047998924,0.047998924,0.05520108838876089
HG_BraTS20_Training_191,0.2699419,0.22135934,0.27585974,0.27585974,0.2557203372319539
HG_BraTS20_Training_201,0.21534024,0.07784166,0.17864038,0.17864038,0.15727408727010092
HG_BraTS20_Training_211,0.10003331,0.057121355,0.112577155,0.112577155,0.08991060654322307
HG_BraTS20_Training_212,0.23669687,0.17038481,0.088433444,0.088433444,0.16517170270284018
HG_BraTS20_Training_226,0.14091648,0.10498759,0.28144714,0.28144714,0.17578373352686563
HG_BraTS20_Training_232,0.15087913,0.034797136,0.052680347,0.052680347,0.07945220172405243
HG_BraTS20_Training_241,0.27186885,0.10658402,0.13251303,0.13251303,0.17032196124394736
HG_BraTS20_Training_245,0.22013392,0.15477093,0.28280473,0.28280473,0.21923653284708658
HG_BraTS20_Training_246,0.1336791,0.10381207,0.15424055,0.15424055,0.13057724634806314
HG_BraTS20_Training_336,0.1748633,0.13194777,0.13221307,0.13221307,0.14634138345718384
HG_BraTS20_Training_338,0.2237718,0.14199507,0.22837892,0.22837892,0.19804859161376953
HG_BraTS20_Training_344,0.1123123,0.034790494,0.044583596,0.044583596,0.06389546394348145
HG_BraTS20_Training_352,0.087475464,0.019540882,0.018176215,0.018176215,0.04173085590203603
LG_BraTS20_Training_262,0.10098906,0.011040841,6.102696e-14,6.102696e-14,0.03734330087900162
LG_BraTS20_Training_275,0.047086544,0.015492571,6.923434e-14,6.923434e-14,0.02085970590511958
LG_BraTS20_Training_278,0.17549448,0.102281325,7.087524e-14,7.087524e-14,0.09259193142255147
LG_BraTS20_Training_283,0.08568337,0.022685722,0.026257195,0.026257195,0.04487542808055878
LG_BraTS20_Training_291,0.29063025,0.1034964,0.0003379984,0.0003379984,0.13148821393648782
LG_BraTS20_Training_292,0.116379976,0.08296807,0.015442436,0.015442436,0.071596826116244
LG_BraTS20_Training_294,0.07670591,0.0352757,5.8448424e-14,5.8448424e-14,0.0373272051413854
LG_BraTS20_Training_297,0.10422768,0.040396046,6.0864643e-14,6.0864643e-14,0.04820790886878967
LG_BraTS20_Training_310,0.15870482,0.09925862,5.3048145e-14,5.3048145e-14,0.08598780632019043
LG_BraTS20_Training_324,0.055780582,0.03658273,5.1470777e-14,5.1470777e-14,0.030787770946820576
flairt1cet2
HG_BraTS20_Training_010,0.07474553,0.016938131,0.054443758,0.054443758,0.048709139227867126
HG_BraTS20_Training_012,0.059178457,0.016351908,0.053608716,0.053608716,0.04304636021455129
HG_BraTS20_Training_020,0.2597593,0.19212085,0.10708845,0.10708845,0.1863228678703308
HG_BraTS20_Training_070,0.0975328,0.06592645,0.051744293,0.051744293,0.07173451284567516
HG_BraTS20_Training_089,0.19703977,0.038253497,0.1468462,0.1468462,0.12737982471783957
HG_BraTS20_Training_119,0.06811315,0.018303014,0.047450624,0.047450624,0.04462226231892904
HG_BraTS20_Training_124,0.28968912,0.1571588,0.22412004,0.22412004,0.2236559788386027
HG_BraTS20_Training_128,0.06886873,0.0029239461,0.0075116293,0.0075116293,0.026434766749540966
HG_BraTS20_Training_134,0.14688052,0.09118817,0.083835386,0.083835386,0.10730136434237163
HG_BraTS20_Training_140,0.24387278,0.10071237,0.17164502,0.17164502,0.17207672198613486
HG_BraTS20_Training_150,0.2976719,0.13087748,0.16458303,0.16458303,0.1977108120918274
HG_BraTS20_Training_180,0.26291007,0.1521356,0.2929855,0.2929855,0.23601039250691733
HG_BraTS20_Training_188,0.10918485,0.021567916,0.03766115,0.03766115,0.05613796909650167
HG_BraTS20_Training_191,0.24409468,0.18915895,0.2895925,0.2895925,0.24094871679941812
HG_BraTS20_Training_201,0.2501223,0.08073674,0.18616323,0.18616323,0.17234077056248984
HG_BraTS20_Training_211,0.12443786,0.059476197,0.09239141,0.09239141,0.09210182229677837
HG_BraTS20_Training_212,0.2612884,0.15886113,0.06879373,0.06879373,0.1629810929298401
HG_BraTS20_Training_226,0.14088863,0.105732545,0.2572171,0.2572171,0.16794610023498535
HG_BraTS20_Training_232,0.16589475,0.03615649,0.06528981,0.06528981,0.08911368250846863
HG_BraTS20_Training_241,0.29338506,0.10479664,0.11301799,0.11301799,0.17039990425109863
HG_BraTS20_Training_245,0.25347826,0.16800705,0.33611295,0.33611295,0.25253276030222577
HG_BraTS20_Training_246,0.14485662,0.11246034,0.17469232,0.17469232,0.14400309324264526
HG_BraTS20_Training_336,0.1884567,0.13421299,0.12928492,0.12928492,0.15065153439839682
HG_BraTS20_Training_338,0.2627008,0.14736018,0.24402961,0.24402961,0.21803019444147745
HG_BraTS20_Training_344,0.13083445,0.029980663,0.0362818,0.0362818,0.06569897135098775
HG_BraTS20_Training_352,0.08850825,0.018365739,0.039499685,0.039499685,0.0487912247578303
LG_BraTS20_Training_262,0.12070731,0.012159736,5.5262967e-14,5.5262967e-14,0.044289017717043556
LG_BraTS20_Training_275,0.05785282,0.017324477,6.2040894e-14,6.2040894e-14,0.025059098998705547
LG_BraTS20_Training_278,0.18419746,0.10614203,6.653227e-14,6.653227e-14,0.09677982330322266
LG_BraTS20_Training_283,0.09135226,0.0242354,0.053137243,0.053137243,0.056241631507873535
LG_BraTS20_Training_291,0.29425853,0.107272804,0.00023560826,0.00023560826,0.13392231861750284
LG_BraTS20_Training_292,0.12361048,0.08861912,0.0146756405,0.0146756405,0.0756350855032603
LG_BraTS20_Training_294,0.11956346,0.053190738,5.129994e-14,5.129994e-14,0.0575847327709198
LG_BraTS20_Training_297,0.11552436,0.046988055,5.6579006e-14,5.6579006e-14,0.054170807202657066
LG_BraTS20_Training_310,0.1988419,0.12564234,4.4200653e-14,4.4200653e-14,0.10816140969594319
LG_BraTS20_Training_324,0.094987005,0.06577642,4.6331903e-14,4.6331903e-14,0.05358780920505524
flairt1t2
HG_BraTS20_Training_010,0.074396215,0.015567279,0.046014532,0.046014532,0.04532600939273834
HG_BraTS20_Training_012,0.057126205,0.015850358,0.06402191,0.06402191,0.0456661581993103
HG_BraTS20_Training_020,0.24796614,0.17248872,0.060641136,0.060641136,0.16036533315976462
HG_BraTS20_Training_070,0.08776508,0.05565721,0.029495453,0.029495453,0.05763924618562063
HG_BraTS20_Training_089,0.20311795,0.03746761,0.13546447,0.13546447,0.12535001834233603
HG_BraTS20_Training_119,0.06495937,0.017346129,0.058074933,0.058074933,0.04679347574710846
HG_BraTS20_Training_124,0.29792657,0.14864367,0.14798963,0.14798963,0.19818663597106934
HG_BraTS20_Training_128,0.065909065,0.0025340295,0.0072687194,0.0072687194,0.025237272183100384
HG_BraTS20_Training_134,0.14242253,0.08562682,0.048379138,0.048379138,0.09214282035827637
HG_BraTS20_Training_140,0.26365525,0.10609835,0.09975832,0.09975832,0.15650397539138794
HG_BraTS20_Training_150,0.28702193,0.10095794,0.015576739,0.015576739,0.13451887170473734
HG_BraTS20_Training_180,0.255062,0.13687336,0.12849009,0.12849009,0.17347514629364014
HG_BraTS20_Training_188,0.12521133,0.019343855,0.014962928,0.014962928,0.05317270259062449
HG_BraTS20_Training_191,0.27146682,0.20792666,0.2304114,0.2304114,0.23660163084665933
HG_BraTS20_Training_201,0.2620123,0.074246824,0.08718311,0.08718311,0.14114741484324136
HG_BraTS20_Training_211,0.12229208,0.045918737,0.027900554,0.027900554,0.06537046035130818
HG_BraTS20_Training_212,0.2507244,0.13146931,0.008999798,0.008999798,0.13039783636728922
HG_BraTS20_Training_226,0.1468232,0.10839495,0.22886552,0.22886552,0.1613612174987793
HG_BraTS20_Training_232,0.17354594,0.03680948,0.04924805,0.04924805,0.08653449018796285
HG_BraTS20_Training_241,0.29361728,0.091572054,0.07611684,0.07611684,0.15376871824264526
HG_BraTS20_Training_245,0.25343674,0.15974924,0.33911633,0.33911633,0.25076742966969806
HG_BraTS20_Training_246,0.1597353,0.117441185,0.17359878,0.17359878,0.15025842189788818
HG_BraTS20_Training_336,0.18972178,0.13212052,0.08137858,0.08137858,0.13440696398417154
HG_BraTS20_Training_338,0.25628713,0.12984206,0.06936892,0.06936892,0.15183270970980325
HG_BraTS20_Training_344,0.15917091,0.04173022,0.028824655,0.028824655,0.07657526433467865
HG_BraTS20_Training_352,0.09391387,0.018578397,0.031071275,0.031071275,0.04785451292991638
LG_BraTS20_Training_262,0.12540673,0.01180742,6.743134e-14,6.743134e-14,0.045738051335016884
LG_BraTS20_Training_275,0.057375096,0.01678242,7.7786505e-14,7.7786505e-14,0.024719171226024628
LG_BraTS20_Training_278,0.21190894,0.12097236,8.454872e-14,8.454872e-14,0.11096043388048808
LG_BraTS20_Training_283,0.09369252,0.02408053,0.07164528,0.07164528,0.06313944359620412
LG_BraTS20_Training_291,0.3206433,0.113216124,0.00023326064,0.00023326064,0.14469756682713827
LG_BraTS20_Training_292,0.14429627,0.1035142,0.008366585,0.008366585,0.08539235591888428
LG_BraTS20_Training_294,0.1333543,0.05673125,6.651236e-14,6.651236e-14,0.06336185336112976
LG_BraTS20_Training_297,0.13235675,0.05050948,7.582651e-14,7.582651e-14,0.06095541020234426
LG_BraTS20_Training_310,0.23251821,0.1380396,5.0495615e-14,5.0495615e-14,0.12351927161216736
LG_BraTS20_Training_324,0.10718813,0.07837321,5.93729e-14,5.93729e-14,0.061853776375452675
flairt1cet1
HG_BraTS20_Training_010,0.057011038,0.01452489,0.051710654,0.051710654,0.04108219345410665
HG_BraTS20_Training_012,0.051034827,0.014308917,0.05180404,0.05180404,0.03904926280180613
HG_BraTS20_Training_020,0.19903505,0.14027014,0.089846715,0.089846715,0.14305063088734946
HG_BraTS20_Training_070,0.06902739,0.045413297,0.052743357,0.052743357,0.05572801331679026
HG_BraTS20_Training_089,0.098803684,0.031187037,0.13646269,0.13646269,0.08881780505180359
HG_BraTS20_Training_119,0.043853432,0.014868572,0.044977162,0.044977162,0.03456638753414154
HG_BraTS20_Training_124,0.23974887,0.14718053,0.2221627,0.2221627,0.20303070545196533
HG_BraTS20_Training_128,0.060213234,0.002547652,0.008024972,0.008024972,0.023595288395881653
HG_BraTS20_Training_134,0.11043356,0.06321358,0.06101445,0.06101445,0.07822052637736003
HG_BraTS20_Training_140,0.16392379,0.09024156,0.15960489,0.15960489,0.13792341947555542
HG_BraTS20_Training_150,0.2053826,0.12122676,0.16043556,0.16043556,0.1623483101526896
HG_BraTS20_Training_180,0.23484671,0.13558626,0.2670033,0.2670033,0.21247875690460205
HG_BraTS20_Training_188,0.10929044,0.018453201,0.03886842,0.03886842,0.05553735295931498
HG_BraTS20_Training_191,0.24877799,0.19369902,0.29421955,0.29421955,0.24556551376978555
HG_BraTS20_Training_201,0.19143604,0.0719104,0.15839258,0.15839258,0.14057967066764832
HG_BraTS20_Training_211,0.09503481,0.05159044,0.10717776,0.10717776,0.08460100491841634
HG_BraTS20_Training_212,0.17980097,0.09394782,0.06342466,0.06342466,0.11239115397135417
HG_BraTS20_Training_226,0.10485979,0.07714051,0.12330938,0.12330938,0.10176989436149597
HG_BraTS20_Training_232,0.1482682,0.030608566,0.05158953,0.05158953,0.07682209710280101
HG_BraTS20_Training_241,0.2047309,0.08735165,0.120376825,0.120376825,0.13748645782470703
HG_BraTS20_Training_245,0.19055574,0.12871248,0.2958559,0.2958559,0.20504136880238852
HG_BraTS20_Training_246,0.12681879,0.097475864,0.16414048,0.16414048,0.12947837511698404
HG_BraTS20_Training_336,0.144846,0.10066014,0.1229995,0.1229995,0.12283520897229512
HG_BraTS20_Training_338,0.20337002,0.12574978,0.20784052,0.20784052,0.17898676792780557
HG_BraTS20_Training_344,0.08991186,0.03125221,0.037181176,0.037181176,0.052781750758488975
HG_BraTS20_Training_352,0.06228532,0.017498454,0.03419765,0.03419765,0.037993808587392174
LG_BraTS20_Training_262,0.08742716,0.0067074797,5.939477e-14,5.939477e-14,0.0313782145579656
LG_BraTS20_Training_275,0.045258436,0.014383195,6.812964e-14,6.812964e-14,0.019880543152491253
LG_BraTS20_Training_278,0.17278032,0.09325048,6.5556576e-14,6.5556576e-14,0.08867692947387695
LG_BraTS20_Training_283,0.0815381,0.021769565,0.078590855,0.078590855,0.06063283979892731
LG_BraTS20_Training_291,0.19461283,0.045320254,0.00013623128,0.00013623128,0.08002310494581859
LG_BraTS20_Training_292,0.08159012,0.050637767,0.012210341,0.012210341,0.048146078983942665
LG_BraTS20_Training_294,0.064502895,0.021520622,5.4832678e-14,5.4832678e-14,0.028674505650997162
LG_BraTS20_Training_297,0.08205354,0.020849666,5.883564e-14,5.883564e-14,0.03430106987555822
LG_BraTS20_Training_310,0.11977136,0.0588886,4.682766e-14,4.682766e-14,0.05955332020918528
LG_BraTS20_Training_324,0.08505955,0.056257844,5.1943733e-14,5.1943733e-14,0.04710579911867777
flairt1ce
HG_BraTS20_Training_010,0.067400955,0.016564667,0.052616615,0.052616615,0.04552741348743439
HG_BraTS20_Training_012,0.058132984,0.015894277,0.050744098,0.050744098,0.04159045219421387
HG_BraTS20_Training_020,0.23788904,0.17166513,0.115038574,0.115038574,0.17486425240834555
HG_BraTS20_Training_070,0.08908612,0.058698077,0.057470143,0.057470143,0.06841811537742615
HG_BraTS20_Training_089,0.11018059,0.03597804,0.14533082,0.14533082,0.09716315070788066
HG_BraTS20_Training_119,0.061466075,0.018233156,0.044426396,0.044426396,0.04137520988782247
HG_BraTS20_Training_124,0.24690247,0.15573467,0.24627037,0.24627037,0.21630249420801798
HG_BraTS20_Training_128,0.06887557,0.002896952,0.008106199,0.008106199,0.026626241703828175
HG_BraTS20_Training_134,0.11775926,0.06716,0.07755601,0.07755601,0.08749176065127055
HG_BraTS20_Training_140,0.17464732,0.09640365,0.18405679,0.18405679,0.15170258283615112
HG_BraTS20_Training_150,0.19815433,0.14183101,0.19172898,0.19172898,0.1772381067276001
HG_BraTS20_Training_180,0.24200429,0.1476185,0.3094421,0.3094421,0.23302163680394491
HG_BraTS20_Training_188,0.09097533,0.020018658,0.03857861,0.03857861,0.04985753198464712
HG_BraTS20_Training_191,0.2444074,0.19397455,0.31207332,0.31207332,0.25015175342559814
HG_BraTS20_Training_201,0.19701314,0.08184851,0.17141695,0.17141695,0.15009286006291708
HG_BraTS20_Training_211,0.09703889,0.056806765,0.099206075,0.099206075,0.08435057600339253
HG_BraTS20_Training_212,0.19791083,0.11826367,0.08019395,0.08019395,0.13212281465530396
HG_BraTS20_Training_226,0.113728076,0.08844504,0.15316142,0.15316142,0.11844484011332194
HG_BraTS20_Training_232,0.1468949,0.0338217,0.057526983,0.057526983,0.07941452662150066
HG_BraTS20_Training_241,0.20781107,0.09901896,0.12684964,0.12684964,0.14455989996592203
HG_BraTS20_Training_245,0.23594812,0.159854,0.30809763,0.30809763,0.23463324705759683
HG_BraTS20_Training_246,0.122130245,0.09831839,0.16858459,0.16858459,0.12967774271965027
HG_BraTS20_Training_336,0.15392344,0.103839725,0.14234664,0.14234664,0.13336992263793945
HG_BraTS20_Training_338,0.2269075,0.14200293,0.24297448,0.24297448,0.20396163066228232
HG_BraTS20_Training_344,0.08533754,0.027933758,0.03505391,0.03505391,0.04944173494974772
HG_BraTS20_Training_352,0.05763526,0.018761111,0.045695793,0.045695793,0.04069738586743673
LG_BraTS20_Training_262,0.082053125,0.0036242846,5.5070626e-14,5.5070626e-14,0.028559135893980663
LG_BraTS20_Training_275,0.05252016,0.0142949615,6.099755e-14,6.099755e-14,0.02227170765399933
LG_BraTS20_Training_278,0.14768465,0.07511434,6.34031e-14,6.34031e-14,0.07426632940769196
LG_BraTS20_Training_283,0.085575536,0.02280448,0.060800884,0.060800884,0.05639363328615824
LG_BraTS20_Training_291,0.1972066,0.04412954,0.00022394536,0.00022394536,0.08052002886931102
LG_BraTS20_Training_292,0.0649125,0.033380456,0.015925325,0.015925325,0.038072759906450905
LG_BraTS20_Training_294,0.06168466,0.020602893,5.0277026e-14,5.0277026e-14,0.02742918332417806
LG_BraTS20_Training_297,0.06631583,0.013834291,5.455686e-14,5.455686e-14,0.026716706653436024
LG_BraTS20_Training_310,0.13825525,0.06665441,4.5101726e-14,4.5101726e-14,0.06830321749051411
LG_BraTS20_Training_324,0.09096128,0.0479219,4.9810718e-14,4.9810718e-14,0.04629439115524292
flairt2
HG_BraTS20_Training_010,0.08739238,0.015951253,0.054615647,0.054615647,0.052653094132741295
HG_BraTS20_Training_012,0.059636585,0.01620875,0.06405093,0.06405093,0.04663208623727163
HG_BraTS20_Training_020,0.27834132,0.20200473,0.09118768,0.09118768,0.19051124652226767
HG_BraTS20_Training_070,0.09598031,0.06127239,0.039007623,0.039007623,0.06542010605335236
HG_BraTS20_Training_089,0.23608698,0.039874777,0.12811384,0.12811384,0.13469186425209045
HG_BraTS20_Training_119,0.06934504,0.017563952,0.053364646,0.053364646,0.04675788184007009
HG_BraTS20_Training_124,0.31672987,0.16206704,0.16165686,0.16165686,0.21348458528518677
HG_BraTS20_Training_128,0.07002236,0.0027667196,0.008271823,0.008271823,0.027020300428072613
HG_BraTS20_Training_134,0.14651917,0.08941745,0.07039562,0.07039562,0.10211074352264404
HG_BraTS20_Training_140,0.25877827,0.10154359,0.11246404,0.11246404,0.15759530663490295
HG_BraTS20_Training_150,0.30780426,0.11685126,0.021251533,0.021251533,0.14863568544387817
HG_BraTS20_Training_180,0.2674043,0.14567307,0.18791994,0.18791994,0.20033244291941324
HG_BraTS20_Training_188,0.13047187,0.019562216,0.0090921,0.0090921,0.05304206411043803
HG_BraTS20_Training_191,0.2607699,0.19754696,0.26417148,0.26417148,0.24082944790522257
HG_BraTS20_Training_201,0.26006758,0.07582718,0.109750845,0.109750845,0.1485485335191091
HG_BraTS20_Training_211,0.14250174,0.057824764,0.02363043,0.02363043,0.07465230921904246
HG_BraTS20_Training_212,0.2721123,0.15572155,0.014318142,0.014318142,0.14738399783770242
HG_BraTS20_Training_226,0.15271713,0.11278922,0.24155892,0.24155892,0.1690217653910319
HG_BraTS20_Training_232,0.17212561,0.036697473,0.061325707,0.061325707,0.09004959464073181
HG_BraTS20_Training_241,0.316934,0.10959419,0.08555459,0.08555459,0.17069425185521445
HG_BraTS20_Training_245,0.2942338,0.17884605,0.36611566,0.36611566,0.27973182996114093
HG_BraTS20_Training_246,0.1578615,0.116564974,0.168488,0.168488,0.1476381520430247
HG_BraTS20_Training_336,0.18010832,0.12626359,0.08675618,0.08675618,0.13104269901911417
HG_BraTS20_Training_338,0.28079548,0.14474462,0.14721468,0.14721468,0.19091824690500894
HG_BraTS20_Training_344,0.15341532,0.039113708,0.03264988,0.03264988,0.07505963246027629
HG_BraTS20_Training_352,0.08884711,0.017517563,0.03823803,0.03823803,0.04820090035597483
LG_BraTS20_Training_262,0.12552997,0.011889473,6.352393e-14,6.352393e-14,0.045806482434272766
LG_BraTS20_Training_275,0.06015507,0.01675089,6.8907065e-14,6.8907065e-14,0.025635321935017902
LG_BraTS20_Training_278,0.2077136,0.11706101,7.609192e-14,7.609192e-14,0.10825820763905843
LG_BraTS20_Training_283,0.09012865,0.022844832,0.057959314,0.057959314,0.05697759985923767
LG_BraTS20_Training_291,0.3178142,0.11296032,0.00022858138,0.00022858138,0.14366769790649414
LG_BraTS20_Training_292,0.15355788,0.11730495,0.006003787,0.006003787,0.092288871606191
LG_BraTS20_Training_294,0.1468809,0.06888757,5.784828e-14,5.784828e-14,0.07192281881968181
LG_BraTS20_Training_297,0.13255624,0.05353079,6.671737e-14,6.671737e-14,0.062029014031092324
LG_BraTS20_Training_310,0.24027711,0.14664358,4.545971e-14,4.545971e-14,0.12897356351216635
LG_BraTS20_Training_324,0.10063622,0.07342609,5.3019177e-14,5.3019177e-14,0.05802077054977417
t1t2
HG_BraTS20_Training_010,0.046112616,0.013434452,0.02185184,0.02185184,0.027132968107859295
HG_BraTS20_Training_012,0.05007405,0.015924292,0.05324207,0.05324207,0.03974680105845133
HG_BraTS20_Training_020,0.2172234,0.14762472,0.047177397,0.047177397,0.13734184702237448
HG_BraTS20_Training_070,0.07150988,0.047056723,0.01606889,0.01606889,0.04487849771976471
HG_BraTS20_Training_089,0.18263498,0.038140528,0.101173766,0.101173766,0.10731642444928487
HG_BraTS20_Training_119,0.055152643,0.01800146,0.048690572,0.048690572,0.04061489303906759
HG_BraTS20_Training_124,0.29346484,0.14554866,0.14978693,0.14978693,0.19626681009928384
HG_BraTS20_Training_128,0.042219304,0.0015710271,0.001717399,0.001717399,0.015169243017832438
HG_BraTS20_Training_134,0.1276315,0.08516756,0.029200269,0.029200269,0.08066644271214803
HG_BraTS20_Training_140,0.28413886,0.11694076,0.11603884,0.11603884,0.17237281799316406
HG_BraTS20_Training_150,0.25502148,0.07489192,0.010718278,0.010718278,0.11354389786720276
HG_BraTS20_Training_180,0.22762978,0.12821235,0.084523335,0.084523335,0.14678847789764404
HG_BraTS20_Training_188,0.08645413,0.017981593,0.022318147,0.022318147,0.04225128889083862
HG_BraTS20_Training_191,0.2401258,0.19324371,0.16690138,0.16690138,0.20009028911590576
HG_BraTS20_Training_201,0.24998441,0.0752277,0.104682714,0.104682714,0.14329827825228372
HG_BraTS20_Training_211,0.098570764,0.04010424,0.033775326,0.033775326,0.057483444611231484
HG_BraTS20_Training_212,0.23548524,0.15177336,0.019715376,0.019715376,0.1356579860051473
HG_BraTS20_Training_226,0.16008833,0.120875165,0.28089058,0.28089058,0.18728468815485635
HG_BraTS20_Training_232,0.13455895,0.0353241,0.02773826,0.02773826,0.06587376693884532
HG_BraTS20_Training_241,0.28779507,0.08512022,0.08721819,0.08721819,0.15337783098220825
HG_BraTS20_Training_245,0.22582197,0.15558928,0.28153077,0.28153077,0.22098068396250406
HG_BraTS20_Training_246,0.14718671,0.11021962,0.14388154,0.14388154,0.13376261790593466
HG_BraTS20_Training_336,0.18322319,0.1353402,0.08333237,0.08333237,0.13396525382995605
HG_BraTS20_Training_338,0.22713788,0.119758226,0.059267506,0.059267506,0.13538787762324014
HG_BraTS20_Training_344,0.15422496,0.040930193,0.031217806,0.031217806,0.07545765240987141
HG_BraTS20_Training_352,0.09577082,0.020360956,0.0046660677,0.0046660677,0.040265947580337524
LG_BraTS20_Training_262,0.12241189,0.012273116,6.75662e-14,6.75662e-14,0.04489500323931376
LG_BraTS20_Training_275,0.043640845,0.0126056,7.7176574e-14,7.7176574e-14,0.018748814860979717
LG_BraTS20_Training_278,0.1800271,0.11439628,8.535555e-14,8.535555e-14,0.09814112385114034
LG_BraTS20_Training_283,0.09008666,0.02397738,0.023294466,0.023294466,0.04578616718451182
LG_BraTS20_Training_291,0.3262028,0.1184859,0.00026020876,0.00026020876,0.1483163038889567
LG_BraTS20_Training_292,0.14574516,0.10785737,0.012449605,0.012449605,0.08868404229482015
LG_BraTS20_Training_294,0.11239811,0.053396188,7.186489e-14,7.186489e-14,0.055264766017595925
LG_BraTS20_Training_297,0.12016594,0.052895732,7.6620134e-14,7.6620134e-14,0.057687222957611084
LG_BraTS20_Training_310,0.22219801,0.13888863,5.958765e-14,5.958765e-14,0.12036221226056416
LG_BraTS20_Training_324,0.08212575,0.061952513,6.0560545e-14,6.0560545e-14,0.04802608986695608
flairt1
HG_BraTS20_Training_010,0.07143315,0.0133493915,0.048974272,0.048974272,0.044585605462392174
HG_BraTS20_Training_012,0.05253986,0.014480718,0.05640465,0.05640465,0.04114174346129099
HG_BraTS20_Training_020,0.20609172,0.13032554,0.056793213,0.056793213,0.13107015689214072
HG_BraTS20_Training_070,0.07003628,0.03601093,0.033373903,0.033373903,0.04647370179494222
HG_BraTS20_Training_089,0.13547204,0.02480706,0.076700374,0.076700374,0.07899316151936848
HG_BraTS20_Training_119,0.049806926,0.015204729,0.052639216,0.052639216,0.03921695798635483
HG_BraTS20_Training_124,0.2324761,0.107985295,0.10645743,0.10645743,0.14897294839223227
HG_BraTS20_Training_128,0.059493713,0.0020804196,0.006743174,0.006743174,0.02277243634064992
HG_BraTS20_Training_134,0.10789346,0.053172644,0.0324503,0.0324503,0.06450546781222026
HG_BraTS20_Training_140,0.15247078,0.044236135,0.07482897,0.07482897,0.09051195780436198
HG_BraTS20_Training_150,0.18436301,0.059026696,0.019662019,0.019662019,0.08768390615781148
HG_BraTS20_Training_180,0.2236279,0.111343816,0.10012019,0.10012019,0.14503063758214316
HG_BraTS20_Training_188,0.11019335,0.01580004,0.01723704,0.01723704,0.04774347444375356
HG_BraTS20_Training_191,0.23956671,0.17503095,0.17960957,0.17960957,0.19806907574335733
HG_BraTS20_Training_201,0.22046325,0.056920685,0.04447516,0.04447516,0.10728636384010315
HG_BraTS20_Training_211,0.10074238,0.039181706,0.031985752,0.031985752,0.057303279638290405
HG_BraTS20_Training_212,0.14387898,0.045744456,0.0056778113,0.0056778113,0.06510041654109955
HG_BraTS20_Training_226,0.07026155,0.043153513,0.046298757,0.046298757,0.053237939874331154
HG_BraTS20_Training_232,0.15694708,0.033241168,0.03697588,0.03697588,0.07572137316068013
HG_BraTS20_Training_241,0.20383228,0.055713583,0.041568417,0.041568417,0.10037143031756084
HG_BraTS20_Training_245,0.21811806,0.13386247,0.32496378,0.32496378,0.2256480852762858
HG_BraTS20_Training_246,0.14340733,0.1080316,0.16947284,0.16947284,0.14030391971270242
HG_BraTS20_Training_336,0.14435495,0.08389362,0.060942065,0.060942065,0.09639687339464824
HG_BraTS20_Training_338,0.19352247,0.09427554,0.044025492,0.044025492,0.11060783267021179
HG_BraTS20_Training_344,0.12925504,0.037362847,0.019623805,0.019623805,0.062080562114715576
HG_BraTS20_Training_352,0.07100185,0.016800636,0.033071317,0.033071317,0.040291267136732735
LG_BraTS20_Training_262,0.11125235,0.009015465,7.418783e-14,7.418783e-14,0.04008927196264267
LG_BraTS20_Training_275,0.04085909,0.010040369,7.6649495e-14,7.6649495e-14,0.016966485728820164
LG_BraTS20_Training_278,0.19484986,0.1111438,8.349267e-14,8.349267e-14,0.10199789206186931
LG_BraTS20_Training_283,0.08782326,0.02334163,0.08135467,0.08135467,0.06417318185170491
LG_BraTS20_Training_291,0.24272844,0.07473551,0.00015749685,0.00015749685,0.10587381323178609
LG_BraTS20_Training_292,0.09458747,0.058894344,0.008549014,0.008549014,0.054010276993115745
LG_BraTS20_Training_294,0.08869555,0.028490266,6.495067e-14,6.495067e-14,0.03906193872292837
LG_BraTS20_Training_297,0.09466835,0.02837342,7.467367e-14,7.467367e-14,0.04101392378409704
LG_BraTS20_Training_310,0.18629399,0.10051759,5.153789e-14,5.153789e-14,0.09560386339823405
LG_BraTS20_Training_324,0.10383784,0.07418516,5.9761075e-14,5.9761075e-14,0.05934100349744161
t1cet1
HG_BraTS20_Training_010,0.02992128,0.011356492,0.016936418,0.016936418,0.019404730449120205
HG_BraTS20_Training_012,0.03863034,0.013668438,0.02963013,0.02963013,0.027309636274973553
HG_BraTS20_Training_020,0.14840607,0.11945802,0.06975554,0.06975554,0.11253988742828369
HG_BraTS20_Training_070,0.047949616,0.038085468,0.041107737,0.041107737,0.04238093892733256
HG_BraTS20_Training_089,0.07356,0.030664189,0.0897381,0.0897381,0.06465409696102142
HG_BraTS20_Training_119,0.027675323,0.013210385,0.019536259,0.019536259,0.02014065533876419
HG_BraTS20_Training_124,0.22850277,0.15239172,0.19386193,0.19386193,0.19158546129862467
HG_BraTS20_Training_128,0.034702834,0.0018623065,0.0033156748,0.0033156748,0.013293605297803879
HG_BraTS20_Training_134,0.091807276,0.06603133,0.049072146,0.049072146,0.06897025307019551
HG_BraTS20_Training_140,0.13815115,0.09661876,0.14063254,0.14063254,0.12513415018717447
HG_BraTS20_Training_150,0.1783723,0.12542449,0.22883546,0.22883546,0.1775440772374471
HG_BraTS20_Training_180,0.17983,0.12919636,0.19228062,0.19228062,0.16710233688354492
HG_BraTS20_Training_188,0.08527005,0.018382829,0.045710016,0.045710016,0.04978763063748678
HG_BraTS20_Training_191,0.23280823,0.19927908,0.22757226,0.22757226,0.21988652149836221
HG_BraTS20_Training_201,0.13444899,0.068916306,0.13826416,0.13826416,0.11387648185094197
HG_BraTS20_Training_211,0.0869423,0.053665932,0.11552746,0.11552746,0.08537856737772624
HG_BraTS20_Training_212,0.17752731,0.12695187,0.101597406,0.101597406,0.135358860095342
HG_BraTS20_Training_226,0.09755341,0.0771733,0.1356489,0.1356489,0.1034585436185201
HG_BraTS20_Training_232,0.106909126,0.028611423,0.03842319,0.03842319,0.05798124770323435
HG_BraTS20_Training_241,0.13331205,0.08594734,0.114067934,0.114067934,0.11110910773277283
HG_BraTS20_Training_245,0.14208968,0.10378412,0.08468713,0.08468713,0.11018697420756023
HG_BraTS20_Training_246,0.089218795,0.07449533,0.08520778,0.08520778,0.08297396699587505
HG_BraTS20_Training_336,0.13445036,0.10472858,0.1149984,0.1149984,0.11805911858876546
HG_BraTS20_Training_338,0.17232521,0.12636061,0.23368269,0.23368269,0.17745618025461832
HG_BraTS20_Training_344,0.05314692,0.028080601,0.03102111,0.03102111,0.037416212260723114
HG_BraTS20_Training_352,0.043808207,0.0172677,0.019247632,0.019247632,0.026774513224760692
LG_BraTS20_Training_262,0.042993005,0.0022873078,5.649462e-14,5.649462e-14,0.01509343832731247
LG_BraTS20_Training_275,0.03556752,0.0110220695,6.619404e-14,6.619404e-14,0.015529862294594446
LG_BraTS20_Training_278,0.12257176,0.06465613,6.1483974e-14,6.1483974e-14,0.06240929663181305
LG_BraTS20_Training_283,0.059859976,0.019813653,0.004171218,0.004171218,0.027948282659053802
LG_BraTS20_Training_291,0.11508345,0.023022566,4.1825035e-05,4.1825035e-05,0.04604928195476532
LG_BraTS20_Training_292,0.080446444,0.054084957,0.014543043,0.014543043,0.04969148337841034
LG_BraTS20_Training_294,0.032035075,0.010668352,5.2110202e-14,5.2110202e-14,0.014234475791454315
LG_BraTS20_Training_297,0.059766226,0.013966509,5.4097917e-14,5.4097917e-14,0.02457757790883382
LG_BraTS20_Training_310,0.06041157,0.023258185,4.6484385e-14,4.6484385e-14,0.027889917294184368
LG_BraTS20_Training_324,0.03435491,0.016036343,5e-14,5e-14,0.016797084361314774
t1cet2
HG_BraTS20_Training_010,0.051340863,0.015980247,0.03302258,0.03302258,0.033447896440823875
HG_BraTS20_Training_012,0.051196057,0.016257593,0.039112885,0.039112885,0.03552217781543732
HG_BraTS20_Training_020,0.24004945,0.18482962,0.08473279,0.08473279,0.16987061500549316
HG_BraTS20_Training_070,0.0925598,0.06632674,0.042459223,0.042459223,0.067115252216657
HG_BraTS20_Training_089,0.16604994,0.038742114,0.13140565,0.13140565,0.11206590135892232
HG_BraTS20_Training_119,0.059789535,0.019030955,0.039223813,0.039223813,0.03934810062249502
HG_BraTS20_Training_124,0.32111007,0.1858098,0.22117685,0.22117685,0.24269890785217285
HG_BraTS20_Training_128,0.04226478,0.0023387033,0.0024395068,0.0024395068,0.015680996080239613
HG_BraTS20_Training_134,0.13235348,0.092714034,0.06454689,0.06454689,0.09653813640276591
HG_BraTS20_Training_140,0.28072944,0.12211315,0.15935662,0.15935662,0.1873997449874878
HG_BraTS20_Training_150,0.29497918,0.13890499,0.23957027,0.23957027,0.22448482116063437
HG_BraTS20_Training_180,0.23402758,0.15118279,0.25124475,0.25124475,0.21215170621871948
HG_BraTS20_Training_188,0.082205705,0.020920023,0.038260754,0.038260754,0.047128826379776
HG_BraTS20_Training_191,0.24464905,0.19718403,0.24837303,0.24837303,0.2300687034924825
HG_BraTS20_Training_201,0.24168569,0.083828576,0.16478741,0.16478741,0.1634338895479838
HG_BraTS20_Training_211,0.10602444,0.05998361,0.088030376,0.088030376,0.08467947443326314
HG_BraTS20_Training_212,0.25228143,0.17855541,0.09078394,0.09078394,0.17387360334396362
HG_BraTS20_Training_226,0.14921844,0.11245354,0.276223,0.276223,0.17929832140604654
HG_BraTS20_Training_232,0.13602191,0.035840232,0.059195228,0.059195228,0.07701912522315979
HG_BraTS20_Training_241,0.28130975,0.104297064,0.108620495,0.108620495,0.16474243998527527
HG_BraTS20_Training_245,0.22658093,0.15954362,0.250551,0.250551,0.2122251788775126
HG_BraTS20_Training_246,0.12631753,0.10202013,0.13880478,0.13880478,0.12238081296284993
HG_BraTS20_Training_336,0.19180545,0.14283499,0.12555116,0.12555116,0.15339720249176025
HG_BraTS20_Training_338,0.23274694,0.14854535,0.23374103,0.23374103,0.20501110951105753
HG_BraTS20_Training_344,0.1268627,0.030113107,0.032869235,0.032869235,0.06328168014685313
HG_BraTS20_Training_352,0.08570763,0.019242816,0.026532343,0.026532343,0.043827593326568604
LG_BraTS20_Training_262,0.10070437,0.011801679,5.305068e-14,5.305068e-14,0.03750201563040415
LG_BraTS20_Training_275,0.0495473,0.014823827,5.999988e-14,5.999988e-14,0.021457041303316753
LG_BraTS20_Training_278,0.13759816,0.085793875,6.321232e-14,6.321232e-14,0.07446401317914327
LG_BraTS20_Training_283,0.07748051,0.01910997,0.014768566,0.014768566,0.03711968163649241
LG_BraTS20_Training_291,0.27923858,0.10925669,0.0001587467,0.0001587467,0.1295513411362966
LG_BraTS20_Training_292,0.11859774,0.086831294,0.013417996,0.013417996,0.07294900715351105
LG_BraTS20_Training_294,0.09089992,0.04530524,4.899175e-14,4.899175e-14,0.04540172219276428
LG_BraTS20_Training_297,0.10060065,0.04520813,5.144721e-14,5.144721e-14,0.048602928717931114
LG_BraTS20_Training_310,0.16746649,0.11577275,4.4689143e-14,4.4689143e-14,0.0944130818049113
LG_BraTS20_Training_324,0.05065007,0.037364423,4.3691206e-14,4.3691206e-14,0.029338166117668152
flair
HG_BraTS20_Training_010,0.08332262,0.014451746,0.05260209,0.05260209,0.05012548963228861
HG_BraTS20_Training_012,0.058976907,0.015834775,0.057827257,0.057827257,0.04421297709147135
HG_BraTS20_Training_020,0.2593738,0.17875597,0.102659084,0.102659084,0.18026296297709146
HG_BraTS20_Training_070,0.087845996,0.045881853,0.0366657,0.0366657,0.05679785211881002
HG_BraTS20_Training_089,0.190468,0.025449442,0.061673082,0.061673082,0.09253017107645671
HG_BraTS20_Training_119,0.06342575,0.016336957,0.04782422,0.04782422,0.04252897699673971
HG_BraTS20_Training_124,0.27611175,0.1401702,0.14536586,0.14536586,0.1872159242630005
HG_BraTS20_Training_128,0.06575047,0.0022798637,0.005862293,0.005862293,0.02463087687889735
HG_BraTS20_Training_134,0.114003845,0.061101377,0.055342622,0.055342622,0.07681594292322795
HG_BraTS20_Training_140,0.19355555,0.059120376,0.036601447,0.036601447,0.09642579158147176
HG_BraTS20_Training_150,0.21689552,0.08325718,0.020547215,0.020547215,0.10689997673034668
HG_BraTS20_Training_180,0.24771453,0.12846339,0.17547646,0.17547646,0.1838847796122233
HG_BraTS20_Training_188,0.10688524,0.015555202,0.0042211153,0.0042211153,0.04222051799297333
HG_BraTS20_Training_191,0.23183109,0.15587601,0.16397762,0.16397762,0.18389491240183511
HG_BraTS20_Training_201,0.23753384,0.062496103,0.049575534,0.049575534,0.11653515696525574
HG_BraTS20_Training_211,0.12476992,0.046065714,0.01836661,0.01836661,0.06306741138299306
HG_BraTS20_Training_212,0.15529326,0.04738604,0.0043830033,0.0043830033,0.06902076303958893
HG_BraTS20_Training_226,0.08832571,0.057300407,0.06458033,0.06458033,0.07006881634394328
HG_BraTS20_Training_232,0.15600042,0.031289443,0.047471773,0.047471773,0.07825388014316559
HG_BraTS20_Training_241,0.24521644,0.052856315,0.027717033,0.027717033,0.10859659314155579
HG_BraTS20_Training_245,0.28255966,0.16569777,0.31564906,0.31564906,0.254635492960612
HG_BraTS20_Training_246,0.14528996,0.10372979,0.11040942,0.11040942,0.11980972687403361
HG_BraTS20_Training_336,0.15240298,0.084249415,0.040760994,0.040760994,0.09247113267580669
HG_BraTS20_Training_338,0.23535387,0.11112354,0.11014994,0.11014994,0.15220912297566733
HG_BraTS20_Training_344,0.1473822,0.041107915,0.01948609,0.01948609,0.06932540237903595
HG_BraTS20_Training_352,0.06769296,0.013625336,0.040811222,0.040811222,0.04070983827114105
LG_BraTS20_Training_262,0.11238037,0.0060246494,7.345973e-14,7.345973e-14,0.03946834057569504
LG_BraTS20_Training_275,0.04474235,0.0068576713,7.381926e-14,7.381926e-14,0.017200006792942684
LG_BraTS20_Training_278,0.18443555,0.09628651,8.495094e-14,8.495094e-14,0.09357401728630066
LG_BraTS20_Training_283,0.0844418,0.0192291,0.039776847,0.039776847,0.047815918922424316
LG_BraTS20_Training_291,0.2758302,0.08870567,0.0002510571,0.0002510571,0.12159564097722371
LG_BraTS20_Training_292,0.11083729,0.0659331,0.0015777174,0.0015777174,0.059449369708697
LG_BraTS20_Training_294,0.1283505,0.050177798,6.408408e-14,6.408408e-14,0.05950943132241567
LG_BraTS20_Training_297,0.09061699,0.030130731,7.546714e-14,7.546714e-14,0.04024924089511236
LG_BraTS20_Training_310,0.2443026,0.13760245,5.3771823e-14,5.3771823e-14,0.12730168302853903
LG_BraTS20_Training_324,0.11411679,0.07825031,6.003626e-14,6.003626e-14,0.06412236889203389
t1
HG_BraTS20_Training_010,0.027131423,0.0066714445,0.0026822968,0.0026822968,0.012161721785863241
HG_BraTS20_Training_012,0.02480443,0.0069868527,0.008507316,0.008507316,0.013432866583267847
HG_BraTS20_Training_020,0.082797624,0.047969088,0.016704004,0.016704004,0.04915690918763479
HG_BraTS20_Training_070,0.023211904,0.015770981,0.008471405,0.008471405,0.015818096697330475
HG_BraTS20_Training_089,0.047991592,0.004975633,0.004799511,0.004799511,0.01925557851791382
HG_BraTS20_Training_119,0.019109689,0.007570346,0.0042442367,0.0042442367,0.010308089976509413
HG_BraTS20_Training_124,0.11608721,0.04737508,0.021787213,0.021787213,0.06174983580907186
HG_BraTS20_Training_128,0.03205133,0.0012009179,0.0022194406,0.0022194406,0.011823896318674088
HG_BraTS20_Training_134,0.057089947,0.035921838,0.00694751,0.00694751,0.03331976383924484
HG_BraTS20_Training_140,0.07447599,0.047775347,0.008437734,0.008437734,0.04356302320957184
HG_BraTS20_Training_150,0.09112702,0.024646169,0.009164315,0.009164315,0.041645834843317665
HG_BraTS20_Training_180,0.07528604,0.03300851,0.024436142,0.024436142,0.044243564208348594
HG_BraTS20_Training_188,0.067294076,0.012556482,0.016642984,0.016642984,0.03216451406478882
HG_BraTS20_Training_191,0.09339079,0.07059837,0.022792049,0.022792049,0.06226039926211039
HG_BraTS20_Training_201,0.06709901,0.014550705,0.004481075,0.004481075,0.02871026595433553
HG_BraTS20_Training_211,0.053000215,0.023059173,0.023705976,0.023705976,0.03325512011845907
HG_BraTS20_Training_212,0.10875896,0.0641198,0.009491138,0.009491138,0.06078997254371643
HG_BraTS20_Training_226,0.023850404,0.01300744,0.0076964465,0.0076964465,0.014851429810126623
HG_BraTS20_Training_232,0.06888645,0.014930328,0.011560619,0.011560619,0.031792466839154564
HG_BraTS20_Training_241,0.057549167,0.019729737,0.015278724,0.015278724,0.030852543811003368
HG_BraTS20_Training_245,0.09335098,0.06607734,0.090073526,0.090073526,0.08316727976004283
HG_BraTS20_Training_246,0.05350982,0.039259057,0.0148119135,0.0148119135,0.03586026281118393
HG_BraTS20_Training_336,0.08053677,0.0640355,0.020456245,0.020456245,0.055009499192237854
HG_BraTS20_Training_338,0.07421183,0.027939176,0.010547672,0.010547672,0.03756622721751531
HG_BraTS20_Training_344,0.057629507,0.02552053,0.010756023,0.010756023,0.03130201995372772
HG_BraTS20_Training_352,0.03532951,0.011308242,0.0029586353,0.0029586353,0.016532129297653835
LG_BraTS20_Training_262,0.04531474,0.0023536072,7.058558e-14,7.058558e-14,0.015889449665943783
LG_BraTS20_Training_275,0.019641548,0.003926739,7.750556e-14,7.750556e-14,0.007856095830599466
LG_BraTS20_Training_278,0.09699348,0.0520684,7.99105e-14,7.99105e-14,0.04968729615211487
LG_BraTS20_Training_283,0.046976954,0.015079885,0.013844845,0.013844845,0.025300562381744385
LG_BraTS20_Training_291,0.10960107,0.026268767,6.412517e-14,6.412517e-14,0.04528994858264923
LG_BraTS20_Training_292,0.07438616,0.047770284,0.007899225,0.007899225,0.04335188865661621
LG_BraTS20_Training_294,0.030991785,0.009161484,6.972042e-14,6.972042e-14,0.013384422908226648
LG_BraTS20_Training_297,0.05105165,0.013136758,6.631432e-14,6.631432e-14,0.021396135290463764
LG_BraTS20_Training_310,0.07282553,0.021974847,6.177072e-14,6.177072e-14,0.03160012513399124
LG_BraTS20_Training_324,0.046116624,0.026145805,6.029218e-14,6.029218e-14,0.024087476233641308
t1c
HG_BraTS20_Training_010,0.035722658,0.014544025,0.020824539,0.020824539,0.023697073260943096
HG_BraTS20_Training_012,0.037584256,0.01426499,0.021474006,0.021474006,0.024441083272298176
HG_BraTS20_Training_020,0.15272595,0.13167304,0.069994226,0.069994226,0.11813106139500935
HG_BraTS20_Training_070,0.06016862,0.04713563,0.03781965,0.03781965,0.0483746329943339
HG_BraTS20_Training_089,0.06841412,0.031721078,0.0770169,0.0770169,0.05905069907506307
HG_BraTS20_Training_119,0.034793284,0.014905334,0.018975236,0.018975236,0.02289128303527832
HG_BraTS20_Training_124,0.23016332,0.16967934,0.23169315,0.23169315,0.21051194270451865
HG_BraTS20_Training_128,0.031673323,0.0022261962,0.0016224093,0.0016224093,0.011840642740329107
HG_BraTS20_Training_134,0.09852744,0.06757147,0.05950818,0.05950818,0.07520236074924469
HG_BraTS20_Training_140,0.16139242,0.11200551,0.14830013,0.14830013,0.1405660112698873
HG_BraTS20_Training_150,0.17098819,0.13101421,0.23720963,0.23720963,0.17973734935124716
HG_BraTS20_Training_180,0.18521173,0.13896933,0.20781444,0.20781444,0.17733184496561685
HG_BraTS20_Training_188,0.07450855,0.01719039,0.035027485,0.035027485,0.0422421395778656
HG_BraTS20_Training_191,0.24122179,0.20121822,0.20618077,0.20618077,0.21620692809422812
HG_BraTS20_Training_201,0.1440714,0.07381246,0.13102876,0.13102876,0.11630419890085857
HG_BraTS20_Training_211,0.08401725,0.05374421,0.092122555,0.092122555,0.0766280045111974
HG_BraTS20_Training_212,0.20334387,0.14849444,0.10021553,0.10021553,0.15068460504213968
HG_BraTS20_Training_226,0.10195647,0.08156421,0.113155425,0.113155425,0.09889203310012817
HG_BraTS20_Training_232,0.10613868,0.029169995,0.041491393,0.041491393,0.05893335243066152
HG_BraTS20_Training_241,0.14038976,0.097611636,0.074313834,0.074313834,0.10410507520039876
HG_BraTS20_Training_245,0.17685759,0.13028419,0.05031247,0.05031247,0.11915141344070435
HG_BraTS20_Training_246,0.0879447,0.07596514,0.06456536,0.06456536,0.07615839938322704
HG_BraTS20_Training_336,0.14314213,0.10671061,0.119315535,0.119315535,0.12305609385172527
HG_BraTS20_Training_338,0.18181333,0.13896091,0.21698663,0.21698663,0.179253617922465
HG_BraTS20_Training_344,0.037591692,0.019436302,0.015913377,0.015913377,0.024313790102799732
HG_BraTS20_Training_352,0.043238424,0.017421417,0.03194504,0.03194504,0.0308682918548584
LG_BraTS20_Training_262,0.03279942,0.00142957,4.3914155e-14,4.3914155e-14,0.011409662663936615
LG_BraTS20_Training_275,0.047056165,0.015626976,5.836724e-14,5.836724e-14,0.020894380907217663
LG_BraTS20_Training_278,0.106355794,0.060537517,4.549818e-14,4.549818e-14,0.05563110113143921
LG_BraTS20_Training_283,0.054233596,0.016930891,0.0034650327,0.0034650327,0.024876507620016735
LG_BraTS20_Training_291,0.090198986,0.0061055096,9.999125e-05,9.999125e-05,0.032134830951690674
LG_BraTS20_Training_292,0.061158735,0.03412107,0.012244694,0.012244694,0.03584149976571401
LG_BraTS20_Training_294,0.03435604,0.01301971,4.0973027e-14,4.0973027e-14,0.015791916598876316
LG_BraTS20_Training_297,0.05448605,0.013649918,4.206099e-14,4.206099e-14,0.02271198978026708
LG_BraTS20_Training_310,0.055972032,0.022709908,3.537819e-14,3.537819e-14,0.02622731278340022
LG_BraTS20_Training_324,0.029403312,0.016026111,3.994663e-14,3.994663e-14,0.015143141150474548
t2
HG_BraTS20_Training_010,0.072412156,0.015593934,0.031438425,0.031438425,0.03981483727693558
HG_BraTS20_Training_012,0.0567557,0.017295578,0.045061015,0.045061015,0.039704096813996635
HG_BraTS20_Training_020,0.28266323,0.20949796,0.057576425,0.057576425,0.18324587742487589
HG_BraTS20_Training_070,0.100211956,0.06571182,0.026413584,0.026413584,0.06411245465278625
HG_BraTS20_Training_089,0.24785629,0.04506817,0.08115051,0.08115051,0.12469165523846944
HG_BraTS20_Training_119,0.072186045,0.019239685,0.048803087,0.048803087,0.04674294094244639
HG_BraTS20_Training_124,0.36759198,0.18911256,0.12432157,0.12432157,0.22700870037078857
HG_BraTS20_Training_128,0.045900363,0.0019358447,0.0017926337,0.0017926337,0.016542946298917133
HG_BraTS20_Training_134,0.14048338,0.09399974,0.036591113,0.036591113,0.09035807847976685
HG_BraTS20_Training_140,0.29843056,0.11748213,0.09319983,0.09319983,0.16970417896906534
HG_BraTS20_Training_150,0.32292926,0.115495525,0.023724455,0.023724455,0.15404975414276123
HG_BraTS20_Training_180,0.25121805,0.14618562,0.099962145,0.099962145,0.165788600842158
HG_BraTS20_Training_188,0.09704395,0.018018762,0.014196475,0.014196475,0.04308639466762543
HG_BraTS20_Training_191,0.25234118,0.19316405,0.18383896,0.18383896,0.20978140830993652
HG_BraTS20_Training_201,0.27747554,0.08254502,0.10704835,0.10704835,0.15568963686625162
HG_BraTS20_Training_211,0.1217637,0.050596457,0.02097072,0.02097072,0.06444362302621205
HG_BraTS20_Training_212,0.27993667,0.18226093,0.035785634,0.035785634,0.16599441568056741
HG_BraTS20_Training_226,0.18317427,0.13590264,0.2973573,0.2973573,0.20547807216644287
HG_BraTS20_Training_232,0.14359726,0.038183007,0.03633171,0.03633171,0.07270399232705434
HG_BraTS20_Training_241,0.32873398,0.10758167,0.084201366,0.084201366,0.17350566387176514
HG_BraTS20_Training_245,0.28222555,0.18461907,0.24614699,0.24614699,0.2376638650894165
HG_BraTS20_Training_246,0.14993912,0.112201855,0.11936257,0.11936257,0.12716785073280334
HG_BraTS20_Training_336,0.19662389,0.14024699,0.086187124,0.086187124,0.14101933439572653
HG_BraTS20_Training_338,0.25559232,0.14256828,0.11541237,0.11541237,0.17119097709655762
HG_BraTS20_Training_344,0.16958041,0.04301001,0.037931576,0.037931576,0.08350733915964763
HG_BraTS20_Training_352,0.09332171,0.01904127,0.014724485,0.014724485,0.04236248632272085
LG_BraTS20_Training_262,0.118649386,0.011837897,6.2554345e-14,6.2554345e-14,0.04349575936794281
LG_BraTS20_Training_275,0.05528469,0.016485456,6.7040754e-14,6.7040754e-14,0.02392338216304779
LG_BraTS20_Training_278,0.17951769,0.11702384,7.885005e-14,7.885005e-14,0.09884717067082723
LG_BraTS20_Training_283,0.079796076,0.01921497,0.022062626,0.022062626,0.0403578927119573
LG_BraTS20_Training_291,0.34349993,0.12711248,6.053855e-05,6.053855e-05,0.1568909784158071
LG_BraTS20_Training_292,0.1487845,0.117459826,0.00826326,0.00826326,0.0915025273958842
LG_BraTS20_Training_294,0.14130446,0.07208463,6.389286e-14,6.389286e-14,0.07112969954808553
LG_BraTS20_Training_297,0.12696348,0.057057396,6.8119894e-14,6.8119894e-14,0.06134029229482015
LG_BraTS20_Training_310,0.24149457,0.15379238,5.0235857e-14,5.0235857e-14,0.13176231582959494
LG_BraTS20_Training_324,0.08315239,0.06747816,5.3735418e-14,5.3735418e-14,0.050210182865460716
WT Dice,TC Dice,ET Dice,ETPro Dice,WT HD95,TC HD95,ET HD95ETPro HD95
flairt1cet1t2
HG_BraTS20_Training_010,0.092250675,0.02144327,0.17590682,0.17590682,0.09653358658154805
HG_BraTS20_Training_012,0.063924424,0.018269463,0.16348764,0.16348764,0.0818938414255778
HG_BraTS20_Training_020,0.29952937,0.19489555,0.16963367,0.16963367,0.22135287523269653
HG_BraTS20_Training_070,0.11325759,0.06417621,0.13932776,0.13932776,0.1055871844291687
HG_BraTS20_Training_089,0.23576432,0.04409058,0.40050972,0.40050972,0.22678820292154947
HG_BraTS20_Training_119,0.07125013,0.02063701,0.11260754,0.11260754,0.06816489497820537
HG_BraTS20_Training_124,0.36711836,0.20180549,0.3395049,0.3395049,0.30280957619349164
HG_BraTS20_Training_128,0.07999858,0.0028358551,0.017331846,0.017331846,0.03338876118262609
HG_BraTS20_Training_134,0.16274235,0.11035471,0.13011739,0.13011739,0.13440480828285217
HG_BraTS20_Training_140,0.28116593,0.1308852,0.2862973,0.2862973,0.23278280099232992
HG_BraTS20_Training_150,0.3614928,0.16580877,0.38563806,0.38563806,0.30431320269902545
HG_BraTS20_Training_180,0.28986883,0.16902238,0.38176388,0.38176388,0.28021836280822754
HG_BraTS20_Training_188,0.1608843,0.027196629,0.16946758,0.16946758,0.1191828449567159
HG_BraTS20_Training_191,0.30757767,0.23158008,0.36185616,0.36185616,0.3003379702568054
HG_BraTS20_Training_201,0.2709625,0.09450842,0.28544748,0.28544748,0.2169727881749471
HG_BraTS20_Training_211,0.16551791,0.073292054,0.27026066,0.27026066,0.169690211613973
HG_BraTS20_Training_212,0.32417998,0.19540124,0.20061941,0.20061941,0.24006686607996622
HG_BraTS20_Training_226,0.15775414,0.122598425,0.42004392,0.42004392,0.23346549272537231
HG_BraTS20_Training_232,0.18878,0.04112654,0.07464227,0.07464227,0.10151626666386922
HG_BraTS20_Training_241,0.33024925,0.1046402,0.188106,0.188106,0.20766514539718628
HG_BraTS20_Training_245,0.30316997,0.1812397,0.4330848,0.4330848,0.30583147207895917
HG_BraTS20_Training_246,0.18402086,0.13845639,0.39533406,0.39533406,0.23927044868469238
HG_BraTS20_Training_336,0.20704332,0.15453441,0.2521387,0.2521387,0.20457216103871664
HG_BraTS20_Training_338,0.30978677,0.16475375,0.38204122,0.38204122,0.28552724917729694
HG_BraTS20_Training_344,0.16127838,0.043220513,0.10765673,0.10765673,0.10405186812082927
HG_BraTS20_Training_352,0.100432254,0.021968372,0.09839519,0.09839519,0.07359860340754192
LG_BraTS20_Training_262,0.13924599,0.014323723,3.3923604e-13,3.3923604e-13,0.05118990441163381
LG_BraTS20_Training_275,0.068541884,0.020839598,3.2021518e-13,3.2021518e-13,0.02979382872581482
LG_BraTS20_Training_278,0.2141064,0.11616714,3.7345482e-13,3.7345482e-13,0.1100911796092987
LG_BraTS20_Training_283,0.10719571,0.030269435,0.278157,0.278157,0.13854071497917175
LG_BraTS20_Training_291,0.34452748,0.121164575,0.00069949287,0.00069949287,0.15546384453773499
LG_BraTS20_Training_292,0.16825998,0.108519666,0.05415629,0.05415629,0.11031198501586914
LG_BraTS20_Training_294,0.14853364,0.04939321,3.2468586e-13,3.2468586e-13,0.06597561637560527
LG_BraTS20_Training_297,0.14123553,0.056200866,3.4202066e-13,3.4202066e-13,0.06581213076909383
LG_BraTS20_Training_310,0.24871415,0.13470434,2.3801024e-13,2.3801024e-13,0.12780616680781046
LG_BraTS20_Training_324,0.1166095,0.064237185,3.0378515e-13,3.0378515e-13,0.060282230377197266
t1cet1t2
HG_BraTS20_Training_010,0.072788194,0.021248594,0.18303001,0.18303001,0.09235559900601704
HG_BraTS20_Training_012,0.061181817,0.018496439,0.16227037,0.16227037,0.08064953982830048
HG_BraTS20_Training_020,0.29596862,0.20693333,0.18405706,0.18405706,0.2289863427480062
HG_BraTS20_Training_070,0.11580216,0.07035306,0.15730338,0.15730338,0.11448619763056438
HG_BraTS20_Training_089,0.23689716,0.045900796,0.31468317,0.31468317,0.19916037718454996
HG_BraTS20_Training_119,0.06055655,0.02139722,0.081873424,0.081873424,0.05460906525452932
HG_BraTS20_Training_124,0.3826254,0.21539924,0.31851763,0.31851763,0.3055140773455302
HG_BraTS20_Training_128,0.07223052,0.0018033532,0.0137622375,0.0137622375,0.029265368978182476
HG_BraTS20_Training_134,0.15174375,0.11105044,0.08745866,0.08745866,0.11675095558166504
HG_BraTS20_Training_140,0.29045206,0.13902746,0.27422854,0.27422854,0.23456935087839761
HG_BraTS20_Training_150,0.35975543,0.17274876,0.4943441,0.4943441,0.342282772064209
HG_BraTS20_Training_180,0.26753804,0.17319869,0.39704925,0.39704925,0.2792619864145915
HG_BraTS20_Training_188,0.14184861,0.027534122,0.18977775,0.18977775,0.11972016096115112
HG_BraTS20_Training_191,0.30246648,0.23489133,0.48634562,0.48634562,0.3412344853083293
HG_BraTS20_Training_201,0.25572267,0.09735285,0.28719404,0.28719404,0.21342317263285318
HG_BraTS20_Training_211,0.1595101,0.07448608,0.2883402,0.2883402,0.1741121212641398
HG_BraTS20_Training_212,0.31142375,0.21627837,0.25512052,0.25512052,0.2609408696492513
HG_BraTS20_Training_226,0.17095377,0.13181064,0.48771083,0.48771083,0.26349174976348877
HG_BraTS20_Training_232,0.1714309,0.04043203,0.07490374,0.07490374,0.0955888827641805
HG_BraTS20_Training_241,0.32351682,0.109949425,0.2707154,0.2707154,0.23472722371419272
HG_BraTS20_Training_245,0.30426365,0.18603516,0.34738895,0.34738895,0.27922924359639484
HG_BraTS20_Training_246,0.17869312,0.14066876,0.34597614,0.34597614,0.22177934646606445
HG_BraTS20_Training_336,0.21609545,0.16725732,0.24907802,0.24907802,0.21081026395161948
HG_BraTS20_Training_338,0.29377845,0.16987185,0.443098,0.443098,0.3022494316101074
HG_BraTS20_Training_344,0.17033811,0.04714234,0.12289546,0.12289546,0.11345863342285156
HG_BraTS20_Training_352,0.10041092,0.0230117,0.08512005,0.08512005,0.06951422492663066
LG_BraTS20_Training_262,0.13468093,0.01471828,2.1750005e-13,2.1750005e-13,0.04979973534742991
LG_BraTS20_Training_275,0.060927156,0.015808726,2.5677236e-13,2.5677236e-13,0.025578627983729046
LG_BraTS20_Training_278,0.19824275,0.09741455,2.4835464e-13,2.4835464e-13,0.09855243563652039
LG_BraTS20_Training_283,0.102547355,0.028129403,0.2753231,0.2753231,0.13533327976862589
LG_BraTS20_Training_291,0.35172614,0.12596202,0.0011399043,0.0011399043,0.15960935751597086
LG_BraTS20_Training_292,0.17518878,0.12928523,0.06403541,0.06403541,0.12283647060394287
LG_BraTS20_Training_294,0.14795314,0.06514679,2.4417043e-13,2.4417043e-13,0.07103330890337627
LG_BraTS20_Training_297,0.12855357,0.053678356,2.6198585e-13,2.6198585e-13,0.06074397762616476
LG_BraTS20_Training_310,0.22700104,0.14379841,2.5435584e-13,2.5435584e-13,0.12359981735547383
LG_BraTS20_Training_324,0.09981147,0.03792063,2.3065921e-13,2.3065921e-13,0.04591070115566254
flairt1cet2
HG_BraTS20_Training_010,0.09900506,0.02057831,0.13413015,0.13413015,0.08457117279370625
HG_BraTS20_Training_012,0.065034516,0.018071277,0.120611615,0.120611615,0.0679058035214742
HG_BraTS20_Training_020,0.3071441,0.2128346,0.16440734,0.16440734,0.22812867164611816
HG_BraTS20_Training_070,0.1140985,0.06981609,0.12620243,0.12620243,0.10337233543395996
HG_BraTS20_Training_089,0.24800366,0.045327347,0.3418881,0.3418881,0.21173969904581705
HG_BraTS20_Training_119,0.07624061,0.020813141,0.09653769,0.09653769,0.06453048189481099
HG_BraTS20_Training_124,0.36867827,0.20794097,0.31594136,0.31594136,0.2975202004114787
HG_BraTS20_Training_128,0.08092462,0.0024286276,0.019042265,0.019042265,0.034131839871406555
HG_BraTS20_Training_134,0.1645363,0.11182835,0.14645723,0.14645723,0.14094062646230063
HG_BraTS20_Training_140,0.28506142,0.12915903,0.28901023,0.28901023,0.23441022634506226
HG_BraTS20_Training_150,0.35802516,0.160849,0.4720482,0.4720482,0.33030744393666583
HG_BraTS20_Training_180,0.2922626,0.17377044,0.41810268,0.41810268,0.2947119077046712
HG_BraTS20_Training_188,0.157406,0.027063146,0.15106219,0.15106219,0.11184378465016682
HG_BraTS20_Training_191,0.30109373,0.21990477,0.41545132,0.41545132,0.3121499220530192
HG_BraTS20_Training_201,0.28350234,0.09742579,0.29843682,0.29843682,0.2264549732208252
HG_BraTS20_Training_211,0.16764052,0.07322931,0.23024668,0.23024668,0.1570388376712799
HG_BraTS20_Training_212,0.330162,0.19760598,0.2132733,0.2132733,0.24701374769210815
HG_BraTS20_Training_226,0.16013864,0.12801906,0.40105802,0.40105802,0.22973857323328653
HG_BraTS20_Training_232,0.1884452,0.041892026,0.09131313,0.09131313,0.10721678535143535
HG_BraTS20_Training_241,0.33430433,0.10812384,0.21635279,0.21635279,0.21959364414215088
HG_BraTS20_Training_245,0.31018007,0.18961227,0.4520346,0.4520346,0.31727564334869385
HG_BraTS20_Training_246,0.18205465,0.13832057,0.41646206,0.41646206,0.2456124226252238
HG_BraTS20_Training_336,0.21052389,0.15951875,0.26401344,0.26401344,0.2113520304361979
HG_BraTS20_Training_338,0.32115346,0.17325598,0.4134229,0.4134229,0.3026107947031657
HG_BraTS20_Training_344,0.15574072,0.03720781,0.099413104,0.099413104,0.09745388229688008
HG_BraTS20_Training_352,0.100908875,0.022471474,0.11002306,0.11002306,0.07780113816261292
LG_BraTS20_Training_262,0.14100811,0.014976173,2.3288852e-13,2.3288852e-13,0.051994760831197105
LG_BraTS20_Training_275,0.07160865,0.017666284,2.153038e-13,2.153038e-13,0.029758309324582417
LG_BraTS20_Training_278,0.21292579,0.1022178,2.6456425e-13,2.6456425e-13,0.10504786173502605
LG_BraTS20_Training_283,0.10691115,0.029980622,0.2581838,0.2581838,0.13169186313947043
LG_BraTS20_Training_291,0.35230827,0.12829824,0.0008818696,0.0008818696,0.16049612561861673
LG_BraTS20_Training_292,0.1650412,0.10032593,0.048389427,0.048389427,0.1045855184396108
LG_BraTS20_Training_294,0.15356472,0.05705986,2.2113619e-13,2.2113619e-13,0.07020819187164307
LG_BraTS20_Training_297,0.14229171,0.058052067,2.222321e-13,2.222321e-13,0.0667812575896581
LG_BraTS20_Training_310,0.24472447,0.14295778,1.4055604e-13,1.4055604e-13,0.12922741969426474
LG_BraTS20_Training_324,0.11800905,0.0597591,2.1578697e-13,2.1578697e-13,0.059256051977475487
flairt1t2
HG_BraTS20_Training_010,0.09709437,0.019763853,0.106414534,0.106414534,0.07442425688107808
HG_BraTS20_Training_012,0.061880734,0.017878328,0.12405291,0.12405291,0.06793732444445293
HG_BraTS20_Training_020,0.3017078,0.1835273,0.08124089,0.08124089,0.18882532914479574
HG_BraTS20_Training_070,0.106050566,0.048819084,0.036438104,0.036438104,0.06376925110816956
HG_BraTS20_Training_089,0.25123355,0.04049775,0.1566036,0.1566036,0.14944496750831604
HG_BraTS20_Training_119,0.072527744,0.020468896,0.099008664,0.099008664,0.06400176882743835
HG_BraTS20_Training_124,0.3559259,0.17234078,0.11685778,0.11685778,0.2150414784749349
HG_BraTS20_Training_128,0.07785393,0.0018006706,0.0047838944,0.0047838944,0.02814616511265437
HG_BraTS20_Training_134,0.15517184,0.1018852,0.07699787,0.07699787,0.11135163903236389
HG_BraTS20_Training_140,0.27731833,0.117478654,0.04793018,0.04793018,0.14757571617762247
HG_BraTS20_Training_150,0.34974697,0.073570356,0.0054275016,0.0054275016,0.14291494091351828
HG_BraTS20_Training_180,0.2857445,0.15053721,0.036760066,0.036760066,0.1576805810133616
HG_BraTS20_Training_188,0.16193289,0.023993133,0.06821395,0.06821395,0.0847133199373881
HG_BraTS20_Training_191,0.3022024,0.19938882,0.08106064,0.08106064,0.19421728452046713
HG_BraTS20_Training_201,0.28169385,0.08435124,0.01728736,0.01728736,0.12777748703956604
HG_BraTS20_Training_211,0.16713484,0.051809084,0.059734765,0.059734765,0.09289289514223735
HG_BraTS20_Training_212,0.30674577,0.14024282,0.015968964,0.015968964,0.15431918700536093
HG_BraTS20_Training_226,0.16243248,0.12920578,0.14747326,0.14747326,0.14637051026026407
HG_BraTS20_Training_232,0.18697825,0.04146757,0.015234025,0.015234025,0.08122661709785461
HG_BraTS20_Training_241,0.33868098,0.08029793,0.025810495,0.025810495,0.14826313654581705
HG_BraTS20_Training_245,0.32228956,0.183044,0.259322,0.259322,0.2548851768175761
HG_BraTS20_Training_246,0.18258856,0.13563403,0.23801276,0.23801276,0.18541177113850912
HG_BraTS20_Training_336,0.20202234,0.1520639,0.09517658,0.09517658,0.14975427587827048
HG_BraTS20_Training_338,0.31503356,0.13855399,0.049371753,0.049371753,0.16765310366948447
HG_BraTS20_Training_344,0.16595566,0.048226304,0.02527881,0.02527881,0.07982025543848674
HG_BraTS20_Training_352,0.10009971,0.0212967,0.015539342,0.015539342,0.045645251870155334
LG_BraTS20_Training_262,0.13978812,0.014687524,5.199667e-13,5.199667e-13,0.05149188141028086
LG_BraTS20_Training_275,0.06503487,0.012732475,6.275494e-13,6.275494e-13,0.025922447443008423
LG_BraTS20_Training_278,0.22308794,0.12223391,6.143638e-13,6.143638e-13,0.11510727802912395
LG_BraTS20_Training_283,0.10523499,0.028372804,0.12369623,0.12369623,0.08576800425847371
LG_BraTS20_Training_291,0.3568356,0.12775329,0.0003925109,0.0003925109,0.16166046261787415
LG_BraTS20_Training_292,0.17722695,0.11752272,0.020326894,0.020326894,0.10502551992734273
LG_BraTS20_Training_294,0.16310957,0.061945055,4.3660496e-13,4.3660496e-13,0.0750182072321574
LG_BraTS20_Training_297,0.14940168,0.06361869,7.083658e-13,7.083658e-13,0.07100678980350494
LG_BraTS20_Training_310,0.27320778,0.15863852,4.2832055e-13,4.2832055e-13,0.14394877354303995
LG_BraTS20_Training_324,0.114299275,0.07081564,4.655927e-13,4.655927e-13,0.06170497337977091
flairt1cet1
HG_BraTS20_Training_010,0.080224015,0.018417565,0.16873857,0.16873857,0.08912671605745952
HG_BraTS20_Training_012,0.064941235,0.016848566,0.14788944,0.14788944,0.07655974229176839
HG_BraTS20_Training_020,0.25512013,0.15506598,0.17082903,0.17082903,0.19367170333862305
HG_BraTS20_Training_070,0.09872695,0.04404994,0.17336176,0.17336176,0.10537955164909363
HG_BraTS20_Training_089,0.17750348,0.03758954,0.43238595,0.43238595,0.21582631270090738
HG_BraTS20_Training_119,0.05962372,0.017524378,0.10375421,0.10375421,0.06030076742172241
HG_BraTS20_Training_124,0.3157654,0.1804241,0.36368787,0.36368787,0.28662578264872235
HG_BraTS20_Training_128,0.07426299,0.0023565115,0.017111745,0.017111745,0.031243751446406048
HG_BraTS20_Training_134,0.14471023,0.092033885,0.122326575,0.122326575,0.11969022949536641
HG_BraTS20_Training_140,0.23612206,0.119615495,0.2993012,0.2993012,0.21834625800450644
HG_BraTS20_Training_150,0.3071078,0.15781376,0.41687113,0.41687113,0.29393088817596436
HG_BraTS20_Training_180,0.27564216,0.16050403,0.41238922,0.41238922,0.282845139503479
HG_BraTS20_Training_188,0.14198366,0.024548408,0.12777378,0.12777378,0.09810195366541545
HG_BraTS20_Training_191,0.2867819,0.21386705,0.42190447,0.42190447,0.3075178066889445
HG_BraTS20_Training_201,0.23069644,0.08950181,0.2742498,0.2742498,0.19814934333165488
HG_BraTS20_Training_211,0.13745452,0.068857804,0.24859431,0.24859431,0.15163554747899374
HG_BraTS20_Training_212,0.2586109,0.14443484,0.20922135,0.20922135,0.20408902565638223
HG_BraTS20_Training_226,0.13056526,0.09649978,0.413968,0.413968,0.2136776844660441
HG_BraTS20_Training_232,0.17738661,0.038447376,0.07807899,0.07807899,0.09797099232673645
HG_BraTS20_Training_241,0.26419947,0.09259072,0.27832988,0.27832988,0.21170667807261148
HG_BraTS20_Training_245,0.2552407,0.16143371,0.37534717,0.37534717,0.26400721073150635
HG_BraTS20_Training_246,0.1692925,0.11367285,0.3997305,0.3997305,0.22756528854370117
HG_BraTS20_Training_336,0.18205917,0.12356703,0.26598445,0.26598445,0.190536896387736
HG_BraTS20_Training_338,0.2650422,0.15710212,0.38257924,0.38257924,0.26824116706848145
HG_BraTS20_Training_344,0.13832293,0.038071834,0.108906195,0.108906195,0.09510032335917155
HG_BraTS20_Training_352,0.07442057,0.020867221,0.08224815,0.08224815,0.05917865037918091
LG_BraTS20_Training_262,0.124153964,0.0074288053,3.07097e-13,3.07097e-13,0.04386092225710551
LG_BraTS20_Training_275,0.06508042,0.015428157,2.614174e-13,2.614174e-13,0.02683619161446889
LG_BraTS20_Training_278,0.19184649,0.086446784,3.6762002e-13,3.6762002e-13,0.09276442726453145
LG_BraTS20_Training_283,0.10105577,0.028123356,0.29680675,0.29680675,0.1419952909151713
LG_BraTS20_Training_291,0.26967645,0.059980433,0.0005275479,0.0005275479,0.11006147662798564
LG_BraTS20_Training_292,0.13737284,0.093817055,0.04478129,0.04478129,0.09199039141337077
LG_BraTS20_Training_294,0.11368664,0.035110693,2.569307e-13,2.569307e-13,0.04959911108016968
LG_BraTS20_Training_297,0.099141926,0.027241755,2.746423e-13,2.746423e-13,0.04212789237499237
LG_BraTS20_Training_310,0.21614793,0.07296787,2.0602839e-13,2.0602839e-13,0.09637192885080974
LG_BraTS20_Training_324,0.10850106,0.045628432,2.3395644e-13,2.3395644e-13,0.05137649675210317
flairt1ce
HG_BraTS20_Training_010,0.08899205,0.019246377,0.10498082,0.10498082,0.07107308506965637
HG_BraTS20_Training_012,0.07051987,0.018043442,0.09825928,0.09825928,0.06227419773737589
HG_BraTS20_Training_020,0.2845535,0.18435831,0.15522388,0.15522388,0.20804524421691895
HG_BraTS20_Training_070,0.11146719,0.058967978,0.13452296,0.13452296,0.10165270169576009
HG_BraTS20_Training_089,0.18700302,0.043554842,0.3626356,0.3626356,0.19773115714391074
HG_BraTS20_Training_119,0.07754374,0.019230204,0.0861662,0.0861662,0.06098005175590515
HG_BraTS20_Training_124,0.33524528,0.2056884,0.29602513,0.29602513,0.27898625532786053
HG_BraTS20_Training_128,0.08137052,0.0028578213,0.01784661,0.01784661,0.034024983644485474
HG_BraTS20_Training_134,0.13630173,0.08308716,0.13249815,0.13249815,0.11729568243026733
HG_BraTS20_Training_140,0.24920568,0.12499909,0.2714334,0.2714334,0.2152127226193746
HG_BraTS20_Training_150,0.31360143,0.16987869,0.42151543,0.42151543,0.30166518688201904
HG_BraTS20_Training_180,0.28734776,0.17478472,0.39980608,0.39980608,0.2873128652572632
HG_BraTS20_Training_188,0.13772865,0.025484832,0.09777063,0.09777063,0.0869947075843811
HG_BraTS20_Training_191,0.289709,0.21423572,0.43302673,0.43302673,0.31232382853825885
HG_BraTS20_Training_201,0.25000638,0.099948324,0.25201806,0.25201806,0.200657586256663
HG_BraTS20_Training_211,0.13544936,0.07439224,0.17265102,0.17265102,0.12749754389127096
HG_BraTS20_Training_212,0.26195338,0.13981692,0.15960693,0.15960693,0.18712574243545532
HG_BraTS20_Training_226,0.13225497,0.10361093,0.34447983,0.34447983,0.19344858328501383
HG_BraTS20_Training_232,0.1849826,0.04134679,0.0896817,0.0896817,0.10533702373504639
HG_BraTS20_Training_241,0.2713485,0.10428121,0.2340473,0.2340473,0.20322567224502563
HG_BraTS20_Training_245,0.28086495,0.18084455,0.28191417,0.28191417,0.24787455797195435
HG_BraTS20_Training_246,0.17066537,0.10260247,0.36394045,0.36394045,0.21240276098251343
HG_BraTS20_Training_336,0.19399671,0.12738486,0.29188117,0.29188117,0.20442092418670654
HG_BraTS20_Training_338,0.30522272,0.18180747,0.3336091,0.3336091,0.2735464374224345
HG_BraTS20_Training_344,0.13277203,0.02885811,0.0783063,0.0783063,0.07997881372769673
HG_BraTS20_Training_352,0.07783817,0.023338087,0.09466124,0.09466124,0.06527916590372722
LG_BraTS20_Training_262,0.13037588,0.003199511,2.2645953e-13,2.2645953e-13,0.044525131583213806
LG_BraTS20_Training_275,0.07427507,0.015688865,1.891718e-13,1.891718e-13,0.029987978438536327
LG_BraTS20_Training_278,0.19379906,0.057939824,3.0802403e-13,3.0802403e-13,0.08391295870145161
LG_BraTS20_Training_283,0.10437048,0.027376126,0.22549804,0.22549804,0.11908154686292012
LG_BraTS20_Training_291,0.279694,0.04666468,0.0006048276,0.0006048276,0.10898783802986145
LG_BraTS20_Training_292,0.107142195,0.040635724,0.035862528,0.035862528,0.06121348341306051
LG_BraTS20_Training_294,0.10179301,0.023619449,1.8552531e-13,1.8552531e-13,0.04180415471394857
LG_BraTS20_Training_297,0.098179795,0.012177937,1.8023864e-13,1.8023864e-13,0.036785910526911415
LG_BraTS20_Training_310,0.22185136,0.06994767,1.3078049e-13,1.3078049e-13,0.09726634621620178
LG_BraTS20_Training_324,0.12027971,0.04067579,1.8689493e-13,1.8689493e-13,0.05365182956059774
flairt2
HG_BraTS20_Training_010,0.10108972,0.018247299,0.08274258,0.08274258,0.06735986471176147
HG_BraTS20_Training_012,0.062395368,0.017652435,0.09204365,0.09204365,0.057363818089167275
HG_BraTS20_Training_020,0.31797093,0.22017676,0.09673708,0.09673708,0.211628258228302
HG_BraTS20_Training_070,0.10795889,0.058213674,0.041424505,0.041424505,0.06919902563095093
HG_BraTS20_Training_089,0.26588064,0.04387952,0.14817199,0.14817199,0.15264404813448587
HG_BraTS20_Training_119,0.07402542,0.020147147,0.094446294,0.094446294,0.06287295619646709
HG_BraTS20_Training_124,0.36234406,0.19520895,0.12609737,0.12609737,0.2278834581375122
HG_BraTS20_Training_128,0.07803894,0.0018677072,0.010864623,0.010864623,0.030257088442643482
HG_BraTS20_Training_134,0.15835114,0.10423281,0.11176975,0.11176975,0.12478456894556682
HG_BraTS20_Training_140,0.28164887,0.11748255,0.08581421,0.08581421,0.16164854168891907
HG_BraTS20_Training_150,0.35566872,0.107473515,0.0117184585,0.0117184585,0.1582868993282318
HG_BraTS20_Training_180,0.29443577,0.1581597,0.06281666,0.06281666,0.17180405060450235
HG_BraTS20_Training_188,0.1605712,0.023191385,0.06753301,0.06753301,0.08376519878705342
HG_BraTS20_Training_191,0.29932252,0.20665583,0.1300309,0.1300309,0.2120030721028646
HG_BraTS20_Training_201,0.29052472,0.08917645,0.06345303,0.06345303,0.14771807193756104
HG_BraTS20_Training_211,0.16766672,0.055023205,0.034369722,0.034369722,0.08568654457728068
HG_BraTS20_Training_212,0.31893727,0.16273783,0.028669976,0.028669976,0.1701150139172872
HG_BraTS20_Training_226,0.16826229,0.13519353,0.12897883,0.12897883,0.14414489269256592
HG_BraTS20_Training_232,0.1910443,0.042488232,0.02175363,0.02175363,0.08509538571039836
HG_BraTS20_Training_241,0.35548556,0.10134487,0.05539119,0.05539119,0.17074054479599
HG_BraTS20_Training_245,0.34191814,0.200224,0.3241991,0.3241991,0.288780411084493
HG_BraTS20_Training_246,0.18258373,0.13680558,0.27316776,0.27316776,0.19751902421315512
HG_BraTS20_Training_336,0.1997178,0.14689745,0.117258325,0.117258325,0.15462452173233032
HG_BraTS20_Training_338,0.33149236,0.15894787,0.11265685,0.11265685,0.20103236039479574
HG_BraTS20_Training_344,0.16138901,0.046029802,0.03560676,0.03560676,0.08100852370262146
HG_BraTS20_Training_352,0.099284746,0.020340033,0.04670935,0.04670935,0.0554447074731191
LG_BraTS20_Training_262,0.13721874,0.014515048,3.745178e-13,3.745178e-13,0.05057792862256368
LG_BraTS20_Training_275,0.06730065,0.0112842,3.8412784e-13,3.8412784e-13,0.026194949944814045
LG_BraTS20_Training_278,0.22556488,0.11557602,4.1926963e-13,4.1926963e-13,0.11371363202730815
LG_BraTS20_Training_283,0.10210234,0.023931608,0.10891089,0.10891089,0.07831494510173798
LG_BraTS20_Training_291,0.37112576,0.13255113,0.0006708033,0.0006708033,0.1681158939997355
LG_BraTS20_Training_292,0.17541708,0.12565355,0.01692171,0.01692171,0.10599744319915771
LG_BraTS20_Training_294,0.16496655,0.07721035,2.844222e-13,2.844222e-13,0.08072563509146373
LG_BraTS20_Training_297,0.15799311,0.06703638,4.451765e-13,4.451765e-13,0.07500983277956645
LG_BraTS20_Training_310,0.27133313,0.1697668,2.3536612e-13,2.3536612e-13,0.1470333139101664
LG_BraTS20_Training_324,0.11346335,0.07426757,2.9266295e-13,2.9266295e-13,0.06257697443167369
t1t2
HG_BraTS20_Training_010,0.08301307,0.019275535,0.14308771,0.14308771,0.08179210623105367
HG_BraTS20_Training_012,0.060090132,0.018665707,0.16598645,0.16598645,0.08158076306184132
HG_BraTS20_Training_020,0.29802883,0.18097438,0.10288895,0.10288895,0.1939640442530314
HG_BraTS20_Training_070,0.11041075,0.05264007,0.06275799,0.06275799,0.07526959975560506
HG_BraTS20_Training_089,0.27051297,0.042204462,0.19473949,0.19473949,0.16915229956309
HG_BraTS20_Training_119,0.06689245,0.02205378,0.073772885,0.073772885,0.054239705204963684
HG_BraTS20_Training_124,0.37002248,0.18686526,0.15280782,0.15280782,0.23656519254048666
HG_BraTS20_Training_128,0.074542664,0.0008656732,0.003546985,0.003546985,0.026318440834681194
HG_BraTS20_Training_134,0.14056866,0.0991621,0.038500533,0.038500533,0.09274376432100932
HG_BraTS20_Training_140,0.2923015,0.13036725,0.1404517,0.1404517,0.1877068281173706
HG_BraTS20_Training_150,0.35258195,0.061036207,0.020299314,0.020299314,0.1446391542752584
HG_BraTS20_Training_180,0.25908166,0.13973214,0.059173077,0.059173077,0.15266228715578714
HG_BraTS20_Training_188,0.14469099,0.021777796,0.11201704,0.11201704,0.09282861153284709
HG_BraTS20_Training_191,0.29446933,0.16998406,0.16673024,0.16673024,0.21039454142252603
HG_BraTS20_Training_201,0.2734461,0.08318079,0.048029408,0.048029408,0.13488543033599854
HG_BraTS20_Training_211,0.16308902,0.051222853,0.1128001,0.1128001,0.10903731981913249
HG_BraTS20_Training_212,0.3041009,0.16779788,0.048583623,0.048583623,0.17349414030710855
HG_BraTS20_Training_226,0.18044634,0.14371471,0.32989526,0.32989526,0.2180187702178955
HG_BraTS20_Training_232,0.15255643,0.03560829,0.0064314017,0.0064314017,0.06486537555853526
HG_BraTS20_Training_241,0.3433282,0.07653141,0.055558395,0.055558395,0.15847266713778177
HG_BraTS20_Training_245,0.32066125,0.19389968,0.13155569,0.13155569,0.2153722047805786
HG_BraTS20_Training_246,0.16667369,0.13064525,0.05818377,0.05818377,0.1185008982817332
HG_BraTS20_Training_336,0.20922284,0.16534297,0.1234874,0.1234874,0.16601773103078207
HG_BraTS20_Training_338,0.30313334,0.11423404,0.13958713,0.13958713,0.18565150101979574
HG_BraTS20_Training_344,0.19189924,0.05446392,0.072472736,0.072472736,0.10627863804499309
HG_BraTS20_Training_352,0.09952361,0.023077281,0.0132614225,0.0132614225,0.04528744022051493
LG_BraTS20_Training_262,0.1407508,0.015115378,2.7400264e-13,2.7400264e-13,0.05195539196332296
LG_BraTS20_Training_275,0.059435274,0.010448021,4.3044076e-13,4.3044076e-13,0.023294431467851002
LG_BraTS20_Training_278,0.21329479,0.09994155,4.1978004e-13,4.1978004e-13,0.10441211859385173
LG_BraTS20_Training_283,0.09885601,0.020449745,0.08798694,0.08798694,0.06909756362438202
LG_BraTS20_Training_291,0.35728848,0.13637067,0.00038332536,0.00038332536,0.16468081871668497
LG_BraTS20_Training_292,0.1780784,0.13359518,0.05753815,0.05753815,0.12307057778040568
LG_BraTS20_Training_294,0.16139825,0.07401615,2.8179333e-13,2.8179333e-13,0.07847146193186443
LG_BraTS20_Training_297,0.13959458,0.065094925,5.4936e-13,5.4936e-13,0.06822983423868816
LG_BraTS20_Training_310,0.2764382,0.17222886,4.1689249e-13,4.1689249e-13,0.14955568313598633
LG_BraTS20_Training_324,0.10605375,0.055390652,2.6493575e-13,2.6493575e-13,0.05381479859352112
flairt1
HG_BraTS20_Training_010,0.089974605,0.014212902,0.09361456,0.09361456,0.0659340222676595
HG_BraTS20_Training_012,0.06222611,0.014940144,0.13196293,0.13196293,0.06970972816149394
HG_BraTS20_Training_020,0.2467254,0.11778542,0.059548557,0.059548557,0.14135312040646872
HG_BraTS20_Training_070,0.09312648,0.021049637,0.04173074,0.04173074,0.05196895202000936
HG_BraTS20_Training_089,0.20318952,0.015912762,0.045829408,0.045829408,0.08831055959065755
HG_BraTS20_Training_119,0.061664533,0.017273592,0.124205224,0.124205224,0.06771445274353027
HG_BraTS20_Training_124,0.31126896,0.10338371,0.05262424,0.05262424,0.15575897693634033
HG_BraTS20_Training_128,0.07025909,0.0015722634,0.009141735,0.009141735,0.026991029580434162
HG_BraTS20_Training_134,0.13018844,0.064346015,0.04110311,0.04110311,0.07854585349559784
HG_BraTS20_Training_140,0.22300082,0.062017117,0.019713504,0.019713504,0.10157714287439983
HG_BraTS20_Training_150,0.2904706,0.041941963,0.0050706537,0.0050706537,0.11249440908432007
HG_BraTS20_Training_180,0.25604293,0.10343455,0.038173266,0.038173266,0.13255023956298828
HG_BraTS20_Training_188,0.13909686,0.0155179445,0.056877665,0.056877665,0.07049749294916789
HG_BraTS20_Training_191,0.2654567,0.12289558,0.048890177,0.048890177,0.14574748277664185
HG_BraTS20_Training_201,0.22646831,0.041522738,0.009294592,0.009294592,0.09242854515711467
HG_BraTS20_Training_211,0.14879367,0.04748351,0.04724331,0.04724331,0.08117349445819855
HG_BraTS20_Training_212,0.21462442,0.0728582,0.006068049,0.006068049,0.09785022338231404
HG_BraTS20_Training_226,0.106830604,0.04178369,0.017566074,0.017566074,0.05539345244566599
HG_BraTS20_Training_232,0.17826998,0.04011242,0.0140135335,0.0140135335,0.07746531069278717
HG_BraTS20_Training_241,0.25435516,0.032975335,0.010466576,0.010466576,0.0992656946182251
HG_BraTS20_Training_245,0.26331478,0.14594615,0.19364072,0.19364072,0.20096721251805624
HG_BraTS20_Training_246,0.16995883,0.10205448,0.12247268,0.12247268,0.13149532675743103
HG_BraTS20_Training_336,0.1791405,0.087298974,0.0689601,0.0689601,0.11179985602696736
HG_BraTS20_Training_338,0.2628452,0.107266076,0.026514443,0.026514443,0.1322085658709208
HG_BraTS20_Training_344,0.14664234,0.04266132,0.021242991,0.021242991,0.07018221914768219
HG_BraTS20_Training_352,0.08105365,0.015628805,0.01676472,0.01676472,0.037815727293491364
LG_BraTS20_Training_262,0.13086535,0.0056260554,8.387854e-13,8.387854e-13,0.04549713432788849
LG_BraTS20_Training_275,0.05676694,0.003027756,7.0636433e-13,7.0636433e-13,0.019931564728418987
LG_BraTS20_Training_278,0.20743749,0.09150104,9.101666e-13,9.101666e-13,0.09964617093404134
LG_BraTS20_Training_283,0.104169756,0.025688969,0.15625215,0.15625215,0.09537029266357422
LG_BraTS20_Training_291,0.2749647,0.0681997,0.0007957032,0.0007957032,0.11465335885683696
LG_BraTS20_Training_292,0.15221058,0.09257162,0.040007107,0.040007107,0.09492977460225423
LG_BraTS20_Training_294,0.13437788,0.038161445,4.790878e-13,4.790878e-13,0.05751310785611471
LG_BraTS20_Training_297,0.11125988,0.035803262,8.138021e-13,8.138021e-13,0.04902104536692301
LG_BraTS20_Training_310,0.257968,0.08921953,4.7156463e-13,4.7156463e-13,0.1157291829586029
LG_BraTS20_Training_324,0.11425849,0.061147816,7.141837e-13,7.141837e-13,0.058468768994013466
t1cet1
HG_BraTS20_Training_010,0.026083857,0.013975997,0.13525714,0.13525714,0.05843899647394816
HG_BraTS20_Training_012,0.045258366,0.015184696,0.113719985,0.113719985,0.05805434783299764
HG_BraTS20_Training_020,0.15949827,0.13718134,0.17017765,0.17017765,0.1556190848350525
HG_BraTS20_Training_070,0.05084919,0.04080094,0.15383987,0.15383987,0.08182999988396962
HG_BraTS20_Training_089,0.07892133,0.030874021,0.2369598,0.2369598,0.11558504899342854
HG_BraTS20_Training_119,0.02995251,0.014603307,0.0482461,0.0482461,0.03093397120634715
HG_BraTS20_Training_124,0.25966516,0.17751391,0.30296928,0.30296928,0.2467161218325297
HG_BraTS20_Training_128,0.025328867,0.0012903187,0.0042166607,0.0042166607,0.010278616100549698
HG_BraTS20_Training_134,0.09182573,0.07803628,0.0930561,0.0930561,0.08763937155405681
HG_BraTS20_Training_140,0.14596035,0.10657649,0.22918624,0.22918624,0.16057435671488443
HG_BraTS20_Training_150,0.19832113,0.14020976,0.51111716,0.51111716,0.2832160194714864
HG_BraTS20_Training_180,0.17136641,0.14176221,0.3774355,0.3774355,0.23018805185953775
HG_BraTS20_Training_188,0.0734806,0.021444874,0.11215183,0.11215183,0.06902576486269633
HG_BraTS20_Training_191,0.235155,0.19978164,0.5327899,0.5327899,0.32257550954818726
HG_BraTS20_Training_201,0.13873093,0.07874716,0.29905853,0.29905853,0.17217886447906494
HG_BraTS20_Training_211,0.08492187,0.06013383,0.22772588,0.22772588,0.12426052490870158
HG_BraTS20_Training_212,0.1895139,0.14995974,0.2555861,0.2555861,0.1983532508214315
HG_BraTS20_Training_226,0.11910154,0.09383631,0.45502794,0.45502794,0.22265525658925375
HG_BraTS20_Training_232,0.086868525,0.029515965,0.07840094,0.07840094,0.06492847700913747
HG_BraTS20_Training_241,0.13983351,0.09340988,0.39300454,0.39300454,0.2087493141492208
HG_BraTS20_Training_245,0.19718395,0.121317066,0.37720904,0.37720904,0.23190335432688394
HG_BraTS20_Training_246,0.112390615,0.08594078,0.33009583,0.33009583,0.17614241441090903
HG_BraTS20_Training_336,0.13878012,0.109288044,0.2084214,0.2084214,0.1521631876627604
HG_BraTS20_Training_338,0.19166139,0.14940988,0.44794062,0.44794062,0.263003945350647
HG_BraTS20_Training_344,0.069649234,0.0347261,0.09892219,0.09892219,0.06776584188143413
HG_BraTS20_Training_352,0.026107837,0.016137753,0.03106,0.03106,0.024435197313626606
LG_BraTS20_Training_262,0.030143226,0.0031810368,1.7323217e-13,1.7323217e-13,0.011108087996641794
LG_BraTS20_Training_275,0.030728985,0.009348667,1.3916529e-13,1.3916529e-13,0.013359217594067255
LG_BraTS20_Training_278,0.07307822,0.030021386,2.0814687e-13,2.0814687e-13,0.03436653564373652
LG_BraTS20_Training_283,0.038192753,0.017033502,0.06432231,0.06432231,0.03984951972961426
LG_BraTS20_Training_291,0.07987562,0.027943444,0.00039454649,0.00039454649,0.03607120364904404
LG_BraTS20_Training_292,0.11311357,0.0860823,0.042650957,0.042650957,0.08061560491720836
LG_BraTS20_Training_294,0.041852973,0.01872108,1.6129292e-13,1.6129292e-13,0.020191351572672527
LG_BraTS20_Training_297,0.028562788,0.010140658,1.6812092e-13,1.6812092e-13,0.012901148448387781
LG_BraTS20_Training_310,0.049871325,0.02840552,2.2824274e-13,2.2824274e-13,0.026092280944188435
LG_BraTS20_Training_324,0.01388774,0.0063996874,1.2846041e-13,1.2846041e-13,0.006762476017077764
t1cet2
HG_BraTS20_Training_010,0.08231006,0.020780804,0.13026613,0.13026613,0.07778566082318623
HG_BraTS20_Training_012,0.062417127,0.018279266,0.10938904,0.10938904,0.06336180865764618
HG_BraTS20_Training_020,0.3065952,0.228156,0.1703843,0.1703843,0.23504515488942465
HG_BraTS20_Training_070,0.12254007,0.078819,0.13348581,0.13348581,0.1116149624188741
HG_BraTS20_Training_089,0.24352248,0.047828708,0.23842835,0.23842835,0.17659318447113037
HG_BraTS20_Training_119,0.07240896,0.022047857,0.06936107,0.06936107,0.054605960845947266
HG_BraTS20_Training_124,0.39122936,0.22714406,0.26973072,0.26973072,0.29603469371795654
HG_BraTS20_Training_128,0.07599757,0.0021594365,0.014658485,0.014658485,0.030938496192296345
HG_BraTS20_Training_134,0.16395916,0.11714358,0.08883121,0.08883121,0.12331132094065349
HG_BraTS20_Training_140,0.3161614,0.14615545,0.23843493,0.23843493,0.23358392715454102
HG_BraTS20_Training_150,0.3650024,0.17359434,0.4903587,0.4903587,0.3429851531982422
HG_BraTS20_Training_180,0.2678646,0.17500089,0.41581607,0.41581607,0.28622718652089435
HG_BraTS20_Training_188,0.12349384,0.02679516,0.12697077,0.12697077,0.09241992235183716
HG_BraTS20_Training_191,0.29778966,0.22764654,0.54951686,0.54951686,0.35831769307454425
HG_BraTS20_Training_201,0.27659068,0.09931197,0.24733289,0.24733289,0.2077451745669047
HG_BraTS20_Training_211,0.15096459,0.07383002,0.21166703,0.21166703,0.14548720916112265
HG_BraTS20_Training_212,0.32569963,0.22909446,0.23871024,0.23871024,0.264501432577769
HG_BraTS20_Training_226,0.17672741,0.13545959,0.42307785,0.42307785,0.24508829911549887
HG_BraTS20_Training_232,0.17445673,0.04041487,0.10035361,0.10035361,0.10507507125536601
HG_BraTS20_Training_241,0.3264026,0.118108794,0.2877369,0.2877369,0.24408276875813803
HG_BraTS20_Training_245,0.29038492,0.18799175,0.3676947,0.3676947,0.2820237874984741
HG_BraTS20_Training_246,0.16867477,0.13730343,0.34704787,0.34704787,0.21767534812291464
HG_BraTS20_Training_336,0.22827943,0.17372555,0.24543898,0.24543898,0.21581465005874634
HG_BraTS20_Training_338,0.30026865,0.17783777,0.44910744,0.44910744,0.30907130241394043
HG_BraTS20_Training_344,0.15743874,0.03855466,0.07887907,0.07887907,0.09162416060765584
HG_BraTS20_Training_352,0.108500384,0.023272825,0.11695295,0.11695295,0.08290871977806091
LG_BraTS20_Training_262,0.13416222,0.01473635,1.1909724e-13,1.1909724e-13,0.04963285724322001
LG_BraTS20_Training_275,0.06784201,0.02053379,1.2531957e-13,1.2531957e-13,0.029458599785963695
LG_BraTS20_Training_278,0.20121644,0.095236585,1.2886266e-13,1.2886266e-13,0.09881767630577087
LG_BraTS20_Training_283,0.10516547,0.028329559,0.22835335,0.22835335,0.12061612804730733
LG_BraTS20_Training_291,0.35249197,0.13425152,0.0009701501,0.0009701501,0.16257122159004211
LG_BraTS20_Training_292,0.1717678,0.11739035,0.04348382,0.04348382,0.11088066299756368
LG_BraTS20_Training_294,0.14871927,0.06308569,1.4063906e-13,1.4063906e-13,0.07060165206591289
LG_BraTS20_Training_297,0.12062908,0.05380932,1.2600171e-13,1.2600171e-13,0.05814613401889801
LG_BraTS20_Training_310,0.20155245,0.1368674,9.0957874e-14,9.0957874e-14,0.11280661821365356
LG_BraTS20_Training_324,0.09957595,0.040544096,1.2824458e-13,1.2824458e-13,0.04670668145020803
flair
HG_BraTS20_Training_010,0.09498601,0.010749815,0.037484672,0.037484672,0.04774016638596853
HG_BraTS20_Training_012,0.06531824,0.016835572,0.032948863,0.032948863,0.03836755951245626
HG_BraTS20_Training_020,0.2910965,0.1860858,0.061454725,0.061454725,0.1795456806818644
HG_BraTS20_Training_070,0.09836147,0.02985397,0.010980838,0.010980838,0.04639875888824463
HG_BraTS20_Training_089,0.21986681,0.020592956,0.010888711,0.010888711,0.08378283182779948
HG_BraTS20_Training_119,0.070922494,0.017214643,0.056781486,0.056781486,0.04830620686213175
HG_BraTS20_Training_124,0.32042623,0.14447226,0.040325757,0.040325757,0.16840807596842447
HG_BraTS20_Training_128,0.07242937,0.0018254784,0.004581055,0.004581055,0.026278634866078694
HG_BraTS20_Training_134,0.12547038,0.0637498,0.04234217,0.04234217,0.07718745370705922
HG_BraTS20_Training_140,0.23866183,0.046856154,0.00085209723,0.00085209723,0.09545669953028361
HG_BraTS20_Training_150,0.3037541,0.075833954,0.010522433,0.010522433,0.13003682096799216
HG_BraTS20_Training_180,0.27652234,0.13417715,0.05467211,0.05467211,0.1551238695780436
HG_BraTS20_Training_188,0.13886526,0.019367952,0.0043232054,0.0043232054,0.05418546994527181
HG_BraTS20_Training_191,0.26805958,0.13711412,0.016416488,0.016416488,0.14053006966908774
HG_BraTS20_Training_201,0.24962045,0.061188076,0.0138,0.0138,0.10820284485816956
HG_BraTS20_Training_211,0.15347631,0.048214074,0.008549686,0.008549686,0.07008002698421478
HG_BraTS20_Training_212,0.21632972,0.05079918,0.003079778,0.003079778,0.09006956219673157
HG_BraTS20_Training_226,0.109332815,0.050248746,0.022797005,0.022797005,0.06079285343488058
HG_BraTS20_Training_232,0.18065292,0.036318112,0.008259587,0.008259587,0.07507686813672383
HG_BraTS20_Training_241,0.27891687,0.04966254,0.010150455,0.010150455,0.11290995279947917
HG_BraTS20_Training_245,0.30263877,0.17780778,0.13037297,0.13037297,0.20360650618871054
HG_BraTS20_Training_246,0.17232424,0.08974979,0.028395392,0.028395392,0.09682313601175944
HG_BraTS20_Training_336,0.18928,0.07502533,0.020320967,0.020320967,0.094875435034434
HG_BraTS20_Training_338,0.2858129,0.12536646,0.041581966,0.041581966,0.150920440753301
HG_BraTS20_Training_344,0.151568,0.04277184,0.017514687,0.017514687,0.07061817745367686
HG_BraTS20_Training_352,0.08191014,0.012200639,0.030808648,0.030808648,0.041639809807141624
LG_BraTS20_Training_262,0.124726236,0.002022615,4.2432214e-13,4.2432214e-13,0.04224961499373118
LG_BraTS20_Training_275,0.06493701,0.003148818,3.412387e-13,3.412387e-13,0.022695275644461315
LG_BraTS20_Training_278,0.20561321,0.07580602,5.180005e-13,5.180005e-13,0.09380640586217244
LG_BraTS20_Training_283,0.09875424,0.016051436,0.0138077,0.0138077,0.04287112752596537
LG_BraTS20_Training_291,0.30749014,0.09326551,0.00033284794,0.00033284794,0.13369616866111755
LG_BraTS20_Training_292,0.14503957,0.06015144,0.004750319,0.004750319,0.0699804425239563
LG_BraTS20_Training_294,0.14150955,0.049977988,2.7003673e-13,2.7003673e-13,0.06382917861143748
LG_BraTS20_Training_297,0.115372725,0.026690353,3.8179597e-13,3.8179597e-13,0.04735436042149862
LG_BraTS20_Training_310,0.26557565,0.12754062,2.2880677e-13,2.2880677e-13,0.13103875517845154
LG_BraTS20_Training_324,0.123815976,0.0750739,3.6065928e-13,3.6065928e-13,0.06629662712415059
t1
HG_BraTS20_Training_010,0.021520711,0.0065513942,0.010289304,0.010289304,0.012787135938803354
HG_BraTS20_Training_012,0.023874763,0.008823709,0.012984277,0.012984277,0.015227582305669785
HG_BraTS20_Training_020,0.07130312,0.043363128,0.021416659,0.021416659,0.04536097248395284
HG_BraTS20_Training_070,0.027240358,0.01519215,0.0103125535,0.0103125535,0.01758168761928876
HG_BraTS20_Training_089,0.052189995,0.005679518,0.032555792,0.032555792,0.030141768356164295
HG_BraTS20_Training_119,0.024395147,0.012278043,0.0074016573,0.0074016573,0.014691614856322607
HG_BraTS20_Training_124,0.092377976,0.05391429,0.037308116,0.037308116,0.06120012700557709
HG_BraTS20_Training_128,0.016319115,0.0005083597,0.00016859142,0.00016859142,0.005665355672438939
HG_BraTS20_Training_134,0.03517882,0.029911576,0.0013199728,0.0013199728,0.022136790057023365
HG_BraTS20_Training_140,0.10661053,0.06172965,0.054197744,0.054197744,0.07417930662631989
HG_BraTS20_Training_150,0.098971255,0.009926504,0.0020465984,0.0020465984,0.03698145349820455
HG_BraTS20_Training_180,0.048130278,0.01923159,0.0035330695,0.0035330695,0.02363164722919464
HG_BraTS20_Training_188,0.029654376,0.0060290475,0.0007972251,0.0007972251,0.012160215526819229
HG_BraTS20_Training_191,0.08860991,0.008239045,0.0029616735,0.0029616735,0.0332702100276947
HG_BraTS20_Training_201,0.078984715,0.0029736457,0.0015003458,0.0015003458,0.027819568912188213
HG_BraTS20_Training_211,0.039096918,0.022694988,0.016635887,0.016635887,0.026142597198486328
HG_BraTS20_Training_212,0.10142809,0.06769244,0.004082419,0.004082419,0.05773431062698364
HG_BraTS20_Training_226,0.028215686,0.015472761,0.00045932137,0.00045932137,0.014715922375520071
HG_BraTS20_Training_232,0.020892985,0.0061973194,0.0007119549,0.0007119549,0.009267419576644897
HG_BraTS20_Training_241,0.08866201,0.016305355,0.012859811,0.012859811,0.03927572816610336
HG_BraTS20_Training_245,0.09298084,0.041193105,0.0036464466,0.0036464466,0.045940130949020386
HG_BraTS20_Training_246,0.04471005,0.016233904,0.0014003684,0.0014003684,0.020781441281239193
HG_BraTS20_Training_336,0.078806,0.0719009,0.020136397,0.020136397,0.056947762767473854
HG_BraTS20_Training_338,0.043496963,0.010530848,0.007858258,0.007858258,0.02062868947784106
HG_BraTS20_Training_344,0.07033382,0.027542848,0.014547443,0.014547443,0.0374747042854627
HG_BraTS20_Training_352,0.01453457,0.005999429,0.0004056937,0.0004056937,0.006979897618293762
LG_BraTS20_Training_262,0.029836453,0.0007777422,6.513088e-14,6.513088e-14,0.010204731797178587
LG_BraTS20_Training_275,0.009230051,0.0005095023,1.2445706e-13,1.2445706e-13,0.003246517851948738
LG_BraTS20_Training_278,0.032571692,0.016263524,1.03850786e-13,1.03850786e-13,0.016278405984242756
LG_BraTS20_Training_283,0.012270672,0.0028905284,2.3826968e-05,2.3826968e-05,0.0050616757944226265
LG_BraTS20_Training_291,0.06196615,0.031785842,7.748034e-14,7.748034e-14,0.03125066558519999
LG_BraTS20_Training_292,0.073496,0.062873766,0.012907828,0.012907828,0.04975919922192892
LG_BraTS20_Training_294,0.031628028,0.014083885,7.7039225e-14,7.7039225e-14,0.015237304071585337
LG_BraTS20_Training_297,0.02736159,0.016736517,7.556694e-14,7.556694e-14,0.014699369668960571
LG_BraTS20_Training_310,0.058954217,0.028068746,6.4871876e-13,6.4871876e-13,0.02900765339533488
LG_BraTS20_Training_324,0.00924198,0.004951676,8.652016e-14,8.652016e-14,0.004731218641002973
t1c
HG_BraTS20_Training_010,0.0303835,0.01855688,0.06290693,0.06290693,0.03728243708610535
HG_BraTS20_Training_012,0.04618788,0.017578823,0.040721197,0.040721197,0.034829298655192055
HG_BraTS20_Training_020,0.16709904,0.14975575,0.07595252,0.07595252,0.13093576828638712
HG_BraTS20_Training_070,0.06779523,0.05512439,0.07658169,0.07658169,0.06650043527285258
HG_BraTS20_Training_089,0.06835194,0.037626732,0.12502602,0.12502602,0.07700156172116597
HG_BraTS20_Training_119,0.038192496,0.019127807,0.02839374,0.02839374,0.02857134739557902
HG_BraTS20_Training_124,0.27596068,0.20731494,0.19572571,0.19572571,0.2263337771097819
HG_BraTS20_Training_128,0.030806178,0.002252592,0.0041966103,0.0041966103,0.012418460100889206
HG_BraTS20_Training_134,0.11188687,0.08416647,0.06502847,0.06502847,0.08702726165453593
HG_BraTS20_Training_140,0.17235203,0.13900538,0.112107016,0.112107016,0.1411548058191935
HG_BraTS20_Training_150,0.2073003,0.1679569,0.4162615,0.4162615,0.2638395627339681
HG_BraTS20_Training_180,0.2049452,0.16857515,0.33879203,0.33879203,0.23743746678034464
HG_BraTS20_Training_188,0.07121323,0.020997673,0.04967611,0.04967611,0.04729566971460978
HG_BraTS20_Training_191,0.273048,0.23129027,0.41643855,0.41643855,0.30692561467488605
HG_BraTS20_Training_201,0.16282503,0.0914144,0.18437378,0.18437378,0.14620441198349
HG_BraTS20_Training_211,0.092908494,0.066539235,0.10805409,0.10805409,0.08916727701822917
HG_BraTS20_Training_212,0.22248274,0.17821266,0.15490569,0.15490569,0.1852003534634908
HG_BraTS20_Training_226,0.12849832,0.100636475,0.29187882,0.29187882,0.17367120583852133
HG_BraTS20_Training_232,0.11802823,0.036604967,0.07660623,0.07660623,0.07707980771859486
HG_BraTS20_Training_241,0.12523726,0.11286348,0.253337,0.253337,0.1638125777244568
HG_BraTS20_Training_245,0.20843022,0.15450397,0.42300332,0.42300332,0.2619791626930237
HG_BraTS20_Training_246,0.113274895,0.095431946,0.21279028,0.21279028,0.14049903551737467
HG_BraTS20_Training_336,0.17312022,0.13130851,0.16903023,0.16903023,0.15781964858373007
HG_BraTS20_Training_338,0.22289214,0.17932734,0.32963204,0.32963204,0.24395050605138144
HG_BraTS20_Training_344,0.035018492,0.021864196,0.024038525,0.024038525,0.026973736782868702
HG_BraTS20_Training_352,0.04004668,0.022096567,0.04385465,0.04385465,0.03533263256152471
LG_BraTS20_Training_262,0.022145653,0.00081689015,7.7498954e-14,7.7498954e-14,0.007654181371132533
LG_BraTS20_Training_275,0.05037736,0.018518038,8.273899e-14,8.273899e-14,0.02296513319015503
LG_BraTS20_Training_278,0.058065496,0.03198707,8.134049e-14,8.134049e-14,0.030017522474129994
LG_BraTS20_Training_283,0.05196515,0.019897804,0.07369077,0.07369077,0.048517907659212746
LG_BraTS20_Training_291,0.04730844,0.0018636499,0.00013181091,0.00013181091,0.01643463472525279
LG_BraTS20_Training_292,0.06198227,0.03221406,0.012565282,0.012565282,0.03558720648288727
LG_BraTS20_Training_294,0.023428509,0.008103017,6.642885e-14,6.642885e-14,0.010510509212811789
LG_BraTS20_Training_297,0.035826873,0.008460515,6.6773505e-14,6.6773505e-14,0.014762462427218756
LG_BraTS20_Training_310,0.03850958,0.017935492,6.069913e-14,6.069913e-14,0.01881502444545428
LG_BraTS20_Training_324,0.022484416,0.0141749475,7.3821984e-14,7.3821984e-14,0.012219787885745367
t2
HG_BraTS20_Training_010,0.10064014,0.019803826,0.083977215,0.083977215,0.06814039746920268
HG_BraTS20_Training_012,0.06572867,0.01924014,0.1339702,0.1339702,0.07297966877619426
HG_BraTS20_Training_020,0.34521675,0.24735193,0.12700528,0.12700528,0.23985799153645834
HG_BraTS20_Training_070,0.12443496,0.06984285,0.07902184,0.07902184,0.09109988808631897
HG_BraTS20_Training_089,0.30965757,0.054689,0.15585539,0.15585539,0.1734006404876709
HG_BraTS20_Training_119,0.07992945,0.02277416,0.050344944,0.050344944,0.0510161817073822
HG_BraTS20_Training_124,0.40076372,0.22078186,0.10445288,0.10445288,0.24199946721394858
HG_BraTS20_Training_128,0.07876055,0.0013166182,0.010016646,0.010016646,0.03003127376238505
HG_BraTS20_Training_134,0.16236159,0.11101192,0.05413407,0.05413407,0.10916919509569804
HG_BraTS20_Training_140,0.31914145,0.13705203,0.1188822,0.1188822,0.1916918953259786
HG_BraTS20_Training_150,0.3920686,0.10842094,0.087718725,0.087718725,0.19606941938400269
HG_BraTS20_Training_180,0.28561944,0.1668821,0.15360072,0.15360072,0.20203407605489096
HG_BraTS20_Training_188,0.13841897,0.024037024,0.115835994,0.115835994,0.09276400009791057
HG_BraTS20_Training_191,0.31608954,0.21102655,0.29016,0.29016,0.2724253535270691
HG_BraTS20_Training_201,0.30511355,0.09276322,0.09933985,0.09933985,0.1657388707002004
HG_BraTS20_Training_211,0.16455312,0.050323997,0.087072775,0.087072775,0.10064996282259624
HG_BraTS20_Training_212,0.3365538,0.20098333,0.09078312,0.09078312,0.2094400922457377
HG_BraTS20_Training_226,0.21126685,0.16929714,0.2407704,0.2407704,0.20711145798365274
HG_BraTS20_Training_232,0.18580526,0.040202066,0.041686326,0.041686326,0.08923121293385823
HG_BraTS20_Training_241,0.36924,0.10146732,0.10787524,0.10787524,0.19286084175109863
HG_BraTS20_Training_245,0.34290257,0.21885982,0.11458877,0.11458877,0.22545039653778076
HG_BraTS20_Training_246,0.17558485,0.14015165,0.050662886,0.050662886,0.1221331258614858
HG_BraTS20_Training_336,0.22356498,0.16617717,0.14260718,0.14260718,0.17744978268941244
HG_BraTS20_Training_338,0.3302283,0.1653797,0.28999004,0.28999004,0.2618660132090251
HG_BraTS20_Training_344,0.18665636,0.053194135,0.071556404,0.071556404,0.10380230347315471
HG_BraTS20_Training_352,0.10543853,0.022740295,0.071659,0.071659,0.06661260624726613
LG_BraTS20_Training_262,0.13785687,0.014415515,1.9351343e-13,1.9351343e-13,0.050757462779680886
LG_BraTS20_Training_275,0.06926007,0.01409187,2.4823752e-13,2.4823752e-13,0.02778397997220357
LG_BraTS20_Training_278,0.23527285,0.12318871,2.3880027e-13,2.3880027e-13,0.11948718627293904
LG_BraTS20_Training_283,0.103930146,0.01993926,0.120606944,0.120606944,0.08149211605389912
LG_BraTS20_Training_291,0.40014648,0.14868183,0.0008243882,0.0008243882,0.18321756521860758
LG_BraTS20_Training_292,0.18029675,0.13628589,0.048635982,0.048635982,0.12173953652381897
LG_BraTS20_Training_294,0.16879216,0.08513327,1.8003096e-13,1.8003096e-13,0.08464181423187256
LG_BraTS20_Training_297,0.1553745,0.069943234,3.7342693e-13,3.7342693e-13,0.07510591049989064
LG_BraTS20_Training_310,0.26468003,0.17776963,1.9460174e-13,1.9460174e-13,0.14748321970303854
LG_BraTS20_Training_324,0.10847865,0.07077746,1.3172627e-13,1.3172627e-13,0.059752037127812706
WT Dice,TC Dice,ET Dice,ETPro Dice,WT HD95,TC HD95,ET HD95ETPro HD95
flairt1cet1t2
HG_BraTS20_Training_010,0.09877158,0.021936387,0.1995586,0.1995586,0.10675552487373352
HG_BraTS20_Training_012,0.06413075,0.018755825,0.17852171,0.17852171,0.08713608980178833
HG_BraTS20_Training_020,0.30760163,0.19948578,0.15861577,0.15861577,0.2219010591506958
HG_BraTS20_Training_070,0.11409076,0.06362016,0.12441833,0.12441833,0.1007097562154134
HG_BraTS20_Training_089,0.24407351,0.045576088,0.4362086,0.4362086,0.24195273717244467
HG_BraTS20_Training_119,0.07179605,0.020783998,0.13160194,0.13160194,0.07472733159859975
HG_BraTS20_Training_124,0.375511,0.2050803,0.32841107,0.32841107,0.303000807762146
HG_BraTS20_Training_128,0.08068778,0.0028737683,0.007784824,0.007784824,0.030448791881402332
HG_BraTS20_Training_134,0.16343646,0.11498224,0.12699708,0.12699708,0.13513859113057455
HG_BraTS20_Training_140,0.28150395,0.13359828,0.24676348,0.24676348,0.22062190373738608
HG_BraTS20_Training_150,0.37214777,0.16979851,0.24476865,0.24476865,0.2622383038202922
HG_BraTS20_Training_180,0.2944598,0.17301436,0.29599956,0.29599956,0.25449124972025555
HG_BraTS20_Training_188,0.16476484,0.028692905,0.1777313,0.1777313,0.12372968594233195
HG_BraTS20_Training_191,0.31463036,0.23524834,0.22257648,0.22257648,0.2574850718180339
HG_BraTS20_Training_201,0.27618447,0.09719673,0.25220835,0.25220835,0.2085298498471578
HG_BraTS20_Training_211,0.17221713,0.078006275,0.23646232,0.23646232,0.16222857435544333
HG_BraTS20_Training_212,0.33205613,0.20481108,0.124581665,0.124581665,0.2204829454421997
HG_BraTS20_Training_226,0.15925294,0.12646216,0.22587396,0.22587396,0.1705296834309896
HG_BraTS20_Training_232,0.18909349,0.041751318,0.063900955,0.063900955,0.09824858109156291
HG_BraTS20_Training_241,0.33855644,0.104797766,0.08946183,0.08946183,0.1776053508122762
HG_BraTS20_Training_245,0.31306905,0.1831258,0.2577622,0.2577622,0.2513190110524495
HG_BraTS20_Training_246,0.18772413,0.13734524,0.36306152,0.36306152,0.22937695185343424
HG_BraTS20_Training_336,0.21008037,0.1594256,0.21261005,0.21261005,0.1940386692682902
HG_BraTS20_Training_338,0.31744453,0.16793814,0.27855772,0.27855772,0.25464679797490436
HG_BraTS20_Training_344,0.16000648,0.0449191,0.09292979,0.09292979,0.09928512573242188
HG_BraTS20_Training_352,0.10035459,0.022347854,0.11315878,0.11315878,0.07862040400505066
LG_BraTS20_Training_262,0.13887379,0.014822883,8.682063e-13,8.682063e-13,0.05123222370942434
LG_BraTS20_Training_275,0.07034618,0.0220296,7.7345503e-13,7.7345503e-13,0.030791925887266796
LG_BraTS20_Training_278,0.2170029,0.11505365,1.0481081e-12,1.0481081e-12,0.11068551739056905
LG_BraTS20_Training_283,0.10747302,0.030969659,0.26368144,0.26368144,0.13404136896133423
LG_BraTS20_Training_291,0.351643,0.12331035,0.0005342237,0.0005342237,0.15849586327870688
LG_BraTS20_Training_292,0.17362423,0.12028215,0.061024267,0.061024267,0.11831022302309673
LG_BraTS20_Training_294,0.15295514,0.05603284,7.442137e-13,7.442137e-13,0.0696626603603363
LG_BraTS20_Training_297,0.14255671,0.05887228,7.922047e-13,7.922047e-13,0.06714299817879994
LG_BraTS20_Training_310,0.2526007,0.13657507,6.225487e-13,6.225487e-13,0.1297252575556437
LG_BraTS20_Training_324,0.11715908,0.06796943,7.3475384e-13,7.3475384e-13,0.06170950333277384
t1cet1t2
HG_BraTS20_Training_010,0.07993843,0.02192078,0.20940605,0.20940605,0.10375508666038513
HG_BraTS20_Training_012,0.061251454,0.019008683,0.20160155,0.20160155,0.09395389755566914
HG_BraTS20_Training_020,0.30640975,0.20800385,0.19174474,0.19174474,0.2353861133257548
HG_BraTS20_Training_070,0.11962636,0.068499856,0.14888643,0.14888643,0.11233754952748616
HG_BraTS20_Training_089,0.24834122,0.047478534,0.4038945,0.4038945,0.2332381010055542
HG_BraTS20_Training_119,0.06226759,0.022020126,0.08156754,0.08156754,0.055285086234410606
HG_BraTS20_Training_124,0.39382377,0.22031395,0.3364309,0.3364309,0.3168562054634094
HG_BraTS20_Training_128,0.07534192,0.0013261314,0.009077833,0.009077833,0.028581959505875904
HG_BraTS20_Training_134,0.15277246,0.11469318,0.0952381,0.0952381,0.12090124686559041
HG_BraTS20_Training_140,0.28996176,0.14208417,0.27152383,0.27152383,0.23452325661977133
HG_BraTS20_Training_150,0.3723344,0.1749045,0.4456351,0.4456351,0.3309580087661743
HG_BraTS20_Training_180,0.2718445,0.17584991,0.38986188,0.38986188,0.2791854341824849
HG_BraTS20_Training_188,0.14463668,0.028618837,0.24748568,0.24748568,0.14024706681569418
HG_BraTS20_Training_191,0.307106,0.23614788,0.35530174,0.35530174,0.29951854546864826
HG_BraTS20_Training_201,0.25917855,0.09975061,0.29710004,0.29710004,0.21867640813191733
HG_BraTS20_Training_211,0.16788289,0.075212136,0.29126695,0.29126695,0.17812065283457437
HG_BraTS20_Training_212,0.31746563,0.2172687,0.21260296,0.21260296,0.2491124471028646
HG_BraTS20_Training_226,0.16865289,0.13358124,0.48465708,0.48465708,0.2622970740000407
HG_BraTS20_Training_232,0.17186324,0.041149314,0.08312459,0.08312459,0.09871238470077515
HG_BraTS20_Training_241,0.32435077,0.10219533,0.18663572,0.18663572,0.20439394315083823
HG_BraTS20_Training_245,0.31465825,0.18610175,0.23411609,0.23411609,0.24495869874954224
HG_BraTS20_Training_246,0.17885996,0.14172965,0.29695272,0.29695272,0.20584744215011597
HG_BraTS20_Training_336,0.22115496,0.17381948,0.24071915,0.24071915,0.21189786990483603
HG_BraTS20_Training_338,0.30503258,0.16809393,0.38811707,0.38811707,0.28708120187123615
HG_BraTS20_Training_344,0.17021482,0.048663966,0.13532232,0.13532232,0.11806702613830566
HG_BraTS20_Training_352,0.10051167,0.023360204,0.120005675,0.120005675,0.08129251996676128
LG_BraTS20_Training_262,0.13350141,0.0153528,4.817652e-13,4.817652e-13,0.049618070324261986
LG_BraTS20_Training_275,0.067400776,0.016870886,5.6271453e-13,5.6271453e-13,0.02809055397907893
LG_BraTS20_Training_278,0.20456626,0.09770294,5.8934465e-13,5.8934465e-13,0.10075639684995015
LG_BraTS20_Training_283,0.102034256,0.027556138,0.28887787,0.28887787,0.1394894222418467
LG_BraTS20_Training_291,0.35294935,0.12708555,0.0014489004,0.0014489004,0.1604945957660675
LG_BraTS20_Training_292,0.17838496,0.13608924,0.081594,0.081594,0.13202272852261862
LG_BraTS20_Training_294,0.1530885,0.070031114,5.458813e-13,5.458813e-13,0.07437320550282796
LG_BraTS20_Training_297,0.13040935,0.054722894,5.2435633e-13,5.2435633e-13,0.061710745096206665
LG_BraTS20_Training_310,0.2299819,0.14169358,7.4493444e-13,7.4493444e-13,0.12389183044433594
LG_BraTS20_Training_324,0.10555121,0.036794372,4.935347e-13,4.935347e-13,0.04744852582613627
flairt1cet2
HG_BraTS20_Training_010,0.104731575,0.020715768,0.13691126,0.13691126,0.08745286862055461
HG_BraTS20_Training_012,0.06500731,0.018584715,0.1276321,0.1276321,0.07040803631146748
HG_BraTS20_Training_020,0.31551817,0.21811417,0.16747788,0.16747788,0.23370341459910074
HG_BraTS20_Training_070,0.1163953,0.06981063,0.12028706,0.12028706,0.10216432809829712
HG_BraTS20_Training_089,0.2530998,0.04640611,0.3884745,0.3884745,0.22932680447896323
HG_BraTS20_Training_119,0.07561636,0.020856615,0.11094307,0.11094307,0.06913868586222331
HG_BraTS20_Training_124,0.37211525,0.21084017,0.32920817,0.32920817,0.3040545384089152
HG_BraTS20_Training_128,0.081044436,0.0022573525,0.0125021115,0.0125021115,0.03193463385105133
HG_BraTS20_Training_134,0.16524173,0.1161297,0.16303614,0.16303614,0.1481358508268992
HG_BraTS20_Training_140,0.28779787,0.13291469,0.28434268,0.28434268,0.2350184122721354
HG_BraTS20_Training_150,0.3679156,0.16374947,0.37159646,0.37159646,0.3010871807734172
HG_BraTS20_Training_180,0.29731327,0.17799239,0.3535395,0.3535395,0.2762817144393921
HG_BraTS20_Training_188,0.16179164,0.028455934,0.16444238,0.16444238,0.11822998523712158
HG_BraTS20_Training_191,0.3092592,0.22343273,0.3055854,0.3055854,0.27942577997843426
HG_BraTS20_Training_201,0.28882158,0.100771055,0.30383313,0.30383313,0.23114192485809326
HG_BraTS20_Training_211,0.17354622,0.0783593,0.22609283,0.22609283,0.15933279196421304
HG_BraTS20_Training_212,0.33565825,0.20819722,0.16489299,0.16489299,0.23624948660532633
HG_BraTS20_Training_226,0.16224703,0.13231836,0.26041374,0.26041374,0.18499302864074707
HG_BraTS20_Training_232,0.19035959,0.042512678,0.08494108,0.08494108,0.10593778888384502
HG_BraTS20_Training_241,0.34220806,0.10866117,0.15103535,0.15103535,0.20063485701878866
HG_BraTS20_Training_245,0.32012528,0.19222166,0.34752083,0.34752083,0.2866225838661194
HG_BraTS20_Training_246,0.18564604,0.13245094,0.40193722,0.40193722,0.2400114138921102
HG_BraTS20_Training_336,0.21072151,0.16190487,0.2403087,0.2403087,0.2043116887410482
HG_BraTS20_Training_338,0.3305663,0.17772353,0.34694353,0.34694353,0.2850777705510457
HG_BraTS20_Training_344,0.15473902,0.041137666,0.1114424,0.1114424,0.10243970155715942
HG_BraTS20_Training_352,0.101674855,0.023082646,0.129957,0.129957,0.08490482966105144
LG_BraTS20_Training_262,0.14190954,0.015518602,4.9265935e-13,4.9265935e-13,0.05247604846954346
LG_BraTS20_Training_275,0.07270983,0.017928218,4.3554006e-13,4.3554006e-13,0.030212682982285816
LG_BraTS20_Training_278,0.21764109,0.098278955,6.030272e-13,6.030272e-13,0.10530668497085571
LG_BraTS20_Training_283,0.10766417,0.030641058,0.23232196,0.23232196,0.12354239821434021
LG_BraTS20_Training_291,0.36103272,0.13121001,0.00091503863,0.00091503863,0.1643859346707662
LG_BraTS20_Training_292,0.17005095,0.11457928,0.057218727,0.057218727,0.11394965648651123
LG_BraTS20_Training_294,0.16051657,0.06659324,4.131207e-13,4.131207e-13,0.07570327321688335
LG_BraTS20_Training_297,0.14781182,0.060091734,4.4179368e-13,4.4179368e-13,0.06930118302504222
LG_BraTS20_Training_310,0.25197095,0.14853415,2.6880275e-13,2.6880275e-13,0.1335016985734304
LG_BraTS20_Training_324,0.11948537,0.06493774,4.097689e-13,4.097689e-13,0.06147437294324239
flairt1t2
HG_BraTS20_Training_010,0.10113645,0.020281456,0.06922667,0.06922667,0.06354819238185883
HG_BraTS20_Training_012,0.06161326,0.018362625,0.064529076,0.064529076,0.04816832145055135
HG_BraTS20_Training_020,0.30605882,0.1860208,0.049788423,0.049788423,0.18062267700831094
HG_BraTS20_Training_070,0.10773641,0.050493505,0.014642104,0.014642104,0.05762400726477305
HG_BraTS20_Training_089,0.2557853,0.042044137,0.05516221,0.05516221,0.11766388018925984
HG_BraTS20_Training_119,0.07217984,0.020644609,0.09130094,0.09130094,0.06137513120969137
HG_BraTS20_Training_124,0.3610516,0.17337234,0.048936572,0.048936572,0.194453497727712
HG_BraTS20_Training_128,0.07803762,0.0018314561,0.0005256242,0.0005256242,0.02679823338985443
HG_BraTS20_Training_134,0.15525614,0.10631872,0.047213018,0.047213018,0.10292929410934448
HG_BraTS20_Training_140,0.27109134,0.11807359,0.009065789,0.009065789,0.13274356722831726
HG_BraTS20_Training_150,0.35681206,0.098709464,0.0024834117,0.0024834117,0.15266830722490946
HG_BraTS20_Training_180,0.2900514,0.15578298,0.01665174,0.01665174,0.15416204929351807
HG_BraTS20_Training_188,0.16338341,0.026797801,0.021054214,0.021054214,0.07041180630524953
HG_BraTS20_Training_191,0.30753347,0.20588642,0.0121738035,0.0121738035,0.17519789934158325
HG_BraTS20_Training_201,0.28367612,0.08392598,0.0032598318,0.0032598318,0.12362064917882283
HG_BraTS20_Training_211,0.16924466,0.062043298,0.010393778,0.010393778,0.0805605798959732
HG_BraTS20_Training_212,0.31171387,0.1482458,0.004034664,0.004034664,0.1546647846698761
HG_BraTS20_Training_226,0.16201404,0.13275918,0.028324388,0.028324388,0.10769920547803243
HG_BraTS20_Training_232,0.1871462,0.04159596,0.007548505,0.007548505,0.07876355449358623
HG_BraTS20_Training_241,0.3444925,0.08453738,0.01250159,0.01250159,0.14717715978622437
HG_BraTS20_Training_245,0.33089116,0.18650322,0.10021211,0.10021211,0.2058688203493754
HG_BraTS20_Training_246,0.18037416,0.13278139,0.1462031,0.1462031,0.15311954418818155
HG_BraTS20_Training_336,0.20500667,0.15535556,0.03461292,0.03461292,0.13165838519732156
HG_BraTS20_Training_338,0.31921005,0.14239296,0.0146119045,0.0146119045,0.15873830517133078
HG_BraTS20_Training_344,0.16134717,0.04749395,0.00628331,0.00628331,0.07170814275741577
HG_BraTS20_Training_352,0.0990592,0.021581253,0.010659561,0.010659561,0.04376667241255442
LG_BraTS20_Training_262,0.13887757,0.015073607,1.5976993e-12,1.5976993e-12,0.05131706098715464
LG_BraTS20_Training_275,0.06534021,0.013715758,1.5487068e-12,1.5487068e-12,0.026351990799109142
LG_BraTS20_Training_278,0.22578385,0.12119337,1.8125793e-12,1.8125793e-12,0.11565907796223958
LG_BraTS20_Training_283,0.10572682,0.029419906,0.023307055,0.023307055,0.05281793077786764
LG_BraTS20_Training_291,0.35753235,0.12687458,1.1271416e-12,1.1271416e-12,0.1614689826965332
LG_BraTS20_Training_292,0.179918,0.12759462,0.006295293,0.006295293,0.10460264484087627
LG_BraTS20_Training_294,0.16391857,0.06449826,1.12765e-12,1.12765e-12,0.0761389434337616
LG_BraTS20_Training_297,0.14968751,0.06523985,1.6380016e-12,1.6380016e-12,0.07164245347181956
LG_BraTS20_Training_310,0.27185866,0.16191371,1.4285715e-12,1.4285715e-12,0.14459079504013062
LG_BraTS20_Training_324,0.1128619,0.07344857,1.3747594e-12,1.3747594e-12,0.062103490034739174
flairt1cet1
HG_BraTS20_Training_010,0.0875335,0.018352313,0.18785106,0.18785106,0.09791229168574016
HG_BraTS20_Training_012,0.06743229,0.017420482,0.1543967,0.1543967,0.07974982261657715
HG_BraTS20_Training_020,0.2725069,0.16900663,0.15848689,0.15848689,0.20000014702479044
HG_BraTS20_Training_070,0.10309022,0.04205967,0.18097275,0.18097275,0.10870754718780518
HG_BraTS20_Training_089,0.19342233,0.0395179,0.50489235,0.50489235,0.2459441820780436
HG_BraTS20_Training_119,0.06447749,0.016771635,0.12390462,0.12390462,0.06838458279768626
HG_BraTS20_Training_124,0.33736363,0.19176178,0.33805954,0.33805954,0.28906164566675824
HG_BraTS20_Training_128,0.076576754,0.002516391,0.011004479,0.011004479,0.03003254036108653
HG_BraTS20_Training_134,0.15229665,0.101376556,0.12643501,0.12643501,0.12670273582140604
HG_BraTS20_Training_140,0.25106978,0.12589237,0.2830951,0.2830951,0.22001908222834268
HG_BraTS20_Training_150,0.3356309,0.16615224,0.29428056,0.29428056,0.26535455385843915
HG_BraTS20_Training_180,0.28396183,0.1670148,0.33670524,0.33670524,0.2625606060028076
HG_BraTS20_Training_188,0.14891595,0.026373956,0.14383441,0.14383441,0.10637477040290833
HG_BraTS20_Training_191,0.29702365,0.22015727,0.31377548,0.31377548,0.2769854664802551
HG_BraTS20_Training_201,0.24027008,0.09348256,0.25989372,0.25989372,0.19788211584091187
HG_BraTS20_Training_211,0.14995803,0.074611716,0.23480186,0.23480186,0.15312386552492777
HG_BraTS20_Training_212,0.27492377,0.15512545,0.15898539,0.15898539,0.1963448723157247
HG_BraTS20_Training_226,0.13492821,0.097694784,0.31282896,0.31282896,0.1818173130353292
HG_BraTS20_Training_232,0.18398751,0.03898481,0.08643717,0.08643717,0.10313649972279866
HG_BraTS20_Training_241,0.28529322,0.09725976,0.12881826,0.12881826,0.17045708497365317
HG_BraTS20_Training_245,0.27150437,0.16893043,0.18948364,0.18948364,0.20997281869252524
HG_BraTS20_Training_246,0.18034819,0.11320346,0.37117407,0.37117407,0.22157524029413858
HG_BraTS20_Training_336,0.1940719,0.1370873,0.27112922,0.27112922,0.2007628083229065
HG_BraTS20_Training_338,0.28684238,0.16306253,0.30381513,0.30381513,0.2512400150299072
HG_BraTS20_Training_344,0.14579503,0.04221832,0.1006552,0.1006552,0.09622284770011902
HG_BraTS20_Training_352,0.08066912,0.02145472,0.1070913,0.1070913,0.06973837812741597
LG_BraTS20_Training_262,0.1264697,0.008235784,7.239033e-13,7.239033e-13,0.04490182797114054
LG_BraTS20_Training_275,0.07033573,0.016641626,5.7597053e-13,5.7597053e-13,0.02899245172739029
LG_BraTS20_Training_278,0.19834171,0.08413312,1.0765422e-12,1.0765422e-12,0.0941582719484965
LG_BraTS20_Training_283,0.10406954,0.029175567,0.32940874,0.32940874,0.15421794851620993
LG_BraTS20_Training_291,0.28980917,0.067357965,0.00090587913,0.00090587913,0.11935766537984212
LG_BraTS20_Training_292,0.148902,0.107071206,0.059195008,0.059195008,0.10505607724189758
LG_BraTS20_Training_294,0.12323094,0.04608883,5.622084e-13,5.622084e-13,0.0564399262269338
LG_BraTS20_Training_297,0.10454631,0.029738909,5.8099e-13,5.8099e-13,0.04476173718770345
LG_BraTS20_Training_310,0.22992323,0.08312951,3.3718853e-13,3.3718853e-13,0.10435091455777486
LG_BraTS20_Training_324,0.11314351,0.052319873,5.6679704e-13,5.6679704e-13,0.05515446265538534
flairt1ce
HG_BraTS20_Training_010,0.095949285,0.01851106,0.103358924,0.103358924,0.07260642449061076
HG_BraTS20_Training_012,0.07227574,0.01880608,0.1020562,0.1020562,0.0643793394168218
HG_BraTS20_Training_020,0.29977772,0.1996164,0.15336458,0.15336458,0.21758623917897543
HG_BraTS20_Training_070,0.11326902,0.057013765,0.13429129,0.13429129,0.10152469078699748
HG_BraTS20_Training_089,0.21040936,0.045347333,0.4096004,0.4096004,0.22178570429484049
HG_BraTS20_Training_119,0.078831,0.01843305,0.09406984,0.09406984,0.06377796332041423
HG_BraTS20_Training_124,0.3427388,0.2092403,0.27303216,0.27303216,0.27500375111897785
HG_BraTS20_Training_128,0.0816659,0.002931783,0.013546943,0.013546943,0.03271487603584925
HG_BraTS20_Training_134,0.1441583,0.09084163,0.14533947,0.14533947,0.12677979469299316
HG_BraTS20_Training_140,0.26623818,0.13424279,0.2507788,0.2507788,0.21708659331003824
HG_BraTS20_Training_150,0.34005994,0.17516294,0.33536363,0.33536363,0.2835288445154826
HG_BraTS20_Training_180,0.2947929,0.18269236,0.31729203,0.31729203,0.264925758043925
HG_BraTS20_Training_188,0.14476022,0.02686179,0.10664562,0.10664562,0.09275587399800618
HG_BraTS20_Training_191,0.29942524,0.21736613,0.34947816,0.34947816,0.28875648975372314
HG_BraTS20_Training_201,0.26135135,0.10535137,0.24200635,0.24200635,0.20290303230285645
HG_BraTS20_Training_211,0.15143284,0.080971606,0.17648402,0.17648402,0.13629615306854248
HG_BraTS20_Training_212,0.27984944,0.1517467,0.12429744,0.12429744,0.18529786666234335
HG_BraTS20_Training_226,0.13578351,0.10368273,0.2683882,0.2683882,0.16928482055664062
HG_BraTS20_Training_232,0.19010885,0.041435823,0.10341844,0.10341844,0.1116543710231781
HG_BraTS20_Training_241,0.29381248,0.11240522,0.12693012,0.12693012,0.17771593729654947
HG_BraTS20_Training_245,0.29335243,0.18615659,0.13904533,0.13904533,0.20618478457132974
HG_BraTS20_Training_246,0.17933461,0.09899302,0.3321014,0.3321014,0.203476349512736
HG_BraTS20_Training_336,0.20328504,0.14060237,0.28751257,0.28751257,0.21046666304270426
HG_BraTS20_Training_338,0.32358688,0.19284943,0.27471492,0.27471492,0.2637170950571696
HG_BraTS20_Training_344,0.14227018,0.035946276,0.09122105,0.09122105,0.08981249729792277
HG_BraTS20_Training_352,0.08425468,0.023845265,0.11079279,0.11079279,0.07296424607435863
LG_BraTS20_Training_262,0.13600945,0.0033186807,4.0062498e-13,4.0062498e-13,0.046442712346712746
LG_BraTS20_Training_275,0.07728537,0.016921263,3.313782e-13,3.313782e-13,0.03140221039454142
LG_BraTS20_Training_278,0.20555592,0.05429381,5.78369e-13,5.78369e-13,0.08661657571792603
LG_BraTS20_Training_283,0.10575598,0.02797145,0.20035723,0.20035723,0.11136155327161153
LG_BraTS20_Training_291,0.29851484,0.05449881,0.00068442366,0.00068442366,0.11789935827255249
LG_BraTS20_Training_292,0.12525493,0.063140504,0.046193287,0.046193287,0.07819624245166779
LG_BraTS20_Training_294,0.118636884,0.03487981,3.1441597e-13,3.1441597e-13,0.05117223163445791
LG_BraTS20_Training_297,0.10943096,0.014700502,3.2124385e-13,3.2124385e-13,0.04137715448935827
LG_BraTS20_Training_310,0.23805003,0.08051011,1.87977e-13,1.87977e-13,0.1061867078145345
LG_BraTS20_Training_324,0.12530825,0.047357477,3.3806627e-13,3.3806627e-13,0.05755523840586344
flairt2
HG_BraTS20_Training_010,0.10344684,0.018261196,0.057896227,0.057896227,0.05986808737119039
HG_BraTS20_Training_012,0.06257432,0.018187108,0.044727422,0.044727422,0.04182961583137512
HG_BraTS20_Training_020,0.32228163,0.21899407,0.07724575,0.07724575,0.20617381731669107
HG_BraTS20_Training_070,0.11122436,0.05933055,0.016401216,0.016401216,0.062318707505861916
HG_BraTS20_Training_089,0.26847187,0.04493295,0.07079363,0.07079363,0.12806615233421326
HG_BraTS20_Training_119,0.07425397,0.020579146,0.08997458,0.08997458,0.06160256266593933
HG_BraTS20_Training_124,0.36521026,0.19653332,0.07111946,0.07111946,0.2109543482462565
HG_BraTS20_Training_128,0.07845688,0.0019958394,0.005383166,0.005383166,0.028611960510412853
HG_BraTS20_Training_134,0.158657,0.10788023,0.094757326,0.094757326,0.12043151259422302
HG_BraTS20_Training_140,0.2834856,0.12201597,0.034559816,0.034559816,0.1466871201992035
HG_BraTS20_Training_150,0.36282033,0.11354721,0.004523697,0.004523697,0.1602970759073893
HG_BraTS20_Training_180,0.2988723,0.16137345,0.030215697,0.030215697,0.1634871462980906
HG_BraTS20_Training_188,0.1640221,0.026707718,0.01770885,0.01770885,0.06947955985864003
HG_BraTS20_Training_191,0.30922854,0.2144659,0.029300455,0.029300455,0.1843316356341044
HG_BraTS20_Training_201,0.2961079,0.09161975,0.026193356,0.026193356,0.13797366619110107
HG_BraTS20_Training_211,0.16968267,0.06532258,0.009199897,0.009199897,0.08140171567598979
HG_BraTS20_Training_212,0.32081366,0.16618434,0.013620943,0.013620943,0.16687297821044922
HG_BraTS20_Training_226,0.16991097,0.14010553,0.050194785,0.050194785,0.12007043759028117
HG_BraTS20_Training_232,0.19293256,0.043493662,0.0100481985,0.0100481985,0.08215813835461934
HG_BraTS20_Training_241,0.36066908,0.10298526,0.03018093,0.03018093,0.16461175680160522
HG_BraTS20_Training_245,0.34881684,0.20635286,0.20024312,0.20024312,0.25180427233378094
HG_BraTS20_Training_246,0.1818848,0.13664028,0.19769557,0.19769557,0.17207354307174683
HG_BraTS20_Training_336,0.20284408,0.14977165,0.078931086,0.078931086,0.14384893576304117
HG_BraTS20_Training_338,0.33853334,0.16303271,0.04965354,0.04965354,0.18373986085255942
HG_BraTS20_Training_344,0.16072096,0.047489855,0.017454978,0.017454978,0.07522193094094594
HG_BraTS20_Training_352,0.101021454,0.02097656,0.040821426,0.040821426,0.05427314837773641
LG_BraTS20_Training_262,0.13926795,0.015168537,8.929369e-13,8.929369e-13,0.05147882799307505
LG_BraTS20_Training_275,0.067300625,0.011446167,6.8184916e-13,6.8184916e-13,0.026248931884765625
LG_BraTS20_Training_278,0.22921458,0.11196666,9.126586e-13,9.126586e-13,0.11372708280881245
LG_BraTS20_Training_283,0.10453464,0.02601456,0.021858731,0.021858731,0.050802648067474365
LG_BraTS20_Training_291,0.37553313,0.13424213,0.0010770059,0.0010770059,0.17028409242630005
LG_BraTS20_Training_292,0.17825355,0.1300934,0.0033741037,0.0033741037,0.10390700896581014
LG_BraTS20_Training_294,0.16678874,0.07863723,5.91401e-13,5.91401e-13,0.0818086564540863
LG_BraTS20_Training_297,0.15911093,0.06810926,8.770391e-13,8.770391e-13,0.07574006418387096
LG_BraTS20_Training_310,0.2752981,0.17363513,5.154905e-13,5.154905e-13,0.1496444046497345
LG_BraTS20_Training_324,0.11545296,0.07617867,5.9364796e-13,5.9364796e-13,0.06387721002101898
t1t2
HG_BraTS20_Training_010,0.084089756,0.020551031,0.08688938,0.08688938,0.06384338935216267
HG_BraTS20_Training_012,0.05938673,0.01913658,0.16367324,0.16367324,0.08073218166828156
HG_BraTS20_Training_020,0.3072194,0.1799141,0.07510135,0.07510135,0.18741162618001303
HG_BraTS20_Training_070,0.11430311,0.052652314,0.03186905,0.03186905,0.06627482672532399
HG_BraTS20_Training_089,0.27593967,0.041235164,0.14462666,0.14462666,0.15393384297688803
HG_BraTS20_Training_119,0.06777909,0.022554148,0.05669553,0.05669553,0.04900959134101868
HG_BraTS20_Training_124,0.37813726,0.18957144,0.08867475,0.08867475,0.21879448493321738
HG_BraTS20_Training_128,0.07471551,0.0008012021,0.0011223345,0.0011223345,0.025546349585056305
HG_BraTS20_Training_134,0.14106326,0.101644516,0.03494244,0.03494244,0.09255006909370422
HG_BraTS20_Training_140,0.28737962,0.13047522,0.024170024,0.024170024,0.14734161893526712
HG_BraTS20_Training_150,0.36126858,0.06344387,0.00539531,0.00539531,0.14336925745010376
HG_BraTS20_Training_180,0.2558721,0.13923568,0.009464695,0.009464695,0.13485748569170633
HG_BraTS20_Training_188,0.14510705,0.024811571,0.05966463,0.05966463,0.07652774453163147
HG_BraTS20_Training_191,0.29875702,0.17757443,0.024535423,0.024535423,0.16695562998453775
HG_BraTS20_Training_201,0.27158472,0.08190053,0.01328095,0.01328095,0.12225540479024251
HG_BraTS20_Training_211,0.16508368,0.055189524,0.042697806,0.042697806,0.08765700459480286
HG_BraTS20_Training_212,0.31126505,0.17471592,0.018500987,0.018500987,0.16816065708796182
HG_BraTS20_Training_226,0.17809427,0.14748783,0.1250628,0.1250628,0.15021496017773947
HG_BraTS20_Training_232,0.15447468,0.03575479,0.0029690722,0.0029690722,0.06439951062202454
HG_BraTS20_Training_241,0.33647007,0.07327012,0.026008511,0.026008511,0.14524956544240317
HG_BraTS20_Training_245,0.32651332,0.19643517,0.07287005,0.07287005,0.1986061930656433
HG_BraTS20_Training_246,0.15939271,0.12474636,0.017223146,0.017223146,0.10045407215754192
HG_BraTS20_Training_336,0.21537992,0.1719156,0.08583726,0.08583726,0.15771092971165976
HG_BraTS20_Training_338,0.31356093,0.11575208,0.039664023,0.039664023,0.1563256780306498
HG_BraTS20_Training_344,0.18807699,0.055911552,0.016596746,0.016596746,0.0868617594242096
HG_BraTS20_Training_352,0.09883688,0.02330628,0.007474889,0.007474889,0.0432060162226359
LG_BraTS20_Training_262,0.1363833,0.015552293,7.7863426e-13,7.7863426e-13,0.05064519743124644
LG_BraTS20_Training_275,0.062084157,0.012200929,1.0890874e-12,1.0890874e-12,0.024761696656545002
LG_BraTS20_Training_278,0.2210238,0.10610035,1.1866619e-12,1.1866619e-12,0.10904138286908467
LG_BraTS20_Training_283,0.09894912,0.023179604,0.01979808,0.01979808,0.04730893671512604
LG_BraTS20_Training_291,0.35622284,0.13543154,7.99105e-13,7.99105e-13,0.16388479868570963
LG_BraTS20_Training_292,0.18054773,0.14007708,0.034796946,0.034796946,0.11847392717997234
LG_BraTS20_Training_294,0.1598236,0.07528138,8.4395305e-13,8.4395305e-13,0.07836832602818807
LG_BraTS20_Training_297,0.14008175,0.06702895,1.2382367e-12,1.2382367e-12,0.06903690099716187
LG_BraTS20_Training_310,0.2732501,0.17566252,1.601794e-12,1.601794e-12,0.14963754018147787
LG_BraTS20_Training_324,0.10635076,0.053232804,7.0353174e-13,7.0353174e-13,0.053194522857666016
flairt1
HG_BraTS20_Training_010,0.09783808,0.01455069,0.075718015,0.075718015,0.06270226339499156
HG_BraTS20_Training_012,0.0650649,0.017626155,0.072557576,0.072557576,0.05174954732259115
HG_BraTS20_Training_020,0.26965258,0.14095673,0.035217438,0.035217438,0.14860891302426657
HG_BraTS20_Training_070,0.0957448,0.020922573,0.017762154,0.017762154,0.04480984310309092
HG_BraTS20_Training_089,0.21780995,0.01895371,0.009070112,0.009070112,0.08194458981355031
HG_BraTS20_Training_119,0.06537143,0.016898282,0.11135731,0.11135731,0.06454234321912129
HG_BraTS20_Training_124,0.32580718,0.118840486,0.013022247,0.013022247,0.15255663792292276
HG_BraTS20_Training_128,0.07377313,0.0016375171,0.0020057308,0.0020057308,0.02580546091000239
HG_BraTS20_Training_134,0.13958943,0.074939296,0.012535568,0.012535568,0.07568809886773427
HG_BraTS20_Training_140,0.22832836,0.07994328,0.0011477761,0.0011477761,0.1031398077805837
HG_BraTS20_Training_150,0.30997908,0.066660054,0.0034572864,0.0034572864,0.12669880191485086
HG_BraTS20_Training_180,0.26808116,0.11827265,0.01947636,0.01947636,0.13527671496073404
HG_BraTS20_Training_188,0.14756598,0.023021668,0.014025246,0.014025246,0.06153762837251028
HG_BraTS20_Training_191,0.26897848,0.1345167,0.008442281,0.008442281,0.1373124917348226
HG_BraTS20_Training_201,0.23407209,0.046193037,0.004120613,0.004120613,0.09479524691899617
HG_BraTS20_Training_211,0.15693171,0.063490726,0.007583888,0.007583888,0.07600211103757222
HG_BraTS20_Training_212,0.23746386,0.092590585,0.0014702856,0.0014702856,0.11050825317700703
HG_BraTS20_Training_226,0.117099315,0.05102582,0.003362098,0.003362098,0.05716241399447123
HG_BraTS20_Training_232,0.17497078,0.03534698,0.00592899,0.00592899,0.07208225131034851
HG_BraTS20_Training_241,0.27455962,0.055154476,0.0069757584,0.0069757584,0.11222995320955913
HG_BraTS20_Training_245,0.2866759,0.15991774,0.054316405,0.054316405,0.16697001457214355
HG_BraTS20_Training_246,0.17090242,0.10264919,0.016075995,0.016075995,0.09654253721237183
HG_BraTS20_Training_336,0.19371505,0.106455006,0.03476358,0.03476358,0.11164454619089763
HG_BraTS20_Training_338,0.27428475,0.11818721,0.00866082,0.00866082,0.13371093074480692
HG_BraTS20_Training_344,0.1522442,0.04677315,0.0037255909,0.0037255909,0.06758097807566325
HG_BraTS20_Training_352,0.08029407,0.013625309,0.0081859175,0.0081859175,0.03403509904940923
LG_BraTS20_Training_262,0.13077335,0.007163547,1.879346e-12,1.879346e-12,0.04597896337509155
LG_BraTS20_Training_275,0.060044937,0.0042812596,1.5676438e-12,1.5676438e-12,0.021442065636316936
LG_BraTS20_Training_278,0.20648524,0.07961963,2.7070926e-12,2.7070926e-12,0.09536828597386678
LG_BraTS20_Training_283,0.10394644,0.026898885,0.036322724,0.036322724,0.0557226836681366
LG_BraTS20_Training_291,0.29694206,0.077304445,0.00081632653,0.00081632653,0.1250209410985311
LG_BraTS20_Training_292,0.16582191,0.11072084,0.028365346,0.028365346,0.10163603226343791
LG_BraTS20_Training_294,0.14149573,0.048014447,1.25e-12,1.25e-12,0.06317006051540375
LG_BraTS20_Training_297,0.11466369,0.03798647,1.879346e-12,1.879346e-12,0.050883387525876365
LG_BraTS20_Training_310,0.2599844,0.09489751,1.0349824e-12,1.0349824e-12,0.11829397082328796
LG_BraTS20_Training_324,0.11233841,0.067687295,1.8378975e-12,1.8378975e-12,0.06000856558481852
t1cet1
HG_BraTS20_Training_010,0.036551762,0.016761715,0.18442275,0.18442275,0.07924540837605794
HG_BraTS20_Training_012,0.054529008,0.017233552,0.123803414,0.123803414,0.06518865625063579
HG_BraTS20_Training_020,0.19799362,0.16091798,0.18623537,0.18623537,0.18171564737955728
HG_BraTS20_Training_070,0.06948612,0.05088846,0.17875686,0.17875686,0.09971048434575398
HG_BraTS20_Training_089,0.113917604,0.037162524,0.3434657,0.3434657,0.1648486057917277
HG_BraTS20_Training_119,0.03505966,0.017850801,0.055548813,0.055548813,0.03615309298038483
HG_BraTS20_Training_124,0.30009398,0.19619739,0.32786992,0.32786992,0.2747204303741455
HG_BraTS20_Training_128,0.038406763,0.0014560433,0.0052117263,0.0052117263,0.01502484455704689
HG_BraTS20_Training_134,0.106880546,0.09496357,0.105125904,0.105125904,0.1023233433564504
HG_BraTS20_Training_140,0.17093855,0.12389621,0.25525457,0.25525457,0.18336311976114908
HG_BraTS20_Training_150,0.22431134,0.17276287,0.5830325,0.5830325,0.3267022371292114
HG_BraTS20_Training_180,0.19521086,0.15783937,0.46092358,0.46092358,0.2713245948155721
HG_BraTS20_Training_188,0.08429044,0.025193602,0.163474,0.163474,0.09098601341247559
HG_BraTS20_Training_191,0.25200185,0.21408497,0.4871563,0.4871563,0.31774771213531494
HG_BraTS20_Training_201,0.15669374,0.09096475,0.35953254,0.35953254,0.2023970087369283
HG_BraTS20_Training_211,0.10647091,0.06923358,0.28701842,0.28701842,0.15424096584320068
HG_BraTS20_Training_212,0.21319097,0.1776137,0.28143218,0.28143218,0.2240789532661438
HG_BraTS20_Training_226,0.13144045,0.10310998,0.5624775,0.5624775,0.26567598183949787
HG_BraTS20_Training_232,0.0927291,0.033058662,0.10994131,0.10994131,0.07857635617256165
HG_BraTS20_Training_241,0.16083488,0.0980382,0.36223376,0.36223376,0.20703562100728354
HG_BraTS20_Training_245,0.21669182,0.1271531,0.36654118,0.36654118,0.2367953658103943
HG_BraTS20_Training_246,0.14101891,0.09440891,0.41733533,0.41733533,0.21758770942687988
HG_BraTS20_Training_336,0.16748233,0.13758168,0.24657339,0.24657339,0.18387913703918457
HG_BraTS20_Training_338,0.22539143,0.16934444,0.45923987,0.45923987,0.28465859095255536
HG_BraTS20_Training_344,0.08079556,0.037152175,0.12779275,0.12779275,0.08191349109013875
HG_BraTS20_Training_352,0.028614445,0.019737912,0.047965948,0.047965948,0.032106101512908936
LG_BraTS20_Training_262,0.03886089,0.005478007,3.0860386e-13,3.0860386e-13,0.014779632290204367
LG_BraTS20_Training_275,0.032094266,0.0089518055,2.554213e-13,2.554213e-13,0.013682023932536444
LG_BraTS20_Training_278,0.067080714,0.026163053,3.866677e-13,3.866677e-13,0.03108125428358714
LG_BraTS20_Training_283,0.03595567,0.017630823,0.036901653,0.036901653,0.030162716905275982
LG_BraTS20_Training_291,0.103114,0.048860587,0.0010630034,0.0010630034,0.05101253092288971
LG_BraTS20_Training_292,0.13407567,0.11399764,0.06364546,0.06364546,0.10390625397364299
LG_BraTS20_Training_294,0.06358691,0.031022763,2.916472e-13,2.916472e-13,0.03153655926386515
LG_BraTS20_Training_297,0.028902225,0.010772544,3.0239803e-13,3.0239803e-13,0.01322492336233457
LG_BraTS20_Training_310,0.07650462,0.05313905,3.2552083e-13,3.2552083e-13,0.04321455458799998
LG_BraTS20_Training_324,0.019952537,0.0080234,2.458815e-13,2.458815e-13,0.009325312450528145
t1cet2
HG_BraTS20_Training_010,0.093889825,0.021876628,0.1748358,0.1748358,0.09686742226282756
HG_BraTS20_Training_012,0.06343657,0.018674184,0.13644381,0.13644381,0.07285151878992717
HG_BraTS20_Training_020,0.31860998,0.23366228,0.19803697,0.19803697,0.25010307629903156
HG_BraTS20_Training_070,0.12644328,0.07763236,0.14735092,0.14735092,0.11714218060175578
HG_BraTS20_Training_089,0.2588183,0.049323186,0.3111121,0.3111121,0.20641785860061646
HG_BraTS20_Training_119,0.07314036,0.022699742,0.072477505,0.072477505,0.05610587199529012
HG_BraTS20_Training_124,0.3976209,0.23274602,0.31720865,0.31720865,0.31585852305094403
HG_BraTS20_Training_128,0.080566294,0.0014290336,0.012648877,0.012648877,0.031548067927360535
HG_BraTS20_Training_134,0.17059119,0.12262209,0.113297924,0.113297924,0.1355037291844686
HG_BraTS20_Training_140,0.31913012,0.15115811,0.28337884,0.28337884,0.2512223521868388
HG_BraTS20_Training_150,0.3835631,0.18126732,0.54354924,0.54354924,0.369459867477417
HG_BraTS20_Training_180,0.27520216,0.18010226,0.45409086,0.45409086,0.30313175916671753
HG_BraTS20_Training_188,0.1309555,0.028133862,0.17603852,0.17603852,0.11170929670333862
HG_BraTS20_Training_191,0.3062784,0.22649294,0.49192673,0.49192673,0.34156600634257
HG_BraTS20_Training_201,0.28442454,0.10288185,0.29326618,0.29326618,0.22685752312342325
HG_BraTS20_Training_211,0.16437402,0.07555557,0.24830243,0.24830243,0.16274400552113852
HG_BraTS20_Training_212,0.33386073,0.23164134,0.2543033,0.2543033,0.273268461227417
HG_BraTS20_Training_226,0.17572409,0.13946983,0.46629554,0.46629554,0.26049649715423584
HG_BraTS20_Training_232,0.18271117,0.041613396,0.13741086,0.13741086,0.12057847778002422
HG_BraTS20_Training_241,0.32786477,0.110808484,0.26586908,0.26586908,0.23484744628270468
HG_BraTS20_Training_245,0.30624124,0.18654089,0.347882,0.347882,0.2802213827768962
HG_BraTS20_Training_246,0.17272109,0.14233899,0.39488092,0.39488092,0.23664700984954834
HG_BraTS20_Training_336,0.23013863,0.17709866,0.28149968,0.28149968,0.2295789917310079
HG_BraTS20_Training_338,0.31657946,0.18052642,0.46677238,0.46677238,0.3212927579879761
HG_BraTS20_Training_344,0.15931995,0.042727184,0.11569868,0.11569868,0.10591526826222737
HG_BraTS20_Training_352,0.10874984,0.024026971,0.1594439,0.1594439,0.09740690390268962
LG_BraTS20_Training_262,0.13734946,0.015526461,2.3361212e-13,2.3361212e-13,0.050958638389905296
LG_BraTS20_Training_275,0.07227358,0.018792527,2.4299565e-13,2.4299565e-13,0.030355369051297505
LG_BraTS20_Training_278,0.2147656,0.09215722,2.5371694e-13,2.5371694e-13,0.10230760773022969
LG_BraTS20_Training_283,0.10576606,0.027891135,0.3138358,0.3138358,0.14916432897249857
LG_BraTS20_Training_291,0.35607284,0.13781916,0.001750845,0.001750845,0.1652142902215322
LG_BraTS20_Training_292,0.17887983,0.12646821,0.052152116,0.052152116,0.11916672190030415
LG_BraTS20_Training_294,0.1570627,0.06985736,2.456761e-13,2.456761e-13,0.07564001778761546
LG_BraTS20_Training_297,0.12976442,0.056040566,2.1203961e-13,2.1203961e-13,0.06193499763806661
LG_BraTS20_Training_310,0.21047203,0.14353985,1.9146085e-13,1.9146085e-13,0.1180039644241333
LG_BraTS20_Training_324,0.10803957,0.038924187,2.3728732e-13,2.3728732e-13,0.04898792008558909
flair
HG_BraTS20_Training_010,0.09561314,0.009656658,0.026583545,0.026583545,0.04395111401875814
HG_BraTS20_Training_012,0.064926445,0.018150896,0.008479978,0.008479978,0.03051910549402237
HG_BraTS20_Training_020,0.29721376,0.19521527,0.050542668,0.050542668,0.18099055687586466
HG_BraTS20_Training_070,0.09919988,0.034190744,0.005133291,0.005133291,0.04617464045683543
HG_BraTS20_Training_089,0.2246825,0.021390753,0.0059041013,0.0059041013,0.08399245142936707
HG_BraTS20_Training_119,0.0707652,0.016579371,0.042057853,0.042057853,0.04313414295514425
HG_BraTS20_Training_124,0.32561958,0.15377975,0.02948222,0.02948222,0.16962718963623047
HG_BraTS20_Training_128,0.073018156,0.0017754604,0.0018143754,0.0018143754,0.025535995761553448
HG_BraTS20_Training_134,0.12815945,0.062308565,0.033015773,0.033015773,0.07449459532896678
HG_BraTS20_Training_140,0.24475037,0.073913455,0.00025018764,0.00025018764,0.10630467534065247
HG_BraTS20_Training_150,0.31444076,0.09332397,0.0073280623,0.0073280623,0.13836426536242166
HG_BraTS20_Training_180,0.28369266,0.14304025,0.049754187,0.049754187,0.15882903337478638
HG_BraTS20_Training_188,0.142182,0.023521245,0.0013030377,0.0013030377,0.055668761332829796
HG_BraTS20_Training_191,0.27706635,0.15088132,0.0055169174,0.0055169174,0.14448819557825723
HG_BraTS20_Training_201,0.25380516,0.06150941,0.0054980405,0.0054980405,0.10693753759066264
HG_BraTS20_Training_211,0.15710932,0.06099123,0.004020054,0.004020054,0.07404019931952159
HG_BraTS20_Training_212,0.22532053,0.068877675,0.0014435726,0.0014435726,0.0985472599665324
HG_BraTS20_Training_226,0.116007045,0.049487103,0.013982467,0.013982467,0.05982553958892822
HG_BraTS20_Training_232,0.18079093,0.03285547,0.0059145675,0.0059145675,0.07318698863188426
HG_BraTS20_Training_241,0.29887584,0.071296796,0.008866897,0.008866897,0.12634650866190592
HG_BraTS20_Training_245,0.30888274,0.18231885,0.064241305,0.064241305,0.1851476232210795
HG_BraTS20_Training_246,0.16973366,0.09758205,0.016877636,0.016877636,0.09473111232121785
HG_BraTS20_Training_336,0.19185841,0.09020836,0.009741722,0.009741722,0.09726949532826741
HG_BraTS20_Training_338,0.30174172,0.14109294,0.01875357,0.01875357,0.15386274456977844
HG_BraTS20_Training_344,0.14969635,0.045328606,0.013752456,0.013752456,0.06959247092405955
HG_BraTS20_Training_352,0.08545021,0.008974723,0.026903713,0.026903713,0.04044288148482641
LG_BraTS20_Training_262,0.12676062,0.003009556,6.5785143e-13,6.5785143e-13,0.043256724874178566
LG_BraTS20_Training_275,0.06685534,0.0039035263,4.795243e-13,4.795243e-13,0.02358628809452057
LG_BraTS20_Training_278,0.20945005,0.05967085,7.568304e-13,7.568304e-13,0.08970696727434795
LG_BraTS20_Training_283,0.099925086,0.01884299,0.0030391032,0.0030391032,0.040602393448352814
LG_BraTS20_Training_291,0.3178583,0.09616271,7.238509e-13,7.238509e-13,0.13800700505574545
LG_BraTS20_Training_292,0.14879471,0.075821735,0.0013204588,0.0013204588,0.07531229654947917
LG_BraTS20_Training_294,0.1447632,0.053384826,3.9706175e-13,3.9706175e-13,0.06604934235413869
LG_BraTS20_Training_297,0.1190828,0.024659632,5.7633564e-13,5.7633564e-13,0.04791414240996043
LG_BraTS20_Training_310,0.26631242,0.12715861,3.2647732e-13,3.2647732e-13,0.1311570107936859
LG_BraTS20_Training_324,0.124412976,0.07779803,5.652272e-13,5.652272e-13,0.06740366915861766
t1
HG_BraTS20_Training_010,0.033117488,0.010405521,0.07272727,0.07272727,0.03875009218851725
HG_BraTS20_Training_012,0.030142944,0.0106732035,0.01881861,0.01881861,0.0198782520989577
HG_BraTS20_Training_020,0.108042985,0.060235757,0.046246435,0.046246435,0.07150839269161224
HG_BraTS20_Training_070,0.043083675,0.020250872,0.031746034,0.031746034,0.03169352809588114
HG_BraTS20_Training_089,0.09591092,0.009181498,0.093291655,0.093291655,0.06612802545229594
HG_BraTS20_Training_119,0.03069257,0.015130197,0.011751293,0.011751293,0.019191353271404903
HG_BraTS20_Training_124,0.15911378,0.082943246,0.050347093,0.050347093,0.09746803840001424
HG_BraTS20_Training_128,0.021029081,0.00043554662,0.00040351055,0.00040351055,0.0072893792142470675
HG_BraTS20_Training_134,0.048687566,0.0418637,0.0047442243,0.0047442243,0.0317651629447937
HG_BraTS20_Training_140,0.1360203,0.080855705,0.026823299,0.026823299,0.08123309910297394
HG_BraTS20_Training_150,0.12988253,0.013508269,0.0012163477,0.0012163477,0.04820238550504049
HG_BraTS20_Training_180,0.07876235,0.02140198,0.00581411,0.00581411,0.03532614807287852
HG_BraTS20_Training_188,0.044829518,0.006124535,0.023096865,0.023096865,0.024683639407157898
HG_BraTS20_Training_191,0.13309939,0.006326031,0.0007881342,0.0007881342,0.04673785467942556
HG_BraTS20_Training_201,0.09475263,0.0029831426,0.0023227725,0.0023227725,0.03335284938414892
HG_BraTS20_Training_211,0.063688636,0.034582734,0.048389405,0.048389405,0.04888692498207092
HG_BraTS20_Training_212,0.1358189,0.09061734,0.005342039,0.005342039,0.07725942134857178
HG_BraTS20_Training_226,0.050340325,0.026000964,0.00034123287,0.00034123287,0.025560840964317322
HG_BraTS20_Training_232,0.029247671,0.0067937127,0.0024039906,0.0024039906,0.012815124044815699
HG_BraTS20_Training_241,0.12963915,0.015328608,0.0042729387,0.0042729387,0.04974690079689026
HG_BraTS20_Training_245,0.1200732,0.040480446,0.0033875606,0.0033875606,0.05464706818262736
HG_BraTS20_Training_246,0.05770963,0.015727343,0.0018869152,0.0018869152,0.025107962389787037
HG_BraTS20_Training_336,0.11298338,0.096944734,0.028662857,0.028662857,0.07953032851219177
HG_BraTS20_Training_338,0.07765835,0.018802484,0.005294912,0.005294912,0.033918581902980804
HG_BraTS20_Training_344,0.094862595,0.032563485,0.02203652,0.02203652,0.04982087016105652
HG_BraTS20_Training_352,0.016714977,0.0065971054,0.00029935638,0.00029935638,0.007870479797323545
LG_BraTS20_Training_262,0.047343668,0.0014994368,7.60225e-13,7.60225e-13,0.01628103479743004
LG_BraTS20_Training_275,0.015724149,0.0005516313,1.23839e-12,1.23839e-12,0.005425260091821353
LG_BraTS20_Training_278,0.05492357,0.015713634,2.3282886e-12,2.3282886e-12,0.023545734584331512
LG_BraTS20_Training_283,0.014770608,0.0019507942,0.00014797278,0.00014797278,0.005623125160733859
LG_BraTS20_Training_291,0.09441114,0.047655944,8.269247e-13,8.269247e-13,0.04735569655895233
LG_BraTS20_Training_292,0.0996236,0.087762244,0.06655857,0.06655857,0.08464813232421875
LG_BraTS20_Training_294,0.053473786,0.020460287,1.2365525e-12,1.2365525e-12,0.024644690255324047
LG_BraTS20_Training_297,0.03315009,0.022756202,6.035003e-13,6.035003e-13,0.01863543192545573
LG_BraTS20_Training_310,0.09685483,0.054817557,3.4281796e-12,3.4281796e-12,0.050557464361190796
LG_BraTS20_Training_324,0.021278884,0.0051791174,9.834776e-13,9.834776e-13,0.008819334208965302
t1c
HG_BraTS20_Training_010,0.029557932,0.019251052,0.076462254,0.076462254,0.04175707697868347
HG_BraTS20_Training_012,0.050341178,0.018466178,0.052814897,0.052814897,0.04054074982802073
HG_BraTS20_Training_020,0.17745559,0.16201091,0.09115912,0.09115912,0.1435418725013733
HG_BraTS20_Training_070,0.0717705,0.057421204,0.10044273,0.10044273,0.07654481132825215
HG_BraTS20_Training_089,0.072114535,0.040600624,0.17106938,0.17106938,0.09459484616915385
HG_BraTS20_Training_119,0.03982131,0.020706251,0.037827622,0.037827622,0.032785062988599144
HG_BraTS20_Training_124,0.29302144,0.22229503,0.21573342,0.21573342,0.24368329842885336
HG_BraTS20_Training_128,0.032493047,0.00226368,0.004853142,0.004853142,0.013203289359807968
HG_BraTS20_Training_134,0.1186166,0.0935686,0.07674764,0.07674764,0.09631095329920451
HG_BraTS20_Training_140,0.1820282,0.15035582,0.13232109,0.13232109,0.15490170319875082
HG_BraTS20_Training_150,0.22076577,0.17442296,0.4963302,0.4963302,0.2971729834874471
HG_BraTS20_Training_180,0.20977111,0.17371637,0.3806996,0.3806996,0.2547290325164795
HG_BraTS20_Training_188,0.068149924,0.022567932,0.062383033,0.062383033,0.051033626000086464
HG_BraTS20_Training_191,0.27580294,0.23143607,0.4449345,0.4449345,0.31739115715026855
HG_BraTS20_Training_201,0.17942834,0.09715163,0.23456591,0.23456591,0.17038196325302124
HG_BraTS20_Training_211,0.098785885,0.07207253,0.1303426,0.1303426,0.1004003385702769
HG_BraTS20_Training_212,0.23210087,0.18727383,0.1737182,0.1737182,0.19769763946533203
HG_BraTS20_Training_226,0.13214876,0.10373366,0.3530758,0.3530758,0.19631940126419067
HG_BraTS20_Training_232,0.1211279,0.03934608,0.10874222,0.10874222,0.08973873655001323
HG_BraTS20_Training_241,0.13293122,0.10990746,0.26820722,0.26820722,0.1703486442565918
HG_BraTS20_Training_245,0.20996138,0.14712349,0.451594,0.451594,0.2695596218109131
HG_BraTS20_Training_246,0.12217815,0.09805348,0.24779433,0.24779433,0.156008650859197
HG_BraTS20_Training_336,0.18536203,0.13966163,0.20691918,0.20691918,0.17731428146362305
HG_BraTS20_Training_338,0.23681422,0.19031332,0.3649232,0.3649232,0.26401690642038983
HG_BraTS20_Training_344,0.03492295,0.024955524,0.033555206,0.033555206,0.031144559383392334
HG_BraTS20_Training_352,0.040071394,0.023263386,0.04957786,0.04957786,0.03763754665851593
LG_BraTS20_Training_262,0.018463839,0.00043279203,1.0655528e-13,1.0655528e-13,0.006298876677950223
LG_BraTS20_Training_275,0.04744857,0.017570214,1.1784532e-13,1.1784532e-13,0.021672929326693218
LG_BraTS20_Training_278,0.03404625,0.016096177,1.0841871e-13,1.0841871e-13,0.016714143256346386
LG_BraTS20_Training_283,0.04451683,0.017851863,0.075530425,0.075530425,0.04596637189388275
LG_BraTS20_Training_291,0.0379805,0.0011787376,0.00013311,0.00013311,0.013097448895374933
LG_BraTS20_Training_292,0.065086156,0.034605905,0.0142125115,0.0142125115,0.03796819100777308
LG_BraTS20_Training_294,0.02140709,0.006987509,8.6455826e-14,8.6455826e-14,0.009464866171280542
LG_BraTS20_Training_297,0.033441912,0.008642402,8.9603326e-14,8.9603326e-14,0.014028104643026987
LG_BraTS20_Training_310,0.03326587,0.016583337,7.451398e-14,7.451398e-14,0.016616401573022205
LG_BraTS20_Training_324,0.020642217,0.013590346,1.0460141e-13,1.0460141e-13,0.011410854756832123
t2
HG_BraTS20_Training_010,0.10801686,0.020835739,0.068331,0.068331,0.06572786966959636
HG_BraTS20_Training_012,0.06531721,0.01966149,0.15312849,0.15312849,0.07936906317869823
HG_BraTS20_Training_020,0.35406816,0.24969521,0.122427724,0.122427724,0.24206368128458658
HG_BraTS20_Training_070,0.127666,0.06939841,0.059554685,0.059554685,0.08553969860076904
HG_BraTS20_Training_089,0.3131968,0.056672897,0.14209807,0.14209807,0.17065592606862387
HG_BraTS20_Training_119,0.07950492,0.023538321,0.040972017,0.040972017,0.04800508419672648
HG_BraTS20_Training_124,0.397387,0.22172154,0.09126768,0.09126768,0.23679208755493164
HG_BraTS20_Training_128,0.082157314,0.0010439183,0.006895106,0.006895106,0.03003211071093877
HG_BraTS20_Training_134,0.16368338,0.11372985,0.062336057,0.062336057,0.11324976881345113
HG_BraTS20_Training_140,0.3173638,0.13818458,0.077095695,0.077095695,0.1775480310122172
HG_BraTS20_Training_150,0.4018542,0.11714522,0.032636575,0.032636575,0.18387866020202637
HG_BraTS20_Training_180,0.28925836,0.16729401,0.081440344,0.081440344,0.17933090527852377
HG_BraTS20_Training_188,0.14013626,0.025707806,0.07098587,0.07098587,0.07894331216812134
HG_BraTS20_Training_191,0.32442462,0.21731171,0.11500788,0.11500788,0.21891474723815918
HG_BraTS20_Training_201,0.30630428,0.09219672,0.063013695,0.063013695,0.15383822719256082
HG_BraTS20_Training_211,0.16848396,0.054996066,0.04687104,0.04687104,0.09011701742808025
HG_BraTS20_Training_212,0.33702707,0.20551217,0.06994469,0.06994469,0.20416130622227988
HG_BraTS20_Training_226,0.20782606,0.17435981,0.15916856,0.15916856,0.18045147260030112
HG_BraTS20_Training_232,0.18963355,0.04057435,0.020999229,0.020999229,0.08373570442199707
HG_BraTS20_Training_241,0.36626595,0.09782137,0.08267622,0.08267622,0.18225451310475668
HG_BraTS20_Training_245,0.35399666,0.22128126,0.09638128,0.09638128,0.22388641039530435
HG_BraTS20_Training_246,0.17135224,0.14208676,0.025787966,0.025787966,0.11307566364606221
HG_BraTS20_Training_336,0.22266997,0.16821055,0.14075257,0.14075257,0.17721102635065714
HG_BraTS20_Training_338,0.34228724,0.16640852,0.19491486,0.19491486,0.23453688621520996
HG_BraTS20_Training_344,0.183821,0.05551609,0.04157617,0.04157617,0.09363775451978047
HG_BraTS20_Training_352,0.106075354,0.02326226,0.0695737,0.0695737,0.06630376974741618
LG_BraTS20_Training_262,0.13837656,0.014963147,3.77145e-13,3.77145e-13,0.051113237937291466
LG_BraTS20_Training_275,0.06949535,0.014283744,4.6715876e-13,4.6715876e-13,0.02792636553446452
LG_BraTS20_Training_278,0.24296194,0.12776738,4.93486e-13,4.93486e-13,0.12357644240061443
LG_BraTS20_Training_283,0.105332546,0.020780668,0.044227216,0.044227216,0.05678013960520426
LG_BraTS20_Training_291,0.39852583,0.14918917,0.0015332311,0.0015332311,0.18308273951212564
LG_BraTS20_Training_292,0.18284526,0.14062019,0.018840404,0.018840404,0.11410195628801982
LG_BraTS20_Training_294,0.16917253,0.08622302,4.0948364e-13,4.0948364e-13,0.08513184388478597
LG_BraTS20_Training_297,0.15742715,0.070977725,7.2684984e-13,7.2684984e-13,0.07613495985666911
LG_BraTS20_Training_310,0.26737145,0.1832374,4.751045e-13,4.751045e-13,0.15020294984181723
LG_BraTS20_Training_324,0.11176306,0.07083765,2.3916006e-13,2.3916006e-13,0.06086690227190653
WT Dice,TC Dice,ET Dice,ETPro Dice,WT HD95,TC HD95,ET HD95ETPro HD95
flairt1cet1t2
HG_BraTS20_Training_010,0.09876467,0.021936035,0.19965923,0.19965923,0.10678664843241374
HG_BraTS20_Training_012,0.06412944,0.018755369,0.17848621,0.17848621,0.08712367216746013
HG_BraTS20_Training_020,0.30761254,0.19949993,0.1587254,0.1587254,0.2219459613164266
HG_BraTS20_Training_070,0.11408812,0.06361271,0.124389395,0.124389395,0.10069674253463745
HG_BraTS20_Training_089,0.24407052,0.045577336,0.43604952,0.43604952,0.24189913272857666
HG_BraTS20_Training_119,0.07179696,0.020783769,0.13161762,0.13161762,0.07473278045654297
HG_BraTS20_Training_124,0.37552294,0.20509636,0.32846862,0.32846862,0.30302931865056354
HG_BraTS20_Training_128,0.080686636,0.0028737478,0.007784143,0.007784143,0.030448175966739655
HG_BraTS20_Training_134,0.16343659,0.11498426,0.12712482,0.12712482,0.13518189390500387
HG_BraTS20_Training_140,0.28149155,0.13359071,0.2466389,0.2466389,0.22057372331619263
HG_BraTS20_Training_150,0.37214646,0.16979529,0.24485022,0.24485022,0.26226399342219037
HG_BraTS20_Training_180,0.29446116,0.17300928,0.29617056,0.29617056,0.25454699993133545
HG_BraTS20_Training_188,0.16476795,0.028686188,0.1777313,0.1777313,0.12372848391532898
HG_BraTS20_Training_191,0.31462067,0.23524594,0.22263193,0.22263193,0.2574995160102844
HG_BraTS20_Training_201,0.276187,0.09720116,0.25220868,0.25220868,0.2085322936375936
HG_BraTS20_Training_211,0.17221206,0.078009546,0.23650052,0.23650052,0.16224070390065512
HG_BraTS20_Training_212,0.33206123,0.2048285,0.124687694,0.124687694,0.2205258011817932
HG_BraTS20_Training_226,0.15925182,0.12646247,0.22585072,0.22585072,0.17052167654037476
HG_BraTS20_Training_232,0.18909189,0.04175046,0.06390587,0.06390587,0.0982494056224823
HG_BraTS20_Training_241,0.33856368,0.10478797,0.08968566,0.08968566,0.17767910162607828
HG_BraTS20_Training_245,0.31306267,0.18311022,0.25788686,0.25788686,0.25135326385498047
HG_BraTS20_Training_246,0.18771678,0.13734375,0.3629188,0.3629188,0.22932644685109457
HG_BraTS20_Training_336,0.21008313,0.15942757,0.21266066,0.21266066,0.19405712683995566
HG_BraTS20_Training_338,0.3174491,0.16794005,0.27857402,0.27857402,0.2546543876330058
HG_BraTS20_Training_344,0.16001016,0.044923093,0.09298893,0.09298893,0.09930739800135295
HG_BraTS20_Training_352,0.100348674,0.022347936,0.11304681,0.11304681,0.07858113944530487
LG_BraTS20_Training_262,0.1388721,0.014822603,8.6782957e-13,8.6782957e-13,0.05123156805833181
LG_BraTS20_Training_275,0.07034724,0.02203,7.732158e-13,7.732158e-13,0.030792415142059326
LG_BraTS20_Training_278,0.21700111,0.11505979,1.0483279e-12,1.0483279e-12,0.11068696777025859
LG_BraTS20_Training_283,0.107473396,0.030970378,0.26371607,0.26371607,0.13405327995618185
LG_BraTS20_Training_291,0.3516406,0.12332281,0.0005343307,0.0005343307,0.1584992508093516
LG_BraTS20_Training_292,0.17363334,0.12030269,0.061007086,0.061007086,0.11831436554590861
LG_BraTS20_Training_294,0.15295352,0.05602302,7.439369e-13,7.439369e-13,0.06965884566307068
LG_BraTS20_Training_297,0.14256205,0.058864262,7.9170297e-13,7.9170297e-13,0.06714210410912831
LG_BraTS20_Training_310,0.25258598,0.13657223,6.231306e-13,6.231306e-13,0.1297193964322408
LG_BraTS20_Training_324,0.11715899,0.067967735,7.3491587e-13,7.3491587e-13,0.06170890728632609
t1cet1t2
HG_BraTS20_Training_010,0.07993547,0.021920815,0.20962292,0.20962292,0.10382640361785889
HG_BraTS20_Training_012,0.061252516,0.01900928,0.2017297,0.2017297,0.09399716059366862
HG_BraTS20_Training_020,0.30639878,0.20800531,0.19172153,0.19172153,0.2353752056757609
HG_BraTS20_Training_070,0.11962355,0.06849914,0.14881523,0.14881523,0.11231263478597005
HG_BraTS20_Training_089,0.24834327,0.047478966,0.4039453,0.4039453,0.23325584332148233
HG_BraTS20_Training_119,0.06226187,0.022019811,0.081547745,0.081547745,0.05527647336324056
HG_BraTS20_Training_124,0.393834,0.22032936,0.3364646,0.3364646,0.31687597433725995
HG_BraTS20_Training_128,0.075335704,0.00132615,0.009080155,0.009080155,0.028580670555432636
HG_BraTS20_Training_134,0.15276842,0.114682525,0.09520286,0.09520286,0.12088459730148315
HG_BraTS20_Training_140,0.28997263,0.14208594,0.27155846,0.27155846,0.23453901211420694
HG_BraTS20_Training_150,0.37232462,0.17489558,0.44562593,0.44562593,0.33094871044158936
HG_BraTS20_Training_180,0.2718518,0.17585197,0.38988185,0.38988185,0.2791952093442281
HG_BraTS20_Training_188,0.14463545,0.028618691,0.2475056,0.2475056,0.1402532458305359
HG_BraTS20_Training_191,0.30710813,0.23614696,0.35528377,0.35528377,0.29951294263203937
HG_BraTS20_Training_201,0.2591814,0.09974785,0.2971266,0.2971266,0.21868528922398886
HG_BraTS20_Training_211,0.16788171,0.075213686,0.29127216,0.29127216,0.17812252044677734
HG_BraTS20_Training_212,0.3174651,0.21727107,0.21256326,0.21256326,0.2490998109181722
HG_BraTS20_Training_226,0.16865689,0.1335861,0.484585,0.484585,0.2622759938240051
HG_BraTS20_Training_232,0.1718523,0.04114763,0.083062746,0.083062746,0.0986875593662262
HG_BraTS20_Training_241,0.32435545,0.10219699,0.18664542,0.18664542,0.20439928770065308
HG_BraTS20_Training_245,0.3146547,0.1860946,0.23396854,0.23396854,0.24490594863891602
HG_BraTS20_Training_246,0.17884718,0.14171834,0.2970138,0.2970138,0.20585978031158447
HG_BraTS20_Training_336,0.22114791,0.17381668,0.24074845,0.24074845,0.2119043469429016
HG_BraTS20_Training_338,0.30503753,0.16809762,0.38808784,0.38808784,0.28707432746887207
HG_BraTS20_Training_344,0.17021151,0.048663307,0.13538374,0.13538374,0.11808617909749348
HG_BraTS20_Training_352,0.10051464,0.023360468,0.120022714,0.120022714,0.08129927515983582
LG_BraTS20_Training_262,0.13350402,0.015353337,4.8188124e-13,4.8188124e-13,0.04961911837259928
LG_BraTS20_Training_275,0.06739944,0.016867558,5.6261956e-13,5.6261956e-13,0.028088999291261036
LG_BraTS20_Training_278,0.20456694,0.09770294,5.8920577e-13,5.8920577e-13,0.1007566253344218
LG_BraTS20_Training_283,0.10203499,0.027561909,0.28899297,0.28899297,0.13952996333440146
LG_BraTS20_Training_291,0.35296863,0.12709467,0.0014486755,0.0014486755,0.16050399343172708
LG_BraTS20_Training_292,0.17838922,0.13609663,0.08164983,0.08164983,0.13204522927602133
LG_BraTS20_Training_294,0.15309043,0.07003281,5.459707e-13,5.459707e-13,0.0743744174639384
LG_BraTS20_Training_297,0.13041243,0.054725107,5.246039e-13,5.246039e-13,0.061712513367335
LG_BraTS20_Training_310,0.22998169,0.14168972,7.4504546e-13,7.4504546e-13,0.12389046947161357
LG_BraTS20_Training_324,0.10554345,0.036785528,4.935347e-13,4.935347e-13,0.047442992528279625
flairt1cet2
HG_BraTS20_Training_010,0.104731716,0.020715192,0.13684388,0.13684388,0.0874302585919698
HG_BraTS20_Training_012,0.065006316,0.018584693,0.1277214,0.1277214,0.07043747107187907
HG_BraTS20_Training_020,0.3155259,0.21811672,0.16737837,0.16737837,0.2336736520131429
HG_BraTS20_Training_070,0.11639346,0.069810465,0.12036856,0.12036856,0.10219083229700725
HG_BraTS20_Training_089,0.2531003,0.046405345,0.38835892,0.38835892,0.22928818066914877
HG_BraTS20_Training_119,0.07561618,0.020856615,0.11083804,0.11083804,0.06910361349582672
HG_BraTS20_Training_124,0.37212875,0.21084784,0.32926676,0.32926676,0.30408112208048504
HG_BraTS20_Training_128,0.081044056,0.0022573753,0.012448249,0.012448249,0.03191656122605006
HG_BraTS20_Training_134,0.16524264,0.11612762,0.1630327,0.1630327,0.14813431104024252
HG_BraTS20_Training_140,0.28780377,0.13291624,0.28434286,0.28434286,0.23502095540364584
HG_BraTS20_Training_150,0.36791807,0.16375305,0.37174854,0.37174854,0.3011398712793986
HG_BraTS20_Training_180,0.2973123,0.17799193,0.3535166,0.3535166,0.27627360820770264
HG_BraTS20_Training_188,0.16178538,0.02845694,0.16434142,0.16434142,0.118194580078125
HG_BraTS20_Training_191,0.30926865,0.2234445,0.3055917,0.3055917,0.2794349590937297
HG_BraTS20_Training_201,0.2888243,0.10076994,0.30389163,0.30389163,0.2311619520187378
HG_BraTS20_Training_211,0.17354651,0.078358464,0.22617677,0.22617677,0.15936057766278586
HG_BraTS20_Training_212,0.33565626,0.20820366,0.16479136,0.16479136,0.23621708154678345
HG_BraTS20_Training_226,0.16224304,0.1323167,0.260477,0.260477,0.18501224120457968
HG_BraTS20_Training_232,0.19036241,0.042512957,0.08492129,0.08492129,0.10593221584955852
HG_BraTS20_Training_241,0.3422022,0.1086705,0.15099743,0.15099743,0.20062337319056192
HG_BraTS20_Training_245,0.3201209,0.1922283,0.34752423,0.34752423,0.2866244713465373
HG_BraTS20_Training_246,0.18564726,0.1324499,0.40203273,0.40203273,0.24004330237706503
HG_BraTS20_Training_336,0.21071713,0.16190054,0.24024053,0.24024053,0.20428605874379477
HG_BraTS20_Training_338,0.33056504,0.17771831,0.34695733,0.34695733,0.28508023420969647
HG_BraTS20_Training_344,0.15473752,0.041139506,0.111492224,0.111492224,0.10245641072591145
HG_BraTS20_Training_352,0.10167321,0.023081986,0.12998988,0.12998988,0.08491502205530803
LG_BraTS20_Training_262,0.1419108,0.01551893,4.925623e-13,4.925623e-13,0.0524765799442927
LG_BraTS20_Training_275,0.07270536,0.017924799,4.354642e-13,4.354642e-13,0.030210052927335102
LG_BraTS20_Training_278,0.21764337,0.098279685,6.031363e-13,6.031363e-13,0.10530767838160197
LG_BraTS20_Training_283,0.10766241,0.030637972,0.23226556,0.23226556,0.12352198362350464
LG_BraTS20_Training_291,0.36103183,0.1312129,0.00091516424,0.00091516424,0.16438663005828857
LG_BraTS20_Training_292,0.1700523,0.11456525,0.05721511,0.05721511,0.11394421259562175
LG_BraTS20_Training_294,0.1605216,0.06660487,4.1303538e-13,4.1303538e-13,0.07570882141590118
LG_BraTS20_Training_297,0.14781976,0.06009359,4.4187177e-13,4.4187177e-13,0.06930444637934367
LG_BraTS20_Training_310,0.25197434,0.14853552,2.6877385e-13,2.6877385e-13,0.1335032880306244
LG_BraTS20_Training_324,0.11948326,0.06493686,4.0980248e-13,4.0980248e-13,0.061473374565442405
flairt1t2
HG_BraTS20_Training_010,0.10113525,0.02028158,0.069123685,0.069123685,0.06351350247859955
HG_BraTS20_Training_012,0.061613988,0.018362831,0.064629436,0.064629436,0.04820208748181661
HG_BraTS20_Training_020,0.30605438,0.18602133,0.049748782,0.049748782,0.18060817321141562
HG_BraTS20_Training_070,0.10773213,0.050492868,0.014562528,0.014562528,0.05759584407011668
HG_BraTS20_Training_089,0.25578934,0.042041507,0.05530311,0.05530311,0.11771132548650105
HG_BraTS20_Training_119,0.072183035,0.020645754,0.09115842,0.09115842,0.06132906675338745
HG_BraTS20_Training_124,0.36105558,0.17338452,0.048971448,0.048971448,0.19447052478790283
HG_BraTS20_Training_128,0.07803487,0.001831385,0.00052541704,0.00052541704,0.026797222594420116
HG_BraTS20_Training_134,0.15525633,0.10631903,0.04714557,0.04714557,0.10290698210398357
HG_BraTS20_Training_140,0.2710936,0.11807436,0.009127033,0.009127033,0.132764995098114
HG_BraTS20_Training_150,0.35680616,0.09870281,0.002483219,0.002483219,0.15266406536102295
HG_BraTS20_Training_180,0.29005077,0.15578449,0.016651275,0.016651275,0.15416217843691507
HG_BraTS20_Training_188,0.16338749,0.02679794,0.021052632,0.021052632,0.07041268547375996
HG_BraTS20_Training_191,0.30753532,0.2058828,0.012195379,0.012195379,0.17520451545715332
HG_BraTS20_Training_201,0.28366962,0.08392397,0.0032598318,0.0032598318,0.12361780802408855
HG_BraTS20_Training_211,0.16924213,0.06204047,0.010394866,0.010394866,0.08055915435155232
HG_BraTS20_Training_212,0.3117158,0.14825271,0.0040347786,0.0040347786,0.15466776490211487
HG_BraTS20_Training_226,0.1620145,0.13276012,0.02832258,0.02832258,0.10769906640052795
HG_BraTS20_Training_232,0.18714759,0.041593052,0.007551177,0.007551177,0.07876393695672353
HG_BraTS20_Training_241,0.3444877,0.08453596,0.012574045,0.012574045,0.1471992333730062
HG_BraTS20_Training_245,0.33089697,0.18649742,0.1002032,0.1002032,0.2058658798535665
HG_BraTS20_Training_246,0.18037267,0.13277864,0.14620721,0.14620721,0.1531195044517517
HG_BraTS20_Training_336,0.205002,0.15535389,0.034609634,0.034609634,0.13165517648061117
HG_BraTS20_Training_338,0.31920555,0.14238906,0.014648595,0.014648595,0.15874773263931274
HG_BraTS20_Training_344,0.16134878,0.04749652,0.006285073,0.006285073,0.07171011964480083
HG_BraTS20_Training_352,0.09905859,0.021584172,0.010524914,0.010524914,0.043722560008366905
LG_BraTS20_Training_262,0.13887848,0.015073668,1.598721e-12,1.598721e-12,0.05131738384564718
LG_BraTS20_Training_275,0.06533745,0.013720907,1.548467e-12,1.548467e-12,0.026352785527706146
LG_BraTS20_Training_278,0.22578643,0.12119444,1.8125793e-12,1.8125793e-12,0.11566028992335002
LG_BraTS20_Training_283,0.10572621,0.029417006,0.023206854,0.023206854,0.05278336008389791
LG_BraTS20_Training_291,0.3575311,0.12687498,1.1282862e-12,1.1282862e-12,0.16146869460741678
LG_BraTS20_Training_292,0.17991671,0.12757999,0.006296215,0.006296215,0.10459763805071513
LG_BraTS20_Training_294,0.16391703,0.06450549,1.1275228e-12,1.1275228e-12,0.07614084084828694
LG_BraTS20_Training_297,0.14968957,0.06524261,1.6380016e-12,1.6380016e-12,0.07164405783017476
LG_BraTS20_Training_310,0.2718615,0.16191895,1.4281634e-12,1.4281634e-12,0.1445934772491455
LG_BraTS20_Training_324,0.11286152,0.07344771,1.3738151e-12,1.3738151e-12,0.06210307776927948
flairt1cet1
HG_BraTS20_Training_010,0.08753437,0.018358056,0.18790449,0.18790449,0.09793229897816975
HG_BraTS20_Training_012,0.06743178,0.017420586,0.15431193,0.15431193,0.07972143093744914
HG_BraTS20_Training_020,0.27250236,0.16900013,0.15838312,0.15838312,0.19996188084284464
HG_BraTS20_Training_070,0.1030917,0.042056203,0.1808377,0.1808377,0.1086618701616923
HG_BraTS20_Training_089,0.19342032,0.03951842,0.50489193,0.50489193,0.24594354629516602
HG_BraTS20_Training_119,0.06447897,0.01677198,0.12387938,0.12387938,0.06837677955627441
HG_BraTS20_Training_124,0.33735958,0.19176969,0.33792892,0.33792892,0.2890193859736125
HG_BraTS20_Training_128,0.076577455,0.0025163877,0.011007296,0.011007296,0.03003371258576711
HG_BraTS20_Training_134,0.15229617,0.10137876,0.12644802,0.12644802,0.1267076532046
HG_BraTS20_Training_140,0.2510584,0.12588732,0.28317097,0.28317097,0.22003889083862305
HG_BraTS20_Training_150,0.33561823,0.16614506,0.29430425,0.29430425,0.26535584529240924
HG_BraTS20_Training_180,0.28396076,0.1670148,0.3368009,0.3368009,0.2625921567281087
HG_BraTS20_Training_188,0.14891595,0.026374243,0.14384072,0.14384072,0.10637696584065755
HG_BraTS20_Training_191,0.2970127,0.22015819,0.31377125,0.31377125,0.276980717976888
HG_BraTS20_Training_201,0.24027683,0.09348366,0.25964293,0.25964293,0.19780115286509195
HG_BraTS20_Training_211,0.14995654,0.074612275,0.23478878,0.23478878,0.15311919649442038
HG_BraTS20_Training_212,0.2749224,0.15512493,0.15905973,0.15905973,0.19636901219685873
HG_BraTS20_Training_226,0.13492207,0.09768157,0.31262323,0.31262323,0.18174229065577188
HG_BraTS20_Training_232,0.18399505,0.038985435,0.086420156,0.086420156,0.10313354929288228
HG_BraTS20_Training_241,0.28529537,0.09726996,0.12882033,0.12882033,0.17046189308166504
HG_BraTS20_Training_245,0.27150577,0.16892956,0.18955883,0.18955883,0.20999805132548013
HG_BraTS20_Training_246,0.18033694,0.11319795,0.37124205,0.37124205,0.22159230709075928
HG_BraTS20_Training_336,0.19407171,0.13708337,0.27090403,0.27090403,0.2006863753000895
HG_BraTS20_Training_338,0.28683844,0.1630685,0.30365425,0.30365425,0.2511870662371318
HG_BraTS20_Training_344,0.14580216,0.04221848,0.10056871,0.10056871,0.09619645277659099
HG_BraTS20_Training_352,0.080673575,0.021454567,0.107174106,0.107174106,0.06976741552352905
LG_BraTS20_Training_262,0.12646468,0.008238393,7.240605e-13,7.240605e-13,0.044901023308436074
LG_BraTS20_Training_275,0.070340835,0.01664475,5.757715e-13,5.757715e-13,0.028995196024576824
LG_BraTS20_Training_278,0.19834687,0.0841318,1.0756158e-12,1.0756158e-12,0.09415955344835918
LG_BraTS20_Training_283,0.10406882,0.02917553,0.32931185,0.32931185,0.15418539444605509
LG_BraTS20_Training_291,0.2898006,0.067367375,0.00090604334,0.00090604334,0.11935801307360332
LG_BraTS20_Training_292,0.14889821,0.10707135,0.059190504,0.059190504,0.10505335529645284
LG_BraTS20_Training_294,0.12322261,0.046092793,5.622084e-13,5.622084e-13,0.0564384659131368
LG_BraTS20_Training_297,0.10454875,0.029738797,5.8082125e-13,5.8082125e-13,0.04476251701513926
LG_BraTS20_Training_310,0.22993064,0.0831468,3.3718853e-13,3.3718853e-13,0.10435914993286133
LG_BraTS20_Training_324,0.11314496,0.05232683,5.6689343e-13,5.6689343e-13,0.05515726407368978
flairt1ce
HG_BraTS20_Training_010,0.09594574,0.018511003,0.10339334,0.10339334,0.07261669635772705
HG_BraTS20_Training_012,0.07227774,0.01880186,0.1020562,0.1020562,0.06437859932581584
HG_BraTS20_Training_020,0.29977864,0.19961427,0.15333666,0.15333666,0.21757652362187704
HG_BraTS20_Training_070,0.11327256,0.057015616,0.13420989,0.13420989,0.10149935881296794
HG_BraTS20_Training_089,0.21040794,0.045344405,0.4095365,0.4095365,0.22176295518875122
HG_BraTS20_Training_119,0.078826435,0.01843524,0.09415128,0.09415128,0.0638043185075124
HG_BraTS20_Training_124,0.34274396,0.20924737,0.27309194,0.27309194,0.2750277519226074
HG_BraTS20_Training_128,0.08166722,0.0029317616,0.013547342,0.013547342,0.032715439796447754
HG_BraTS20_Training_134,0.14416957,0.09084393,0.14523195,0.14523195,0.12674848238627115
HG_BraTS20_Training_140,0.26624158,0.13424884,0.25084117,0.25084117,0.2171105146408081
HG_BraTS20_Training_150,0.3400657,0.17515062,0.33535892,0.33535892,0.2835250695546468
HG_BraTS20_Training_180,0.294791,0.18270712,0.31733683,0.31733683,0.2649449904759725
HG_BraTS20_Training_188,0.14475775,0.026867012,0.10673429,0.10673429,0.09278635183970134
HG_BraTS20_Training_191,0.2994176,0.21736778,0.34953007,0.34953007,0.2887718280156453
HG_BraTS20_Training_201,0.2613537,0.105349325,0.24195,0.24195,0.2028843561808268
HG_BraTS20_Training_211,0.15143281,0.08097182,0.17649953,0.17649953,0.13630138834317526
HG_BraTS20_Training_212,0.27984557,0.15175039,0.12430591,0.12430591,0.18530062834421793
HG_BraTS20_Training_226,0.13578606,0.10367998,0.26837173,0.26837173,0.16927925745646158
HG_BraTS20_Training_232,0.19011459,0.041437414,0.1034368,0.1034368,0.11166293422381084
HG_BraTS20_Training_241,0.29381958,0.11239823,0.12690152,0.12690152,0.17770644028981528
HG_BraTS20_Training_245,0.29334345,0.18615554,0.13909484,0.13909484,0.2061979373296102
HG_BraTS20_Training_246,0.17932653,0.098986566,0.3320887,0.3320887,0.20346726973851523
HG_BraTS20_Training_336,0.20328565,0.1406048,0.28742263,0.28742263,0.21043769518534342
HG_BraTS20_Training_338,0.32359514,0.19284871,0.2746979,0.2746979,0.26371391614278156
HG_BraTS20_Training_344,0.1422761,0.035941426,0.09110145,0.09110145,0.08977298935254414
HG_BraTS20_Training_352,0.08425416,0.023842614,0.11083744,0.11083744,0.07297806938489278
LG_BraTS20_Training_262,0.1360118,0.0033187182,4.0062498e-13,4.0062498e-13,0.04644350210825602
LG_BraTS20_Training_275,0.0772816,0.016908303,3.313782e-13,3.313782e-13,0.03139663487672806
LG_BraTS20_Training_278,0.20554553,0.054291017,5.7833556e-13,5.7833556e-13,0.08661218484242757
LG_BraTS20_Training_283,0.10575671,0.027972106,0.20042457,0.20042457,0.11138446132342021
LG_BraTS20_Training_291,0.298514,0.05450805,0.0006846189,0.0006846189,0.11790222922960918
LG_BraTS20_Training_292,0.12524831,0.06314535,0.046208933,0.046208933,0.07820086181163788
LG_BraTS20_Training_294,0.11863606,0.034879122,3.1435667e-13,3.1435667e-13,0.05117172499497732
LG_BraTS20_Training_297,0.109434195,0.014703388,3.2128513e-13,3.2128513e-13,0.041379193464914955
LG_BraTS20_Training_310,0.23804477,0.08051359,1.8793813e-13,1.8793813e-13,0.10618612170219421
LG_BraTS20_Training_324,0.12530278,0.04735252,3.3823777e-13,3.3823777e-13,0.057551766435305275
flairt2
HG_BraTS20_Training_010,0.10344488,0.018261015,0.057825536,0.057825536,0.05984380841255188
HG_BraTS20_Training_012,0.06257419,0.01818733,0.044668313,0.044668313,0.04180994629859924
HG_BraTS20_Training_020,0.32228482,0.21899426,0.07718646,0.07718646,0.2061551809310913
HG_BraTS20_Training_070,0.11122368,0.059330817,0.01629328,0.01629328,0.06228259205818176
HG_BraTS20_Training_089,0.26847732,0.04493313,0.070774734,0.070774734,0.12806173165639242
HG_BraTS20_Training_119,0.07425328,0.020581627,0.08996776,0.08996776,0.061600888768831887
HG_BraTS20_Training_124,0.36520827,0.1965304,0.07116136,0.07116136,0.2109666665395101
HG_BraTS20_Training_128,0.07845648,0.0019958857,0.0053844084,0.0053844084,0.028612256050109863
HG_BraTS20_Training_134,0.1586631,0.10788776,0.09475465,0.09475465,0.12043515841166179
HG_BraTS20_Training_140,0.28348652,0.12201443,0.03456251,0.03456251,0.14668781558672586
HG_BraTS20_Training_150,0.36282033,0.11354721,0.004523776,0.004523776,0.1602971057097117
HG_BraTS20_Training_180,0.29887494,0.16137011,0.030240372,0.030240372,0.163495143254598
HG_BraTS20_Training_188,0.16402444,0.026704855,0.017715668,0.017715668,0.06948165098826091
HG_BraTS20_Training_191,0.3092318,0.21447462,0.029320957,0.029320957,0.18434246381123862
HG_BraTS20_Training_201,0.296112,0.091622986,0.026272645,0.026272645,0.13800254464149475
HG_BraTS20_Training_211,0.16967548,0.065318935,0.009198574,0.009198574,0.08139766256014506
HG_BraTS20_Training_212,0.32080913,0.16618477,0.013520356,0.013520356,0.16683808962504068
HG_BraTS20_Training_226,0.16991071,0.14010511,0.050195727,0.050195727,0.12007051706314087
HG_BraTS20_Training_232,0.19293186,0.043493662,0.010042456,0.010042456,0.08215599258740743
HG_BraTS20_Training_241,0.36065748,0.10298064,0.03018187,0.03018187,0.16460667053858438
HG_BraTS20_Training_245,0.34882122,0.20636803,0.20028324,0.20028324,0.25182416041692096
HG_BraTS20_Training_246,0.18188767,0.13664171,0.19770995,0.19770995,0.1720797618230184
HG_BraTS20_Training_336,0.20284468,0.14976242,0.07889241,0.07889241,0.14383317033449808
HG_BraTS20_Training_338,0.33853632,0.16303763,0.049593564,0.049593564,0.18372249603271484
HG_BraTS20_Training_344,0.16072088,0.047490984,0.017453494,0.017453494,0.07522178689638774
HG_BraTS20_Training_352,0.10101965,0.020976208,0.040658195,0.040658195,0.0542180190483729
LG_BraTS20_Training_262,0.13926871,0.015168704,8.925384e-13,8.925384e-13,0.05147914091746012
LG_BraTS20_Training_275,0.067300476,0.011445969,6.818027e-13,6.818027e-13,0.02624881515900294
LG_BraTS20_Training_278,0.22920455,0.111961134,9.128252e-13,9.128252e-13,0.113721897204717
LG_BraTS20_Training_283,0.104542725,0.026015585,0.021861153,0.021861153,0.050806487600008644
LG_BraTS20_Training_291,0.37552518,0.13424262,0.0010777314,0.0010777314,0.17028182744979858
LG_BraTS20_Training_292,0.17825739,0.1300899,0.0033742816,0.0033742816,0.10390718777974446
LG_BraTS20_Training_294,0.16678959,0.07864163,5.9126114e-13,5.9126114e-13,0.08181040485699971
LG_BraTS20_Training_297,0.15911959,0.068107575,8.767315e-13,8.767315e-13,0.0757423887650172
LG_BraTS20_Training_310,0.27529645,0.17362553,5.1554366e-13,5.1554366e-13,0.1496406594912211
LG_BraTS20_Training_324,0.11545443,0.07617336,5.9378896e-13,5.9378896e-13,0.06387592852115631
t1t2
HG_BraTS20_Training_010,0.08409252,0.02055203,0.086983375,0.086983375,0.06387597322463989
HG_BraTS20_Training_012,0.059388377,0.019136691,0.16354023,0.16354023,0.08068843185901642
HG_BraTS20_Training_020,0.30721986,0.17991607,0.07514451,0.07514451,0.18742682536443075
HG_BraTS20_Training_070,0.11430612,0.052661642,0.031941198,0.031941198,0.06630298495292664
HG_BraTS20_Training_089,0.2759328,0.041233864,0.14469224,0.14469224,0.15395296613375345
HG_BraTS20_Training_119,0.067783155,0.022554778,0.056692168,0.056692168,0.04901003340880076
HG_BraTS20_Training_124,0.37810853,0.18958612,0.088762,0.088762,0.21881888310114542
HG_BraTS20_Training_128,0.074711986,0.0008012067,0.001122678,0.001122678,0.025545289119084675
HG_BraTS20_Training_134,0.1410699,0.101646245,0.03493408,0.03493408,0.09255007902781169
HG_BraTS20_Training_140,0.2873719,0.13047059,0.024169352,0.024169352,0.14733728766441345
HG_BraTS20_Training_150,0.36126655,0.06344018,0.005395005,0.005395005,0.14336724082628885
HG_BraTS20_Training_180,0.2558717,0.13922933,0.009464948,0.009464948,0.13485532999038696
HG_BraTS20_Training_188,0.14510876,0.024814863,0.059684027,0.059684027,0.07653588056564331
HG_BraTS20_Training_191,0.298753,0.17759398,0.024556419,0.024556419,0.16696778933207193
HG_BraTS20_Training_201,0.2715898,0.081894584,0.013281234,0.013281234,0.1222551961739858
HG_BraTS20_Training_211,0.16507755,0.055184186,0.042642187,0.042642187,0.08763464291890462
HG_BraTS20_Training_212,0.31126738,0.17470789,0.018500486,0.018500486,0.16815859079360962
HG_BraTS20_Training_226,0.17809473,0.14748922,0.1250628,0.1250628,0.15021557609240213
HG_BraTS20_Training_232,0.15448384,0.035760406,0.0030514207,0.0030514207,0.06443188587824504
HG_BraTS20_Training_241,0.33645168,0.07327163,0.025940867,0.025940867,0.1452213923136393
HG_BraTS20_Training_245,0.3265141,0.19644004,0.07288862,0.07288862,0.198614239692688
HG_BraTS20_Training_246,0.15939367,0.12476636,0.017282533,0.017282533,0.10048085451126099
HG_BraTS20_Training_336,0.21537295,0.17191263,0.08586915,0.08586915,0.1577182412147522
HG_BraTS20_Training_338,0.3135648,0.115770906,0.039728697,0.039728697,0.15635480483373007
HG_BraTS20_Training_344,0.18807557,0.05591022,0.01659445,0.01659445,0.08686008056004842
HG_BraTS20_Training_352,0.09883667,0.023305988,0.0074727945,0.0074727945,0.04320515195528666
LG_BraTS20_Training_262,0.1363833,0.015552424,7.786949e-13,7.786949e-13,0.05064524213473002
LG_BraTS20_Training_275,0.06209148,0.012200893,1.0889688e-12,1.0889688e-12,0.0247641255458196
LG_BraTS20_Training_278,0.22101337,0.10610016,1.1865212e-12,1.1865212e-12,0.10903783639272054
LG_BraTS20_Training_283,0.09894595,0.023176828,0.019805882,0.019805882,0.04730955262978872
LG_BraTS20_Training_291,0.35621476,0.13544154,7.985307e-13,7.985307e-13,0.16388543446858725
LG_BraTS20_Training_292,0.18054597,0.14006573,0.034806006,0.034806006,0.11847257614135742
LG_BraTS20_Training_294,0.1598258,0.07527286,8.4381064e-13,8.4381064e-13,0.078366219997406
LG_BraTS20_Training_297,0.14008486,0.06702981,1.2379302e-12,1.2379302e-12,0.06903822223345439
LG_BraTS20_Training_310,0.27324924,0.17566071,1.6015375e-12,1.6015375e-12,0.14963664611180624
LG_BraTS20_Training_324,0.10635527,0.053234544,7.0308657e-13,7.0308657e-13,0.05319660405317942
flairt1
HG_BraTS20_Training_010,0.097841956,0.014550948,0.075700045,0.075700045,0.0626976490020752
HG_BraTS20_Training_012,0.065064974,0.01762889,0.072647,0.072647,0.05178028345108032
HG_BraTS20_Training_020,0.26966175,0.1409593,0.035378844,0.035378844,0.14866663018862405
HG_BraTS20_Training_070,0.0957431,0.02091908,0.017676184,0.017676184,0.04477945466836294
HG_BraTS20_Training_089,0.21780878,0.018953424,0.008908865,0.008908865,0.08189035952091217
HG_BraTS20_Training_119,0.065372355,0.016890971,0.11144561,0.11144561,0.06456964711348216
HG_BraTS20_Training_124,0.32582238,0.11885375,0.013063984,0.013063984,0.15258004268010458
HG_BraTS20_Training_128,0.073771514,0.0016375625,0.002005587,0.002005587,0.02580488721529643
HG_BraTS20_Training_134,0.1395864,0.074950956,0.012537015,0.012537015,0.07569145659605662
HG_BraTS20_Training_140,0.22832757,0.07996298,0.0011476664,0.0011476664,0.10314606626828511
HG_BraTS20_Training_150,0.3099803,0.06665512,0.0034574254,0.0034574254,0.12669761975606283
HG_BraTS20_Training_180,0.26808903,0.11827239,0.019504001,0.019504001,0.13528847694396973
HG_BraTS20_Training_188,0.14756697,0.023021102,0.014031033,0.014031033,0.06153970460096995
HG_BraTS20_Training_191,0.26897886,0.13452865,0.008442098,0.008442098,0.13731654485066733
HG_BraTS20_Training_201,0.23407173,0.04617839,0.0041208128,0.0041208128,0.09479031960169475
HG_BraTS20_Training_211,0.15693817,0.06349648,0.0075844303,0.0075844303,0.07600635290145874
HG_BraTS20_Training_212,0.23746763,0.09259253,0.0014701558,0.0014701558,0.11051010092099507
HG_BraTS20_Training_226,0.11710689,0.051024783,0.0033621732,0.0033621732,0.05716461936632792
HG_BraTS20_Training_232,0.1749747,0.03534887,0.0057923044,0.0057923044,0.07203862567742665
HG_BraTS20_Training_241,0.2745577,0.05515635,0.0069754897,0.0069754897,0.1122298538684845
HG_BraTS20_Training_245,0.2866634,0.15991299,0.054261897,0.054261897,0.16694611310958862
HG_BraTS20_Training_246,0.17090139,0.102650106,0.016074928,0.016074928,0.09654213984807332
HG_BraTS20_Training_336,0.19371773,0.106466465,0.034765348,0.034765348,0.11164985100428264
HG_BraTS20_Training_338,0.27427414,0.118174456,0.00866129,0.00866129,0.13370330135027567
HG_BraTS20_Training_344,0.15224166,0.04677273,0.003726309,0.003726309,0.06758023301760356
HG_BraTS20_Training_352,0.08029349,0.013623427,0.008187622,0.008187622,0.03403484572966894
LG_BraTS20_Training_262,0.13076787,0.007157916,1.876877e-12,1.876877e-12,0.045975262920061745
LG_BraTS20_Training_275,0.06004452,0.0042783506,1.5678896e-12,1.5678896e-12,0.021440957983334858
LG_BraTS20_Training_278,0.20649092,0.079623945,2.710027e-12,2.710027e-12,0.0953716238339742
LG_BraTS20_Training_283,0.10394836,0.026898885,0.036431823,0.036431823,0.055759688218434654
LG_BraTS20_Training_291,0.29693273,0.0772893,0.00081632653,0.00081632653,0.12501278519630432
LG_BraTS20_Training_292,0.16581865,0.11071129,0.028365346,0.028365346,0.101631760597229
LG_BraTS20_Training_294,0.14149377,0.048014447,1.2504689e-12,1.2504689e-12,0.06316940486431122
LG_BraTS20_Training_297,0.11466416,0.037987005,1.8804062e-12,1.8804062e-12,0.05088372031847636
LG_BraTS20_Training_310,0.2599867,0.094897225,1.03434e-12,1.03434e-12,0.11829463640848796
LG_BraTS20_Training_324,0.112334184,0.06767343,1.83621e-12,1.83621e-12,0.060002535581588745
t1cet1
HG_BraTS20_Training_010,0.036552634,0.01675969,0.1844171,0.1844171,0.07924314339955647
HG_BraTS20_Training_012,0.054518495,0.01723394,0.12376612,0.12376612,0.06517285108566284
HG_BraTS20_Training_020,0.1979844,0.16092014,0.18620904,0.18620904,0.18170452117919922
HG_BraTS20_Training_070,0.069501325,0.05088694,0.17873941,0.17873941,0.0997092326482137
HG_BraTS20_Training_089,0.1139156,0.03716207,0.34348786,0.34348786,0.16485518217086792
HG_BraTS20_Training_119,0.035058785,0.017850578,0.055465166,0.055465166,0.036124842862288155
HG_BraTS20_Training_124,0.3000892,0.19618861,0.3277638,0.3277638,0.27468053499857586
HG_BraTS20_Training_128,0.03840266,0.0014510157,0.005212541,0.005212541,0.015022072941064835
HG_BraTS20_Training_134,0.106883936,0.09496524,0.10513837,0.10513837,0.10232918461163838
HG_BraTS20_Training_140,0.17093903,0.12390007,0.25528556,0.25528556,0.18337488174438477
HG_BraTS20_Training_150,0.22429693,0.17276181,0.5829943,0.5829943,0.3266843358675639
HG_BraTS20_Training_180,0.19522199,0.15784794,0.46095175,0.46095175,0.2713405688603719
HG_BraTS20_Training_188,0.08428727,0.02519379,0.16358367,0.16358367,0.09102157751719157
HG_BraTS20_Training_191,0.25199944,0.2140731,0.48712853,0.48712853,0.3177336851755778
HG_BraTS20_Training_201,0.15668653,0.0909622,0.3595089,0.3595089,0.20238588253657022
HG_BraTS20_Training_211,0.10645958,0.06923158,0.2869919,0.2869919,0.15422768394152322
HG_BraTS20_Training_212,0.21319085,0.17762385,0.28149557,0.28149557,0.22410343090693155
HG_BraTS20_Training_226,0.13144124,0.1031017,0.5623964,0.5623964,0.26564645767211914
HG_BraTS20_Training_232,0.092723705,0.03305808,0.10991669,0.10991669,0.07856615881125133
HG_BraTS20_Training_241,0.16085804,0.098044455,0.36226654,0.36226654,0.20705634355545044
HG_BraTS20_Training_245,0.21669655,0.12715386,0.3665237,0.3665237,0.23679137229919434
HG_BraTS20_Training_246,0.14099915,0.094404034,0.4173273,0.4173273,0.21757682164510092
HG_BraTS20_Training_336,0.16750605,0.13759147,0.24654838,0.24654838,0.18388195832570395
HG_BraTS20_Training_338,0.22538489,0.16935296,0.45922887,0.45922887,0.2846555709838867
HG_BraTS20_Training_344,0.08079908,0.037154905,0.12782978,0.12782978,0.08192792038122813
HG_BraTS20_Training_352,0.028608494,0.019737793,0.047971185,0.047971185,0.032105823357899986
LG_BraTS20_Training_262,0.03885826,0.005477519,3.0862292e-13,3.0862292e-13,0.014778592934211096
LG_BraTS20_Training_275,0.032095615,0.00895481,2.5545394e-13,2.5545394e-13,0.01368347555398941
LG_BraTS20_Training_278,0.067083076,0.026165701,3.8665273e-13,3.8665273e-13,0.031082925697167713
LG_BraTS20_Training_283,0.035957538,0.017633237,0.03685467,0.03685467,0.030148481329282124
LG_BraTS20_Training_291,0.10312199,0.04887129,0.0010628296,0.0010628296,0.05101870000362396
LG_BraTS20_Training_292,0.13407263,0.113992885,0.0635525,0.0635525,0.10387267669041951
LG_BraTS20_Training_294,0.06357317,0.031005347,2.9169828e-13,2.9169828e-13,0.031526170670986176
LG_BraTS20_Training_297,0.028904451,0.010770831,3.0247118e-13,3.0247118e-13,0.013225093483924866
LG_BraTS20_Training_310,0.07651566,0.053147137,3.2536197e-13,3.2536197e-13,0.043220932284990944
LG_BraTS20_Training_324,0.019969465,0.0080356905,2.4589963e-13,2.4589963e-13,0.009335052222013474
t1cet2
HG_BraTS20_Training_010,0.09388807,0.021875812,0.17488201,0.17488201,0.09688196579615276
HG_BraTS20_Training_012,0.06343967,0.018674271,0.13641618,0.13641618,0.07284337282180786
HG_BraTS20_Training_020,0.31860402,0.2336657,0.19803056,0.19803056,0.2501000960667928
HG_BraTS20_Training_070,0.12645045,0.07763476,0.14729613,0.14729613,0.11712711056073506
HG_BraTS20_Training_089,0.25881255,0.049320873,0.3111418,0.3111418,0.20642507076263428
HG_BraTS20_Training_119,0.073140725,0.022699844,0.07243741,0.07243741,0.05609265963236491
HG_BraTS20_Training_124,0.39761707,0.23274568,0.31720546,0.31720546,0.3158560593922933
HG_BraTS20_Training_128,0.08055942,0.0014261316,0.012613976,0.012613976,0.031533174216747284
HG_BraTS20_Training_134,0.17058256,0.122619964,0.11332923,0.11332923,0.13551058371861777
HG_BraTS20_Training_140,0.319142,0.15116215,0.2833043,0.2833043,0.2512028217315674
HG_BraTS20_Training_150,0.38357908,0.18127385,0.5434678,0.5434678,0.369440237681071
HG_BraTS20_Training_180,0.27520174,0.18010184,0.45412406,0.45412406,0.3031425476074219
HG_BraTS20_Training_188,0.13095622,0.02813732,0.17603263,0.17603263,0.11170872052510579
HG_BraTS20_Training_191,0.30627978,0.2264959,0.4919464,0.4919464,0.3415740331013997
HG_BraTS20_Training_201,0.28442398,0.102883,0.29334697,0.29334697,0.22688464323679605
HG_BraTS20_Training_211,0.1643677,0.075547345,0.24822894,0.24822894,0.1627146601676941
HG_BraTS20_Training_212,0.3338705,0.23165463,0.25431016,0.25431016,0.2732784350713094
HG_BraTS20_Training_226,0.17572385,0.13946983,0.46629074,0.46629074,0.2604948083559672
HG_BraTS20_Training_232,0.18271075,0.041613232,0.13740434,0.13740434,0.12057610352834065
HG_BraTS20_Training_241,0.32787344,0.11080373,0.2659792,0.2659792,0.23488545417785645
HG_BraTS20_Training_245,0.30624193,0.18653381,0.34775898,0.34775898,0.2801782290140788
HG_BraTS20_Training_246,0.17270999,0.14233804,0.39494556,0.39494556,0.2366645336151123
HG_BraTS20_Training_336,0.23013479,0.1770974,0.28147393,0.28147393,0.22956869999567667
HG_BraTS20_Training_338,0.31656718,0.18052396,0.46670148,0.46670148,0.32126420736312866
HG_BraTS20_Training_344,0.15931474,0.042729013,0.11569203,0.11569203,0.1059119204680125
HG_BraTS20_Training_352,0.108748406,0.02402694,0.15943173,0.15943173,0.09740235408147176
LG_BraTS20_Training_262,0.13734873,0.015526724,2.3355756e-13,2.3355756e-13,0.050958484411239624
LG_BraTS20_Training_275,0.072273485,0.018798491,2.4300156e-13,2.4300156e-13,0.030357326070467632
LG_BraTS20_Training_278,0.21476422,0.092163205,2.5370407e-13,2.5370407e-13,0.1023091475168864
LG_BraTS20_Training_283,0.10576284,0.02788277,0.31373194,0.31373194,0.14912585417429605
LG_BraTS20_Training_291,0.35608354,0.13783129,0.0017510579,0.0017510579,0.16522196928660074
LG_BraTS20_Training_292,0.17887549,0.12647937,0.052182697,0.052182697,0.11917918920516968
LG_BraTS20_Training_294,0.15707009,0.06986001,2.4567007e-13,2.4567007e-13,0.07564336558183034
LG_BraTS20_Training_297,0.12976764,0.056036163,2.1207108e-13,2.1207108e-13,0.061934600273768105
LG_BraTS20_Training_310,0.21048225,0.14354526,1.9147917e-13,1.9147917e-13,0.11800916989644368
LG_BraTS20_Training_324,0.108041294,0.03892889,2.3730424e-13,2.3730424e-13,0.048990060885747276
flair
HG_BraTS20_Training_010,0.09561769,0.009658966,0.026582763,0.026582763,0.043953140576680504
HG_BraTS20_Training_012,0.06492584,0.018150728,0.008481153,0.008481153,0.030519239604473114
HG_BraTS20_Training_020,0.29722145,0.19521014,0.05049781,0.05049781,0.18097647031148276
HG_BraTS20_Training_070,0.09920234,0.034174517,0.005133291,0.005133291,0.04617005089918772
HG_BraTS20_Training_089,0.22468089,0.021392988,0.005903086,0.005903086,0.08399232228597005
HG_BraTS20_Training_119,0.070766754,0.016577533,0.042068526,0.042068526,0.04313760499159495
HG_BraTS20_Training_124,0.32561913,0.15376496,0.02948385,0.02948385,0.1696226398150126
HG_BraTS20_Training_128,0.073018625,0.0017729633,0.001814882,0.001814882,0.025535489122072857
HG_BraTS20_Training_134,0.12815766,0.062308714,0.03301404,0.03301404,0.0744934727748235
HG_BraTS20_Training_140,0.24475363,0.07391512,0.00025016261,0.00025016261,0.10630630453427632
HG_BraTS20_Training_150,0.314436,0.093317725,0.0073280623,0.0073280623,0.13836058974266052
HG_BraTS20_Training_180,0.283695,0.14305292,0.049703676,0.049703676,0.15881720185279846
HG_BraTS20_Training_188,0.14218266,0.023521138,0.0013034623,0.0013034623,0.05566908915837606
HG_BraTS20_Training_191,0.27706218,0.15089315,0.0055169715,0.0055169715,0.14449076851209006
HG_BraTS20_Training_201,0.25380415,0.061507136,0.0054984693,0.0054984693,0.10693658391634624
HG_BraTS20_Training_211,0.15709919,0.060987473,0.004020147,0.004020147,0.07403560479482015
HG_BraTS20_Training_212,0.22531635,0.06888756,0.001443808,0.001443808,0.09854923685391744
HG_BraTS20_Training_226,0.116000995,0.049497776,0.013980948,0.013980948,0.05982657273610433
HG_BraTS20_Training_232,0.18079346,0.03285539,0.0059167277,0.0059167277,0.07318852841854095
HG_BraTS20_Training_241,0.2988687,0.0712893,0.00886675,0.00886675,0.1263415813446045
HG_BraTS20_Training_245,0.30888295,0.18232772,0.06417011,0.06417011,0.18512692054112753
HG_BraTS20_Training_246,0.16973387,0.097583026,0.016878081,0.016878081,0.09473164876302083
HG_BraTS20_Training_336,0.19185548,0.09020643,0.009700988,0.009700988,0.09725429614384969
HG_BraTS20_Training_338,0.30175084,0.14110278,0.0187856,0.0187856,0.15387974182764688
HG_BraTS20_Training_344,0.14969917,0.045328606,0.013755673,0.013755673,0.06959448258082072
HG_BraTS20_Training_352,0.08545066,0.008972103,0.02690583,0.02690583,0.04044286161661148
LG_BraTS20_Training_262,0.12676303,0.0030096632,6.579813e-13,6.579813e-13,0.043257564306259155
LG_BraTS20_Training_275,0.06684754,0.0038977459,4.796163e-13,4.796163e-13,0.02358176310857137
LG_BraTS20_Training_278,0.20945157,0.05967324,7.568304e-13,7.568304e-13,0.08970826864242554
LG_BraTS20_Training_283,0.09992651,0.01884299,0.0029723705,0.0029723705,0.0405806228518486
LG_BraTS20_Training_291,0.3178656,0.096166775,7.2369373e-13,7.2369373e-13,0.13801079988479614
LG_BraTS20_Training_292,0.14879337,0.07583022,0.0013207858,0.0013207858,0.07531479001045227
LG_BraTS20_Training_294,0.14477067,0.053390913,3.9710905e-13,3.9710905e-13,0.06605385740598042
LG_BraTS20_Training_297,0.11908124,0.024661923,5.766015e-13,5.766015e-13,0.04791438579559326
LG_BraTS20_Training_310,0.266321,0.12715241,3.2647732e-13,3.2647732e-13,0.13115780552228293
LG_BraTS20_Training_324,0.12441653,0.077802725,5.6541897e-13,5.6541897e-13,0.06740641593933105
t1
HG_BraTS20_Training_010,0.033113055,0.010408018,0.07264631,0.07264631,0.03872246046861013
HG_BraTS20_Training_012,0.030139143,0.010673392,0.018989746,0.018989746,0.019934092958768208
HG_BraTS20_Training_020,0.10803821,0.0602242,0.04620446,0.04620446,0.07148895661036174
HG_BraTS20_Training_070,0.04307712,0.020251986,0.031647332,0.031647332,0.03165881087382635
HG_BraTS20_Training_089,0.09590518,0.009183425,0.093260646,0.093260646,0.06611641744772594
HG_BraTS20_Training_119,0.030692883,0.015130181,0.011750263,0.011750263,0.019191108644008636
HG_BraTS20_Training_124,0.15910517,0.082943834,0.050341457,0.050341457,0.09746348857879639
HG_BraTS20_Training_128,0.021025965,0.000435541,0.00040330712,0.00040330712,0.007288270940383275
HG_BraTS20_Training_134,0.048685998,0.041871835,0.0046764323,0.0046764323,0.031744753321011863
HG_BraTS20_Training_140,0.13602884,0.08085129,0.026888562,0.026888562,0.08125623067220052
HG_BraTS20_Training_150,0.1298809,0.013510681,0.0012162984,0.0012162984,0.04820262392361959
HG_BraTS20_Training_180,0.078757755,0.021402555,0.0058415774,0.0058415774,0.03533396124839783
HG_BraTS20_Training_188,0.044834543,0.006124072,0.023107758,0.023107758,0.02468879024187724
HG_BraTS20_Training_191,0.13310458,0.0063238177,0.00078814285,0.00078814285,0.04673884312311808
HG_BraTS20_Training_201,0.09475641,0.0029831892,0.00232164,0.00232164,0.03335374593734741
HG_BraTS20_Training_211,0.063697636,0.03457738,0.048525624,0.048525624,0.04893354574839274
HG_BraTS20_Training_212,0.13581556,0.09060694,0.005223637,0.005223637,0.07721537848313649
HG_BraTS20_Training_226,0.050343458,0.026003243,0.00034125618,0.00034125618,0.02556265393892924
HG_BraTS20_Training_232,0.029248733,0.0067934934,0.0024035573,0.0024035573,0.012815261880556742
HG_BraTS20_Training_241,0.1296257,0.015331935,0.004310671,0.004310671,0.049756099780400596
HG_BraTS20_Training_245,0.12008571,0.040483736,0.0033883168,0.0033883168,0.054652586579322815
HG_BraTS20_Training_246,0.05770925,0.0157253,0.0018869766,0.0018869766,0.02510717511177063
HG_BraTS20_Training_336,0.112992644,0.096945286,0.028645834,0.028645834,0.0795279194911321
HG_BraTS20_Training_338,0.07766428,0.01878473,0.005331892,0.005331892,0.03392696628967921
HG_BraTS20_Training_344,0.09486023,0.03256094,0.022026977,0.022026977,0.049816047151883446
HG_BraTS20_Training_352,0.016713101,0.00659684,0.00029949087,0.00029949087,0.007869811107714971
LG_BraTS20_Training_262,0.047347058,0.0014994339,7.609771e-13,7.609771e-13,0.016282163560390472
LG_BraTS20_Training_275,0.015723914,0.00055161293,1.2365525e-12,1.2365525e-12,0.005425175651907921
LG_BraTS20_Training_278,0.05492092,0.015716009,2.3255814e-12,2.3255814e-12,0.023545642693837483
LG_BraTS20_Training_283,0.014770524,0.0019508618,0.00014794541,0.00014794541,0.005623110259572665
LG_BraTS20_Training_291,0.0944069,0.047653772,8.267879e-13,8.267879e-13,0.04735355575879415
LG_BraTS20_Training_292,0.099622905,0.08775271,0.06657913,0.06657913,0.08465157945950826
LG_BraTS20_Training_294,0.053473666,0.020456553,1.2377769e-12,1.2377769e-12,0.02464340627193451
LG_BraTS20_Training_297,0.033152476,0.022758301,6.039377e-13,6.039377e-13,0.018636925766865414
LG_BraTS20_Training_310,0.096852556,0.054817617,3.4258308e-12,3.4258308e-12,0.05055672427018484
LG_BraTS20_Training_324,0.021274645,0.005177416,9.833809e-13,9.833809e-13,0.008817353596289953
t1c
HG_BraTS20_Training_010,0.02955264,0.019248204,0.076428,0.076428,0.041742950677871704
HG_BraTS20_Training_012,0.05033879,0.01846609,0.052795056,0.052795056,0.040533314148585
HG_BraTS20_Training_020,0.17744364,0.16199817,0.09119108,0.09119108,0.14354429642359415
HG_BraTS20_Training_070,0.07176763,0.05741064,0.10047455,0.10047455,0.07655094067255656
HG_BraTS20_Training_089,0.07212398,0.040600132,0.17109339,0.17109339,0.09460583329200745
HG_BraTS20_Training_119,0.039819196,0.020703983,0.03783312,0.03783312,0.03278543303410212
HG_BraTS20_Training_124,0.29303116,0.222301,0.21570037,0.21570037,0.24367751677831015
HG_BraTS20_Training_128,0.03250092,0.002269431,0.0048794053,0.0048794053,0.013216584920883179
HG_BraTS20_Training_134,0.11862056,0.093570955,0.07676753,0.07676753,0.09631968537966411
HG_BraTS20_Training_140,0.18202147,0.15035817,0.13235784,0.13235784,0.15491249163945517
HG_BraTS20_Training_150,0.22076544,0.17442012,0.49632567,0.49632567,0.29717040061950684
HG_BraTS20_Training_180,0.20977123,0.173713,0.3806625,0.3806625,0.25471558173497516
HG_BraTS20_Training_188,0.06815107,0.02256547,0.06232677,0.06232677,0.05101443827152252
HG_BraTS20_Training_191,0.27581602,0.2314391,0.44494337,0.44494337,0.3173995018005371
HG_BraTS20_Training_201,0.1794281,0.09715156,0.23454787,0.23454787,0.1703758438428243
HG_BraTS20_Training_211,0.0987797,0.072072245,0.13036676,0.13036676,0.1004062294960022
HG_BraTS20_Training_212,0.2321108,0.1872846,0.17376894,0.17376894,0.19772144158681235
HG_BraTS20_Training_226,0.13215293,0.10373222,0.35301676,0.35301676,0.19630062580108643
HG_BraTS20_Training_232,0.1211157,0.039345503,0.1087624,0.1087624,0.08974120020866394
HG_BraTS20_Training_241,0.1329328,0.109908834,0.26823482,0.26823482,0.17035881678263345
HG_BraTS20_Training_245,0.20996828,0.14713211,0.45156813,0.45156813,0.2695561647415161
HG_BraTS20_Training_246,0.122188486,0.098053224,0.24776524,0.24776524,0.15600232283274332
HG_BraTS20_Training_336,0.18537045,0.13966459,0.2069489,0.2069489,0.1773279905319214
HG_BraTS20_Training_338,0.23680745,0.19030249,0.36493835,0.36493835,0.2640161116917928
HG_BraTS20_Training_344,0.034922626,0.024957828,0.033553366,0.033553366,0.031144606570402782
HG_BraTS20_Training_352,0.040071487,0.023263717,0.04956085,0.04956085,0.03763201832771301
LG_BraTS20_Training_262,0.018465737,0.00043278886,1.0656436e-13,1.0656436e-13,0.006299508735537529
LG_BraTS20_Training_275,0.047450542,0.017573217,1.1785364e-13,1.1785364e-13,0.0216745858391126
LG_BraTS20_Training_278,0.034039237,0.016091047,1.08421064e-13,1.08421064e-13,0.01671009510755539
LG_BraTS20_Training_283,0.04451352,0.0178439,0.07545492,0.07545492,0.04593744874000549
LG_BraTS20_Training_291,0.037980143,0.001178727,0.0001330849,0.0001330849,0.013097318510214487
LG_BraTS20_Training_292,0.06508421,0.03460268,0.014212771,0.014212771,0.037966554363568626
LG_BraTS20_Training_294,0.021409195,0.0069875326,8.645658e-14,8.645658e-14,0.0094655758390824
LG_BraTS20_Training_297,0.03344351,0.008644652,8.961457e-14,8.961457e-14,0.014029387384653091
LG_BraTS20_Training_310,0.0332845,0.01658864,7.4515094e-14,7.4515094e-14,0.01662437990307808
LG_BraTS20_Training_324,0.020641765,0.013585449,1.0457516e-13,1.0457516e-13,0.011409071584542593
t2
HG_BraTS20_Training_010,0.108018614,0.020836616,0.06827828,0.06827828,0.06571117043495178
HG_BraTS20_Training_012,0.0653162,0.019661186,0.15312259,0.15312259,0.07936665912469228
HG_BraTS20_Training_020,0.35407063,0.24969906,0.12249913,0.12249913,0.24208958943684897
HG_BraTS20_Training_070,0.12766331,0.069386736,0.059546676,0.059546676,0.08553223808606465
HG_BraTS20_Training_089,0.31319225,0.05666867,0.14208873,0.14208873,0.17064988613128662
HG_BraTS20_Training_119,0.07950104,0.023537962,0.040967647,0.040967647,0.04800221820672353
HG_BraTS20_Training_124,0.3973856,0.22173108,0.09124233,0.09124233,0.23678632577260336
HG_BraTS20_Training_128,0.08215599,0.0010438998,0.0069426647,0.0069426647,0.03004751851161321
HG_BraTS20_Training_134,0.16368708,0.11372682,0.062341403,0.062341403,0.1132517655690511
HG_BraTS20_Training_140,0.3173596,0.13817848,0.07703013,0.07703013,0.17752273877461752
HG_BraTS20_Training_150,0.40185767,0.11714303,0.032639943,0.032639943,0.18388020992279053
HG_BraTS20_Training_180,0.28926468,0.1673016,0.081485584,0.081485584,0.1793506145477295
HG_BraTS20_Training_188,0.14014407,0.025704322,0.07099173,0.07099173,0.07894670963287354
HG_BraTS20_Training_191,0.32441914,0.21731408,0.11500371,0.11500371,0.2189123034477234
HG_BraTS20_Training_201,0.30629307,0.09219486,0.06302049,0.06302049,0.15383614102999368
HG_BraTS20_Training_211,0.1684919,0.055000894,0.04694261,0.04694261,0.09014514088630676
HG_BraTS20_Training_212,0.33702093,0.20551042,0.06989809,0.06989809,0.2041431466738383
HG_BraTS20_Training_226,0.20782503,0.17436661,0.15920171,0.15920171,0.18046446641286215
HG_BraTS20_Training_232,0.18963592,0.040572774,0.02104288,0.02104288,0.08375052611033122
HG_BraTS20_Training_241,0.3662687,0.097810104,0.08274314,0.08274314,0.1822739839553833
HG_BraTS20_Training_245,0.35400242,0.22128564,0.09643556,0.09643556,0.2239078680674235
HG_BraTS20_Training_246,0.17135301,0.14209023,0.025738778,0.025738778,0.1130606730779012
HG_BraTS20_Training_336,0.22266974,0.16821502,0.14070973,0.14070973,0.17719817161560059
HG_BraTS20_Training_338,0.34228966,0.16642216,0.19496693,0.19496693,0.23455957571665445
HG_BraTS20_Training_344,0.18381563,0.055514254,0.04152768,0.04152768,0.09361918767293294
HG_BraTS20_Training_352,0.10607019,0.023262901,0.06954162,0.06954162,0.06629157066345215
LG_BraTS20_Training_262,0.1383729,0.014963209,3.7718767e-13,3.7718767e-13,0.05111203591028849
LG_BraTS20_Training_275,0.069493905,0.014280425,4.671369e-13,4.671369e-13,0.027924776077270508
LG_BraTS20_Training_278,0.24295701,0.12777647,4.9363215e-13,4.9363215e-13,0.12357783317565918
LG_BraTS20_Training_283,0.10533157,0.020784182,0.04416761,0.04416761,0.056761120756467186
LG_BraTS20_Training_291,0.3985145,0.1491879,0.0015339981,0.0015339981,0.18307880560557047
LG_BraTS20_Training_292,0.18284282,0.14062347,0.018840404,0.018840404,0.11410223444302876
LG_BraTS20_Training_294,0.16917044,0.08622431,4.0945012e-13,4.0945012e-13,0.08513158559799194
LG_BraTS20_Training_297,0.15742412,0.070975095,7.267442e-13,7.267442e-13,0.07613307237625122
LG_BraTS20_Training_310,0.26737255,0.18323354,4.752852e-13,4.752852e-13,0.15020203590393066
LG_BraTS20_Training_324,0.11176856,0.07083823,2.3904002e-13,2.3904002e-13,0.060868928829828896
